layer,ticker,filing_type,section,topic,current_date,prior_date,prior_block_id,flagged,reason,peer_ticker,peer_rank,peer_distance,target_date,peer_date,current_block_id,target_block_id,peer_block_id
disappeared_topic,ALOT,10-Q,Risk Factors,revenue_future_performance,2025-09-09,2025-06-06,01ed0e9a2ee189fd,True,Topic 'revenue_future_performance' in Risk Factors was present in 2025-06-06 filing but absent in 2025-09-09.,,,,2025-09-09,,,,
disappeared_topic,TTC,10-Q,MD&A,human_capital,2025-09-04,2025-06-05,37e67ddbe92ad895,True,Topic 'human_capital' in MD&A was present in 2025-06-05 filing but absent in 2025-09-04.,,,,2025-09-04,,,,
disappeared_topic,HPE,10-Q,Risk Factors,accounting_audit,2025-09-04,2025-06-04,59c7ec1e206b3f2c,True,Topic 'accounting_audit' in Risk Factors was present in 2025-06-04 filing but absent in 2025-09-04.,,,,2025-09-04,,,,
disappeared_topic,HPE,10-Q,Risk Factors,cost_margin_pressure,2025-09-04,2025-06-04,6eac97a6edf3972d,True,Topic 'cost_margin_pressure' in Risk Factors was present in 2025-06-04 filing but absent in 2025-09-04.,,,,2025-09-04,,,,
disappeared_topic,HPE,10-Q,Risk Factors,debt_financing,2025-09-04,2025-06-04,76cb53ae6adb4bdc,True,Topic 'debt_financing' in Risk Factors was present in 2025-06-04 filing but absent in 2025-09-04.,,,,2025-09-04,,,,
disappeared_topic,HPE,10-Q,Risk Factors,financial_sustainability,2025-09-04,2025-06-04,292e23e5d582a239,True,Topic 'financial_sustainability' in Risk Factors was present in 2025-06-04 filing but absent in 2025-09-04.,,,,2025-09-04,,,,
disappeared_topic,HPE,10-Q,Risk Factors,geopolitical_macro,2025-09-04,2025-06-04,d5eeafb15683bb3a,True,Topic 'geopolitical_macro' in Risk Factors was present in 2025-06-04 filing but absent in 2025-09-04.,,,,2025-09-04,,,,
disappeared_topic,HPE,10-Q,Risk Factors,human_capital,2025-09-04,2025-06-04,9d101abea45e9ba5,True,Topic 'human_capital' in Risk Factors was present in 2025-06-04 filing but absent in 2025-09-04.,,,,2025-09-04,,,,
disappeared_topic,HPE,10-Q,Risk Factors,liquidity_solvency,2025-09-04,2025-06-04,a19175902153fa16,True,Topic 'liquidity_solvency' in Risk Factors was present in 2025-06-04 filing but absent in 2025-09-04.,,,,2025-09-04,,,,
disappeared_topic,HPE,10-Q,Risk Factors,operational_product,2025-09-04,2025-06-04,1a56f345cf4c1740,True,Topic 'operational_product' in Risk Factors was present in 2025-06-04 filing but absent in 2025-09-04.,,,,2025-09-04,,,,
disappeared_topic,HPE,10-Q,Risk Factors,regulatory_legal,2025-09-04,2025-06-04,54fdb9872f04b3a7,True,Topic 'regulatory_legal' in Risk Factors was present in 2025-06-04 filing but absent in 2025-09-04.,,,,2025-09-04,,,,
disappeared_topic,HPE,10-Q,Risk Factors,revenue_future_performance,2025-09-04,2025-06-04,34579d51232d282b,True,Topic 'revenue_future_performance' in Risk Factors was present in 2025-06-04 filing but absent in 2025-09-04.,,,,2025-09-04,,,,
disappeared_topic,HPE,10-Q,Risk Factors,supply_chain,2025-09-04,2025-06-04,90dcd3b1845ce756,True,Topic 'supply_chain' in Risk Factors was present in 2025-06-04 filing but absent in 2025-09-04.,,,,2025-09-04,,,,
disappeared_topic,DE,10-Q,MD&A,operational_product,2025-08-28,2025-05-29,e4782373ff791251,True,Topic 'operational_product' in MD&A was present in 2025-05-29 filing but absent in 2025-08-28.,,,,2025-08-28,,,,
disappeared_topic,DE,10-Q,MD&A,supply_chain,2025-08-28,2025-05-29,c2cd016989508745,True,Topic 'supply_chain' in MD&A was present in 2025-05-29 filing but absent in 2025-08-28.,,,,2025-08-28,,,,
disappeared_topic,NDSN,10-Q,MD&A,financial_sustainability,2025-08-21,2025-05-29,08ca6d8f578aa72b,True,Topic 'financial_sustainability' in MD&A was present in 2025-05-29 filing but absent in 2025-08-21.,,,,2025-08-21,,,,
disappeared_topic,POWW,10-Q,MD&A,supply_chain,2025-08-08,2025-05-20,ccbb493df31c3857,True,Topic 'supply_chain' in MD&A was present in 2025-05-20 filing but absent in 2025-08-08.,,,,2025-08-08,,,,
disappeared_topic,POWW,10-Q,Risk Factors,financial_sustainability,2025-08-08,2025-05-20,4bfeb7edffb52766,True,Topic 'financial_sustainability' in Risk Factors was present in 2025-05-20 filing but absent in 2025-08-08.,,,,2025-08-08,,,,
disappeared_topic,POWW,10-Q,Risk Factors,liquidity_solvency,2025-08-08,2025-05-20,210fb5ecd459ddbd,True,Topic 'liquidity_solvency' in Risk Factors was present in 2025-05-20 filing but absent in 2025-08-08.,,,,2025-08-08,,,,
disappeared_topic,POWW,10-Q,Risk Factors,operational_product,2025-08-08,2025-05-20,6749ab2ecf5b2020,True,Topic 'operational_product' in Risk Factors was present in 2025-05-20 filing but absent in 2025-08-08.,,,,2025-08-08,,,,
disappeared_topic,GTEC,10-Q,Risk Factors,accounting_audit,2025-08-13,2025-05-15,f4b4f86800700071,True,Topic 'accounting_audit' in Risk Factors was present in 2025-05-15 filing but absent in 2025-08-13.,,,,2025-08-13,,,,
disappeared_topic,LIQT,10-Q,MD&A,regulatory_legal,2025-08-13,2025-05-14,2df54aafd93e1b78,True,Topic 'regulatory_legal' in MD&A was present in 2025-05-14 filing but absent in 2025-08-13.,,,,2025-08-13,,,,
disappeared_topic,KITT,10-Q,MD&A,supply_chain,2025-08-11,2025-05-14,f8fba610bdcc9133,True,Topic 'supply_chain' in MD&A was present in 2025-05-14 filing but absent in 2025-08-11.,,,,2025-08-11,,,,
disappeared_topic,KITT,10-Q,Risk Factors,supply_chain,2025-08-11,2025-05-14,5727ffadd7a940e2,True,Topic 'supply_chain' in Risk Factors was present in 2025-05-14 filing but absent in 2025-08-11.,,,,2025-08-11,,,,
disappeared_topic,RR,10-Q,MD&A,cybersecurity_technology,2025-08-11,2025-05-14,57beae0c71f06426,True,Topic 'cybersecurity_technology' in MD&A was present in 2025-05-14 filing but absent in 2025-08-11.,,,,2025-08-11,,,,
disappeared_topic,RR,10-Q,Risk Factors,cost_margin_pressure,2025-08-11,2025-05-14,5fb4813b327731ed,True,Topic 'cost_margin_pressure' in Risk Factors was present in 2025-05-14 filing but absent in 2025-08-11.,,,,2025-08-11,,,,
disappeared_topic,RR,10-Q,Risk Factors,geopolitical_macro,2025-08-11,2025-05-14,06991681fff8a324,True,Topic 'geopolitical_macro' in Risk Factors was present in 2025-05-14 filing but absent in 2025-08-11.,,,,2025-08-11,,,,
disappeared_topic,RR,10-Q,Risk Factors,supply_chain,2025-08-11,2025-05-14,4c0a1ef4a8b87d39,True,Topic 'supply_chain' in Risk Factors was present in 2025-05-14 filing but absent in 2025-08-11.,,,,2025-08-11,,,,
disappeared_topic,TGEN,10-Q,Risk Factors,cost_margin_pressure,2025-08-13,2025-05-13,0e625f59500942c7,True,Topic 'cost_margin_pressure' in Risk Factors was present in 2025-05-13 filing but absent in 2025-08-13.,,,,2025-08-13,,,,
disappeared_topic,CVV,10-Q,MD&A,debt_financing,2025-08-12,2025-05-13,65d34c2a4c52d985,True,Topic 'debt_financing' in MD&A was present in 2025-05-13 filing but absent in 2025-08-12.,,,,2025-08-12,,,,
disappeared_topic,AP,10-Q,MD&A,supply_chain,2025-08-12,2025-05-12,dee488362211e650,True,Topic 'supply_chain' in MD&A was present in 2025-05-12 filing but absent in 2025-08-12.,,,,2025-08-12,,,,
disappeared_topic,SMR,10-Q,MD&A,operational_product,2025-08-07,2025-05-12,bf69e6ccb3473a43,True,Topic 'operational_product' in MD&A was present in 2025-05-12 filing but absent in 2025-08-07.,,,,2025-08-07,,,,
disappeared_topic,SMR,10-Q,MD&A,supply_chain,2025-08-07,2025-05-12,72cf4f28d68871e2,True,Topic 'supply_chain' in MD&A was present in 2025-05-12 filing but absent in 2025-08-07.,,,,2025-08-07,,,,
disappeared_topic,SMR,10-Q,Risk Factors,human_capital,2025-08-07,2025-05-12,07a780254897678a,True,Topic 'human_capital' in Risk Factors was present in 2025-05-12 filing but absent in 2025-08-07.,,,,2025-08-07,,,,
disappeared_topic,ASYS,10-Q,MD&A,regulatory_legal,2025-08-06,2025-05-12,39604b78adf4a588,True,Topic 'regulatory_legal' in MD&A was present in 2025-05-12 filing but absent in 2025-08-06.,,,,2025-08-06,,,,
disappeared_topic,ASYS,10-Q,Risk Factors,cost_margin_pressure,2025-08-06,2025-05-12,7bdfd0a702e6f505,True,Topic 'cost_margin_pressure' in Risk Factors was present in 2025-05-12 filing but absent in 2025-08-06.,,,,2025-08-06,,,,
disappeared_topic,AZTA,10-Q,Risk Factors,supply_chain,2025-08-06,2025-05-09,a90200d04cdbd8dc,True,Topic 'supply_chain' in Risk Factors was present in 2025-05-09 filing but absent in 2025-08-06.,,,,2025-08-06,,,,
disappeared_topic,OUST,10-Q,MD&A,cybersecurity_technology,2025-08-11,2025-05-09,0951a6470da4fbf8,True,Topic 'cybersecurity_technology' in MD&A was present in 2025-05-09 filing but absent in 2025-08-11.,,,,2025-08-11,,,,
disappeared_topic,SCKT,10-Q,MD&A,human_capital,2025-08-14,2025-05-08,1ba933a3d8489f28,True,Topic 'human_capital' in MD&A was present in 2025-05-08 filing but absent in 2025-08-14.,,,,2025-08-14,,,,
disappeared_topic,CW,10-Q,MD&A,operational_product,2025-08-07,2025-05-08,5fc339dbf89603e9,True,Topic 'operational_product' in MD&A was present in 2025-05-08 filing but absent in 2025-08-07.,,,,2025-08-07,,,,
disappeared_topic,CW,10-Q,MD&A,regulatory_legal,2025-08-07,2025-05-08,f9cda30ef6edbd6a,True,Topic 'regulatory_legal' in MD&A was present in 2025-05-08 filing but absent in 2025-08-07.,,,,2025-08-07,,,,
disappeared_topic,WTS,10-Q,MD&A,cybersecurity_technology,2025-08-07,2025-05-08,1d615d64f25be20e,True,Topic 'cybersecurity_technology' in MD&A was present in 2025-05-08 filing but absent in 2025-08-07.,,,,2025-08-07,,,,
disappeared_topic,VYX,10-Q,MD&A,human_capital,2025-08-07,2025-05-08,da3de9ed520b4f89,True,Topic 'human_capital' in MD&A was present in 2025-05-08 filing but absent in 2025-08-07.,,,,2025-08-07,,,,
disappeared_topic,MIDD,10-Q,MD&A,operational_product,2025-08-07,2025-05-08,f40e42bc9834478e,True,Topic 'operational_product' in MD&A was present in 2025-05-08 filing but absent in 2025-08-07.,,,,2025-08-07,,,,
disappeared_topic,MITK,10-Q,MD&A,supply_chain,2025-08-07,2025-05-08,03f559c17529377f,True,Topic 'supply_chain' in MD&A was present in 2025-05-08 filing but absent in 2025-08-07.,,,,2025-08-07,,,,
disappeared_topic,NATL,10-Q,Risk Factors,operational_product,2025-08-07,2025-05-08,c050490a50ca2ae9,True,Topic 'operational_product' in Risk Factors was present in 2025-05-08 filing but absent in 2025-08-07.,,,,2025-08-07,,,,
disappeared_topic,NATL,10-Q,Risk Factors,supply_chain,2025-08-07,2025-05-08,3f28a271b38cd5c2,True,Topic 'supply_chain' in Risk Factors was present in 2025-05-08 filing but absent in 2025-08-07.,,,,2025-08-07,,,,
disappeared_topic,ALG,10-Q,MD&A,human_capital,2025-08-06,2025-05-08,602e47da690a26f7,True,Topic 'human_capital' in MD&A was present in 2025-05-08 filing but absent in 2025-08-06.,,,,2025-08-06,,,,
disappeared_topic,GFF,10-Q,MD&A,operational_product,2025-08-06,2025-05-08,2b90450db029f816,True,Topic 'operational_product' in MD&A was present in 2025-05-08 filing but absent in 2025-08-06.,,,,2025-08-06,,,,
disappeared_topic,GFF,10-Q,Risk Factors,cost_margin_pressure,2025-08-06,2025-05-08,c4ec58946fc00150,True,Topic 'cost_margin_pressure' in Risk Factors was present in 2025-05-08 filing but absent in 2025-08-06.,,,,2025-08-06,,,,
disappeared_topic,GFF,10-Q,Risk Factors,regulatory_legal,2025-08-06,2025-05-08,28c508a475a01406,True,Topic 'regulatory_legal' in Risk Factors was present in 2025-05-08 filing but absent in 2025-08-06.,,,,2025-08-06,,,,
disappeared_topic,GFF,10-Q,Risk Factors,revenue_future_performance,2025-08-06,2025-05-08,fd693b2b620366dc,True,Topic 'revenue_future_performance' in Risk Factors was present in 2025-05-08 filing but absent in 2025-08-06.,,,,2025-08-06,,,,
disappeared_topic,SEI,10-Q,Risk Factors,operational_product,2025-08-01,2025-05-07,aad7e4020cc95733,True,Topic 'operational_product' in Risk Factors was present in 2025-05-07 filing but absent in 2025-08-01.,,,,2025-08-01,,,,
disappeared_topic,SEI,10-Q,Risk Factors,supply_chain,2025-08-01,2025-05-07,37dee6657f4a9591,True,Topic 'supply_chain' in Risk Factors was present in 2025-05-07 filing but absent in 2025-08-01.,,,,2025-08-01,,,,
disappeared_topic,CRSR,10-Q,MD&A,operational_product,2025-08-07,2025-05-07,9e93317774fd1ce7,True,Topic 'operational_product' in MD&A was present in 2025-05-07 filing but absent in 2025-08-07.,,,,2025-08-07,,,,
disappeared_topic,CRSR,10-Q,Risk Factors,cost_margin_pressure,2025-08-07,2025-05-07,34cb446be8680c21,True,Topic 'cost_margin_pressure' in Risk Factors was present in 2025-05-07 filing but absent in 2025-08-07.,,,,2025-08-07,,,,
disappeared_topic,CRSR,10-Q,Risk Factors,financial_sustainability,2025-08-07,2025-05-07,8d17d671ee613e64,True,Topic 'financial_sustainability' in Risk Factors was present in 2025-05-07 filing but absent in 2025-08-07.,,,,2025-08-07,,,,
disappeared_topic,CRSR,10-Q,Risk Factors,geopolitical_macro,2025-08-07,2025-05-07,c3e68f1d43cedf6b,True,Topic 'geopolitical_macro' in Risk Factors was present in 2025-05-07 filing but absent in 2025-08-07.,,,,2025-08-07,,,,
disappeared_topic,CRSR,10-Q,Risk Factors,operational_product,2025-08-07,2025-05-07,844d1390b054bef3,True,Topic 'operational_product' in Risk Factors was present in 2025-05-07 filing but absent in 2025-08-07.,,,,2025-08-07,,,,
disappeared_topic,CRSR,10-Q,Risk Factors,supply_chain,2025-08-07,2025-05-07,18c6fcee4f718232,True,Topic 'supply_chain' in Risk Factors was present in 2025-05-07 filing but absent in 2025-08-07.,,,,2025-08-07,,,,
disappeared_topic,NNBR,10-Q,MD&A,supply_chain,2025-08-07,2025-05-07,520a20b8cd93fba2,True,Topic 'supply_chain' in MD&A was present in 2025-05-07 filing but absent in 2025-08-07.,,,,2025-08-07,,,,
disappeared_topic,NNBR,10-Q,Risk Factors,supply_chain,2025-08-07,2025-05-07,4466133bf4ea3615,True,Topic 'supply_chain' in Risk Factors was present in 2025-05-07 filing but absent in 2025-08-07.,,,,2025-08-07,,,,
disappeared_topic,KAI,10-Q,MD&A,human_capital,2025-08-06,2025-05-07,c828b8a8157bb8c6,True,Topic 'human_capital' in MD&A was present in 2025-05-07 filing but absent in 2025-08-06.,,,,2025-08-06,,,,
disappeared_topic,SYM,10-Q,MD&A,regulatory_legal,2025-08-06,2025-05-07,4cc078313ed4c725,True,Topic 'regulatory_legal' in MD&A was present in 2025-05-07 filing but absent in 2025-08-06.,,,,2025-08-06,,,,
disappeared_topic,VECO,10-Q,Risk Factors,cost_margin_pressure,2025-08-06,2025-05-07,c758f90ff148f215,True,Topic 'cost_margin_pressure' in Risk Factors was present in 2025-05-07 filing but absent in 2025-08-06.,,,,2025-08-06,,,,
disappeared_topic,VECO,10-Q,Risk Factors,geopolitical_macro,2025-08-06,2025-05-07,7ecf22311f348f78,True,Topic 'geopolitical_macro' in Risk Factors was present in 2025-05-07 filing but absent in 2025-08-06.,,,,2025-08-06,,,,
disappeared_topic,VECO,10-Q,Risk Factors,revenue_future_performance,2025-08-06,2025-05-07,69cf19445bddd541,True,Topic 'revenue_future_performance' in Risk Factors was present in 2025-05-07 filing but absent in 2025-08-06.,,,,2025-08-06,,,,
disappeared_topic,CRCT,10-Q,Risk Factors,cost_margin_pressure,2025-08-06,2025-05-07,041f63922bf25ed2,True,Topic 'cost_margin_pressure' in Risk Factors was present in 2025-05-07 filing but absent in 2025-08-06.,,,,2025-08-06,,,,
disappeared_topic,CRCT,10-Q,Risk Factors,geopolitical_macro,2025-08-06,2025-05-07,672f249cb5f4fe32,True,Topic 'geopolitical_macro' in Risk Factors was present in 2025-05-07 filing but absent in 2025-08-06.,,,,2025-08-06,,,,
disappeared_topic,CRCT,10-Q,Risk Factors,human_capital,2025-08-06,2025-05-07,2faf8951d3e706d0,True,Topic 'human_capital' in Risk Factors was present in 2025-05-07 filing but absent in 2025-08-06.,,,,2025-08-06,,,,
disappeared_topic,CRCT,10-Q,Risk Factors,regulatory_legal,2025-08-06,2025-05-07,f89dd0c56dd2bc39,True,Topic 'regulatory_legal' in Risk Factors was present in 2025-05-07 filing but absent in 2025-08-06.,,,,2025-08-06,,,,
disappeared_topic,CRCT,10-Q,Risk Factors,revenue_future_performance,2025-08-06,2025-05-07,9d065767c270b9f3,True,Topic 'revenue_future_performance' in Risk Factors was present in 2025-05-07 filing but absent in 2025-08-06.,,,,2025-08-06,,,,
disappeared_topic,CRCT,10-Q,Risk Factors,supply_chain,2025-08-06,2025-05-07,25d36680d1b00abd,True,Topic 'supply_chain' in Risk Factors was present in 2025-05-07 filing but absent in 2025-08-06.,,,,2025-08-06,,,,
disappeared_topic,CXT,10-Q,MD&A,accounting_audit,2025-08-06,2025-05-07,8bbbe8f69ddc6271,True,Topic 'accounting_audit' in MD&A was present in 2025-05-07 filing but absent in 2025-08-06.,,,,2025-08-06,,,,
disappeared_topic,CXT,10-Q,MD&A,financial_sustainability,2025-08-06,2025-05-07,5c7cf5df687fb70b,True,Topic 'financial_sustainability' in MD&A was present in 2025-05-07 filing but absent in 2025-08-06.,,,,2025-08-06,,,,
disappeared_topic,ACU,10-Q,MD&A,human_capital,2025-08-06,2025-05-07,b0730a3fb9ed9927,True,Topic 'human_capital' in MD&A was present in 2025-05-07 filing but absent in 2025-08-06.,,,,2025-08-06,,,,
disappeared_topic,ERII,10-Q,MD&A,supply_chain,2025-08-06,2025-05-07,7a34f8d0638d7fe8,True,Topic 'supply_chain' in MD&A was present in 2025-05-07 filing but absent in 2025-08-06.,,,,2025-08-06,,,,
disappeared_topic,MEC,10-Q,MD&A,supply_chain,2025-08-06,2025-05-07,4b24cd46c8d9cbe4,True,Topic 'supply_chain' in MD&A was present in 2025-05-07 filing but absent in 2025-08-06.,,,,2025-08-06,,,,
disappeared_topic,OMCL,10-Q,Risk Factors,operational_product,2025-08-06,2025-05-07,1c1b11f413cbd576,True,Topic 'operational_product' in Risk Factors was present in 2025-05-07 filing but absent in 2025-08-06.,,,,2025-08-06,,,,
disappeared_topic,CIX,10-Q,Risk Factors,cost_margin_pressure,2025-08-05,2025-05-06,3baf6f2e263ddcbb,True,Topic 'cost_margin_pressure' in Risk Factors was present in 2025-05-06 filing but absent in 2025-08-05.,,,,2025-08-05,,,,
disappeared_topic,HY,10-Q,MD&A,cybersecurity_technology,2025-08-05,2025-05-06,b59b89e8251c63ed,True,Topic 'cybersecurity_technology' in MD&A was present in 2025-05-06 filing but absent in 2025-08-05.,,,,2025-08-05,,,,
disappeared_topic,HY,10-Q,Risk Factors,cost_margin_pressure,2025-08-05,2025-05-06,53dbe5b3d8edd85e,True,Topic 'cost_margin_pressure' in Risk Factors was present in 2025-05-06 filing but absent in 2025-08-05.,,,,2025-08-05,,,,
disappeared_topic,HY,10-Q,Risk Factors,geopolitical_macro,2025-08-05,2025-05-06,6d8fab0b26c0b333,True,Topic 'geopolitical_macro' in Risk Factors was present in 2025-05-06 filing but absent in 2025-08-05.,,,,2025-08-05,,,,
disappeared_topic,HY,10-Q,Risk Factors,supply_chain,2025-08-05,2025-05-06,41c70589e14c0b42,True,Topic 'supply_chain' in Risk Factors was present in 2025-05-06 filing but absent in 2025-08-05.,,,,2025-08-05,,,,
disappeared_topic,VATE,10-Q,MD&A,supply_chain,2025-08-05,2025-05-06,41ea93f0153f764c,True,Topic 'supply_chain' in MD&A was present in 2025-05-06 filing but absent in 2025-08-05.,,,,2025-08-05,,,,
disappeared_topic,CNH,10-Q,Risk Factors,supply_chain,2025-08-04,2025-05-06,019b589d1598369d,True,Topic 'supply_chain' in Risk Factors was present in 2025-05-06 filing but absent in 2025-08-04.,,,,2025-08-04,,,,
disappeared_topic,JBTM,10-Q,Risk Factors,cost_margin_pressure,2025-08-07,2025-05-05,c32e3481f9fb5160,True,Topic 'cost_margin_pressure' in Risk Factors was present in 2025-05-05 filing but absent in 2025-08-07.,,,,2025-08-07,,,,
disappeared_topic,JBTM,10-Q,Risk Factors,geopolitical_macro,2025-08-07,2025-05-05,aacd9054486590eb,True,Topic 'geopolitical_macro' in Risk Factors was present in 2025-05-05 filing but absent in 2025-08-07.,,,,2025-08-07,,,,
disappeared_topic,JBTM,10-Q,Risk Factors,supply_chain,2025-08-07,2025-05-05,97706f4bb4e35ff2,True,Topic 'supply_chain' in Risk Factors was present in 2025-05-05 filing but absent in 2025-08-07.,,,,2025-08-07,,,,
disappeared_topic,BWXT,10-Q,MD&A,human_capital,2025-08-04,2025-05-05,395ac52e0bb19b5a,True,Topic 'human_capital' in MD&A was present in 2025-05-05 filing but absent in 2025-08-04.,,,,2025-08-04,,,,
disappeared_topic,ETN,10-Q,MD&A,geopolitical_macro,2025-08-05,2025-05-02,30dc2ee9be47abc1,True,Topic 'geopolitical_macro' in MD&A was present in 2025-05-02 filing but absent in 2025-08-05.,,,,2025-08-05,,,,
disappeared_topic,AAPL,10-Q,MD&A,human_capital,2025-08-01,2025-05-02,4df7e2be04e75071,True,Topic 'human_capital' in MD&A was present in 2025-05-02 filing but absent in 2025-08-01.,,,,2025-08-01,,,,
disappeared_topic,AAPL,10-Q,Risk Factors,cost_margin_pressure,2025-08-01,2025-05-02,0964feda2ebff02d,True,Topic 'cost_margin_pressure' in Risk Factors was present in 2025-05-02 filing but absent in 2025-08-01.,,,,2025-08-01,,,,
disappeared_topic,AAPL,10-Q,Risk Factors,financial_sustainability,2025-08-01,2025-05-02,a3fc623a7abc0687,True,Topic 'financial_sustainability' in Risk Factors was present in 2025-05-02 filing but absent in 2025-08-01.,,,,2025-08-01,,,,
disappeared_topic,AAPL,10-Q,Risk Factors,geopolitical_macro,2025-08-01,2025-05-02,d097a196579cfe40,True,Topic 'geopolitical_macro' in Risk Factors was present in 2025-05-02 filing but absent in 2025-08-01.,,,,2025-08-01,,,,
disappeared_topic,AAPL,10-Q,Risk Factors,liquidity_solvency,2025-08-01,2025-05-02,57b721427bea06e3,True,Topic 'liquidity_solvency' in Risk Factors was present in 2025-05-02 filing but absent in 2025-08-01.,,,,2025-08-01,,,,
disappeared_topic,AAPL,10-Q,Risk Factors,operational_product,2025-08-01,2025-05-02,c02953564edf558c,True,Topic 'operational_product' in Risk Factors was present in 2025-05-02 filing but absent in 2025-08-01.,,,,2025-08-01,,,,
disappeared_topic,AAPL,10-Q,Risk Factors,regulatory_legal,2025-08-01,2025-05-02,a63fd270e5b147f2,True,Topic 'regulatory_legal' in Risk Factors was present in 2025-05-02 filing but absent in 2025-08-01.,,,,2025-08-01,,,,
disappeared_topic,AAPL,10-Q,Risk Factors,revenue_future_performance,2025-08-01,2025-05-02,8685aad6f66f3133,True,Topic 'revenue_future_performance' in Risk Factors was present in 2025-05-02 filing but absent in 2025-08-01.,,,,2025-08-01,,,,
disappeared_topic,AAPL,10-Q,Risk Factors,supply_chain,2025-08-01,2025-05-02,d5b4c3fdb002e81c,True,Topic 'supply_chain' in Risk Factors was present in 2025-05-02 filing but absent in 2025-08-01.,,,,2025-08-01,,,,
disappeared_topic,OFLX,10-Q,Risk Factors,supply_chain,2025-08-01,2025-05-02,4dc29995ae5fe954,True,Topic 'supply_chain' in Risk Factors was present in 2025-05-02 filing but absent in 2025-08-01.,,,,2025-08-01,,,,
disappeared_topic,FET,10-Q,MD&A,human_capital,2025-08-08,2025-05-02,1cf159143ca7445a,True,Topic 'human_capital' in MD&A was present in 2025-05-02 filing but absent in 2025-08-08.,,,,2025-08-08,,,,
disappeared_topic,TNC,10-Q,MD&A,supply_chain,2025-08-07,2025-05-01,7bed9c32adc6c703,True,Topic 'supply_chain' in MD&A was present in 2025-05-01 filing but absent in 2025-08-07.,,,,2025-08-07,,,,
disappeared_topic,TNC,10-Q,Risk Factors,supply_chain,2025-08-07,2025-05-01,60ebae3c9142ae60,True,Topic 'supply_chain' in Risk Factors was present in 2025-05-01 filing but absent in 2025-08-07.,,,,2025-08-07,,,,
disappeared_topic,ESAB,10-Q,MD&A,operational_product,2025-08-06,2025-05-01,f1417b63ae8f1be3,True,Topic 'operational_product' in MD&A was present in 2025-05-01 filing but absent in 2025-08-06.,,,,2025-08-06,,,,
disappeared_topic,OIS,10-Q,Risk Factors,liquidity_solvency,2025-07-31,2025-05-01,01be9b60495c7b6b,True,Topic 'liquidity_solvency' in Risk Factors was present in 2025-05-01 filing but absent in 2025-07-31.,,,,2025-07-31,,,,
disappeared_topic,AGCO,10-Q,MD&A,human_capital,2025-07-31,2025-05-01,7d839b72b3f5d115,True,Topic 'human_capital' in MD&A was present in 2025-05-01 filing but absent in 2025-07-31.,,,,2025-07-31,,,,
disappeared_topic,CARR,10-Q,MD&A,supply_chain,2025-07-29,2025-05-01,8964e6f8a47d52ea,True,Topic 'supply_chain' in MD&A was present in 2025-05-01 filing but absent in 2025-07-29.,,,,2025-07-29,,,,
disappeared_topic,ITW,10-Q,MD&A,regulatory_legal,2025-08-01,2025-05-01,f9a0efe936c4999d,True,Topic 'regulatory_legal' in MD&A was present in 2025-05-01 filing but absent in 2025-08-01.,,,,2025-08-01,,,,
disappeared_topic,LECO,10-Q,MD&A,human_capital,2025-07-31,2025-04-30,9a33eb60368181fe,True,Topic 'human_capital' in MD&A was present in 2025-04-30 filing but absent in 2025-07-31.,,,,2025-07-31,,,,
disappeared_topic,LECO,10-Q,Risk Factors,geopolitical_macro,2025-07-31,2025-04-30,b7d24cad3e6d5378,True,Topic 'geopolitical_macro' in Risk Factors was present in 2025-04-30 filing but absent in 2025-07-31.,,,,2025-07-31,,,,
disappeared_topic,LECO,10-Q,Risk Factors,liquidity_solvency,2025-07-31,2025-04-30,59cd9660f77ca557,True,Topic 'liquidity_solvency' in Risk Factors was present in 2025-04-30 filing but absent in 2025-07-31.,,,,2025-07-31,,,,
disappeared_topic,RGR,10-Q,Risk Factors,cost_margin_pressure,2025-07-30,2025-04-30,0e2de4c54e079d80,True,Topic 'cost_margin_pressure' in Risk Factors was present in 2025-04-30 filing but absent in 2025-07-30.,,,,2025-07-30,,,,
disappeared_topic,RGR,10-Q,Risk Factors,geopolitical_macro,2025-07-30,2025-04-30,a65314d1fd8624da,True,Topic 'geopolitical_macro' in Risk Factors was present in 2025-04-30 filing but absent in 2025-07-30.,,,,2025-07-30,,,,
disappeared_topic,RGR,10-Q,Risk Factors,supply_chain,2025-07-30,2025-04-30,48b17b736b683791,True,Topic 'supply_chain' in Risk Factors was present in 2025-04-30 filing but absent in 2025-07-30.,,,,2025-07-30,,,,
disappeared_topic,BC,10-Q,MD&A,supply_chain,2025-07-30,2025-04-30,24153a728a941de4,True,Topic 'supply_chain' in MD&A was present in 2025-04-30 filing but absent in 2025-07-30.,,,,2025-07-30,,,,
disappeared_topic,BC,10-Q,Risk Factors,accounting_audit,2025-07-30,2025-04-30,916caa5a730c857f,True,Topic 'accounting_audit' in Risk Factors was present in 2025-04-30 filing but absent in 2025-07-30.,,,,2025-07-30,,,,
disappeared_topic,BC,10-Q,Risk Factors,debt_financing,2025-07-30,2025-04-30,718f584976d150bb,True,Topic 'debt_financing' in Risk Factors was present in 2025-04-30 filing but absent in 2025-07-30.,,,,2025-07-30,,,,
disappeared_topic,BC,10-Q,Risk Factors,liquidity_solvency,2025-07-30,2025-04-30,a52f22d6e6a0fdb3,True,Topic 'liquidity_solvency' in Risk Factors was present in 2025-04-30 filing but absent in 2025-07-30.,,,,2025-07-30,,,,
disappeared_topic,BC,10-Q,Risk Factors,regulatory_legal,2025-07-30,2025-04-30,9f88bcf9301fb8d3,True,Topic 'regulatory_legal' in Risk Factors was present in 2025-04-30 filing but absent in 2025-07-30.,,,,2025-07-30,,,,
disappeared_topic,BC,10-Q,Risk Factors,revenue_future_performance,2025-07-30,2025-04-30,dad33859176e5e43,True,Topic 'revenue_future_performance' in Risk Factors was present in 2025-04-30 filing but absent in 2025-07-30.,,,,2025-07-30,,,,
disappeared_topic,GTES,10-Q,MD&A,operational_product,2025-07-30,2025-04-30,5a50f21059d61a2b,True,Topic 'operational_product' in MD&A was present in 2025-04-30 filing but absent in 2025-07-30.,,,,2025-07-30,,,,
disappeared_topic,GTES,10-Q,Risk Factors,supply_chain,2025-07-30,2025-04-30,141797a915f73a55,True,Topic 'supply_chain' in Risk Factors was present in 2025-04-30 filing but absent in 2025-07-30.,,,,2025-07-30,,,,
disappeared_topic,XYL,10-Q,MD&A,regulatory_legal,2025-07-31,2025-04-29,05b56906c6da319e,True,Topic 'regulatory_legal' in MD&A was present in 2025-04-29 filing but absent in 2025-07-31.,,,,2025-07-31,,,,
disappeared_topic,CECO,10-Q,Risk Factors,revenue_future_performance,2025-07-29,2025-04-29,7bf8a39940c668e8,True,Topic 'revenue_future_performance' in Risk Factors was present in 2025-04-29 filing but absent in 2025-07-29.,,,,2025-07-29,,,,
disappeared_topic,CECO,10-Q,Risk Factors,supply_chain,2025-07-29,2025-04-29,4c079fad11bfc9f1,True,Topic 'supply_chain' in Risk Factors was present in 2025-04-29 filing but absent in 2025-07-29.,,,,2025-07-29,,,,
disappeared_topic,NOV,10-Q,MD&A,cybersecurity_technology,2025-07-29,2025-04-29,7b183f750dd0103e,True,Topic 'cybersecurity_technology' in MD&A was present in 2025-04-29 filing but absent in 2025-07-29.,,,,2025-07-29,,,,
disappeared_topic,TRS,10-Q,Risk Factors,cost_margin_pressure,2025-07-29,2025-04-29,593ea48dea599bc5,True,Topic 'cost_margin_pressure' in Risk Factors was present in 2025-04-29 filing but absent in 2025-07-29.,,,,2025-07-29,,,,
disappeared_topic,TRS,10-Q,Risk Factors,geopolitical_macro,2025-07-29,2025-04-29,a9a84a298868f5f4,True,Topic 'geopolitical_macro' in Risk Factors was present in 2025-04-29 filing but absent in 2025-07-29.,,,,2025-07-29,,,,
disappeared_topic,TRS,10-Q,Risk Factors,revenue_future_performance,2025-07-29,2025-04-29,62adc200b6189646,True,Topic 'revenue_future_performance' in Risk Factors was present in 2025-04-29 filing but absent in 2025-07-29.,,,,2025-07-29,,,,
disappeared_topic,ASTE,10-Q,MD&A,accounting_audit,2025-08-06,2025-04-29,f760bcbf67fed6c4,True,Topic 'accounting_audit' in MD&A was present in 2025-04-29 filing but absent in 2025-08-06.,,,,2025-08-06,,,,
disappeared_topic,ASTE,10-Q,MD&A,supply_chain,2025-08-06,2025-04-29,445cdef180cb47f8,True,Topic 'supply_chain' in MD&A was present in 2025-04-29 filing but absent in 2025-08-06.,,,,2025-08-06,,,,
disappeared_topic,INTZ,10-Q,MD&A,financial_sustainability,2025-08-12,2025-04-29,7afabb23edd0f917,True,Topic 'financial_sustainability' in MD&A was present in 2025-04-29 filing but absent in 2025-08-12.,,,,2025-08-12,,,,
disappeared_topic,MOG-A,10-Q,Risk Factors,cost_margin_pressure,2025-07-25,2025-04-25,03b74c752511d0bc,True,Topic 'cost_margin_pressure' in Risk Factors was present in 2025-04-25 filing but absent in 2025-07-25.,,,,2025-07-25,,,,
disappeared_topic,MOG-A,10-Q,Risk Factors,geopolitical_macro,2025-07-25,2025-04-25,8aafb7f77ea186f9,True,Topic 'geopolitical_macro' in Risk Factors was present in 2025-04-25 filing but absent in 2025-07-25.,,,,2025-07-25,,,,
disappeared_topic,MOG-A,10-Q,Risk Factors,regulatory_legal,2025-07-25,2025-04-25,ebfdf1c42a60adcd,True,Topic 'regulatory_legal' in Risk Factors was present in 2025-04-25 filing but absent in 2025-07-25.,,,,2025-07-25,,,,
disappeared_topic,MOG-A,10-Q,Risk Factors,revenue_future_performance,2025-07-25,2025-04-25,b5646f3ef9584a4d,True,Topic 'revenue_future_performance' in Risk Factors was present in 2025-04-25 filing but absent in 2025-07-25.,,,,2025-07-25,,,,
disappeared_topic,MOG-A,10-Q,Risk Factors,supply_chain,2025-07-25,2025-04-25,53f5b96f038f5b91,True,Topic 'supply_chain' in Risk Factors was present in 2025-04-25 filing but absent in 2025-07-25.,,,,2025-07-25,,,,
disappeared_topic,WFRD,10-Q,Risk Factors,regulatory_legal,2025-07-23,2025-04-23,5e81205f1b9eebb1,True,Topic 'regulatory_legal' in Risk Factors was present in 2025-04-23 filing but absent in 2025-07-23.,,,,2025-07-23,,,,
disappeared_topic,GGG,10-Q,MD&A,debt_financing,2025-07-23,2025-04-23,481b10300e9f8e7b,True,Topic 'debt_financing' in MD&A was present in 2025-04-23 filing but absent in 2025-07-23.,,,,2025-07-23,,,,
disappeared_topic,GGG,10-Q,MD&A,operational_product,2025-07-23,2025-04-23,df2e3d5c90e2c7ff,True,Topic 'operational_product' in MD&A was present in 2025-04-23 filing but absent in 2025-07-23.,,,,2025-07-23,,,,
disappeared_topic,ZWS,10-Q,MD&A,operational_product,2025-07-29,2025-04-22,cf77850b760e0261,True,Topic 'operational_product' in MD&A was present in 2025-04-22 filing but absent in 2025-07-29.,,,,2025-07-29,,,,
disappeared_topic,PNR,10-Q,MD&A,human_capital,2025-07-22,2025-04-22,177799e4e81e5e28,True,Topic 'human_capital' in MD&A was present in 2025-04-22 filing but absent in 2025-07-22.,,,,2025-07-22,,,,
disappeared_topic,ARTW,10-Q,MD&A,financial_sustainability,2025-07-14,2025-04-10,ef36fd71f3a11744,True,Topic 'financial_sustainability' in MD&A was present in 2025-04-10 filing but absent in 2025-07-14.,,,,2025-07-14,,,,
disappeared_topic,ARTW,10-Q,MD&A,operational_product,2025-07-14,2025-04-10,1e901fac3dce1c34,True,Topic 'operational_product' in MD&A was present in 2025-04-10 filing but absent in 2025-07-14.,,,,2025-07-14,,,,
disappeared_topic,ARTW,10-Q,MD&A,regulatory_legal,2025-07-14,2025-04-10,150039693098d85f,True,Topic 'regulatory_legal' in MD&A was present in 2025-04-10 filing but absent in 2025-07-14.,,,,2025-07-14,,,,
disappeared_topic,EPAC,10-Q,Risk Factors,revenue_future_performance,2025-06-27,2025-03-26,4cd507dc878f0bf3,True,Topic 'revenue_future_performance' in Risk Factors was present in 2025-03-26 filing but absent in 2025-06-27.,,,,2025-06-27,,,,
disappeared_topic,CIIT,10-Q,MD&A,operational_product,2025-06-06,2025-03-12,d25c268d3fceea3b,True,Topic 'operational_product' in MD&A was present in 2025-03-12 filing but absent in 2025-06-06.,,,,2025-06-06,,,,
disappeared_topic,SWBI,10-Q,MD&A,supply_chain,2025-09-04,2025-03-06,01ac46287c47251f,True,Topic 'supply_chain' in MD&A was present in 2025-03-06 filing but absent in 2025-09-04.,,,,2025-09-04,,,,
disappeared_topic,NTAP,10-Q,Risk Factors,human_capital,2025-08-27,2025-02-27,b15b4d263ddceefb,True,Topic 'human_capital' in Risk Factors was present in 2025-02-27 filing but absent in 2025-08-27.,,,,2025-08-27,,,,
disappeared_topic,NTAP,10-Q,Risk Factors,operational_product,2025-08-27,2025-02-27,4c0ea88d79f0391c,True,Topic 'operational_product' in Risk Factors was present in 2025-02-27 filing but absent in 2025-08-27.,,,,2025-08-27,,,,
disappeared_topic,QMCO,10-Q,Risk Factors,human_capital,2025-09-11,2025-02-12,b36372f6fa2e69f5,True,Topic 'human_capital' in Risk Factors was present in 2025-02-12 filing but absent in 2025-09-11.,,,,2025-09-11,,,,
disappeared_topic,CMCO,10-Q,Risk Factors,cost_margin_pressure,2025-07-30,2025-02-10,878ee02f356599d9,True,Topic 'cost_margin_pressure' in Risk Factors was present in 2025-02-10 filing but absent in 2025-07-30.,,,,2025-07-30,,,,
disappeared_topic,CMCO,10-Q,Risk Factors,financial_sustainability,2025-07-30,2025-02-10,afd0dec730ef6593,True,Topic 'financial_sustainability' in Risk Factors was present in 2025-02-10 filing but absent in 2025-07-30.,,,,2025-07-30,,,,
disappeared_topic,CMCO,10-Q,Risk Factors,geopolitical_macro,2025-07-30,2025-02-10,2c97d61de2093c10,True,Topic 'geopolitical_macro' in Risk Factors was present in 2025-02-10 filing but absent in 2025-07-30.,,,,2025-07-30,,,,
disappeared_topic,CMCO,10-Q,Risk Factors,liquidity_solvency,2025-07-30,2025-02-10,0d9823357087dc21,True,Topic 'liquidity_solvency' in Risk Factors was present in 2025-02-10 filing but absent in 2025-07-30.,,,,2025-07-30,,,,
disappeared_topic,CMCO,10-Q,Risk Factors,regulatory_legal,2025-07-30,2025-02-10,8655b043261f9bd8,True,Topic 'regulatory_legal' in Risk Factors was present in 2025-02-10 filing but absent in 2025-07-30.,,,,2025-07-30,,,,
disappeared_topic,CMCO,10-Q,Risk Factors,revenue_future_performance,2025-07-30,2025-02-10,ecdd38332a6ae94b,True,Topic 'revenue_future_performance' in Risk Factors was present in 2025-02-10 filing but absent in 2025-07-30.,,,,2025-07-30,,,,
disappeared_topic,CMCO,10-Q,Risk Factors,supply_chain,2025-07-30,2025-02-10,d54ac54be2850d44,True,Topic 'supply_chain' in Risk Factors was present in 2025-02-10 filing but absent in 2025-07-30.,,,,2025-07-30,,,,
disappeared_topic,RBC,10-Q,MD&A,regulatory_legal,2025-08-01,2025-01-31,a04f2bbfb1723b29,True,Topic 'regulatory_legal' in MD&A was present in 2025-01-31 filing but absent in 2025-08-01.,,,,2025-08-01,,,,
disappeared_topic,LOGI,10-Q,MD&A,human_capital,2025-07-30,2025-01-29,efef5081a2f90dbd,True,Topic 'human_capital' in MD&A was present in 2025-01-29 filing but absent in 2025-07-30.,,,,2025-07-30,,,,
disappeared_topic,LOGI,10-Q,Risk Factors,cost_margin_pressure,2025-07-30,2025-01-29,9bf506afbeb0b5d5,True,Topic 'cost_margin_pressure' in Risk Factors was present in 2025-01-29 filing but absent in 2025-07-30.,,,,2025-07-30,,,,
disappeared_topic,LOGI,10-Q,Risk Factors,cybersecurity_technology,2025-07-30,2025-01-29,2fe04367a1cb5ca3,True,Topic 'cybersecurity_technology' in Risk Factors was present in 2025-01-29 filing but absent in 2025-07-30.,,,,2025-07-30,,,,
disappeared_topic,LOGI,10-Q,Risk Factors,debt_financing,2025-07-30,2025-01-29,cfac6e08b7207e99,True,Topic 'debt_financing' in Risk Factors was present in 2025-01-29 filing but absent in 2025-07-30.,,,,2025-07-30,,,,
disappeared_topic,LOGI,10-Q,Risk Factors,liquidity_solvency,2025-07-30,2025-01-29,1f9b1aab9dca71cb,True,Topic 'liquidity_solvency' in Risk Factors was present in 2025-01-29 filing but absent in 2025-07-30.,,,,2025-07-30,,,,
disappeared_topic,LOGI,10-Q,Risk Factors,operational_product,2025-07-30,2025-01-29,a761212d40474d5b,True,Topic 'operational_product' in Risk Factors was present in 2025-01-29 filing but absent in 2025-07-30.,,,,2025-07-30,,,,
disappeared_topic,AZZ,10-Q,Risk Factors,regulatory_legal,2025-07-09,2025-01-07,599216a983dac8a8,True,Topic 'regulatory_legal' in Risk Factors was present in 2025-01-07 filing but absent in 2025-07-09.,,,,2025-07-09,,,,
disappeared_topic,TWIN,10-K,Risk Factors,human_capital,2025-09-05,2024-09-06,38d9034804c16c1d,True,Topic 'human_capital' in Risk Factors was present in 2024-09-06 filing but absent in 2025-09-05.,,,,2025-09-05,,,,
disappeared_topic,WDC,10-K,MD&A,cybersecurity_technology,2025-08-14,2024-08-20,6a4418288ec15db3,True,Topic 'cybersecurity_technology' in MD&A was present in 2024-08-20 filing but absent in 2025-08-14.,,,,2025-08-14,,,,
disappeared_topic,TAYD,10-K,MD&A,human_capital,2025-08-15,2024-08-15,ad144022ad66089f,True,Topic 'human_capital' in MD&A was present in 2024-08-15 filing but absent in 2025-08-15.,,,,2025-08-15,,,,
disappeared_topic,TAYD,10-K,MD&A,regulatory_legal,2025-08-15,2024-08-15,83b9e2cb4dcf456f,True,Topic 'regulatory_legal' in MD&A was present in 2024-08-15 filing but absent in 2025-08-15.,,,,2025-08-15,,,,
disappeared_topic,STX,10-K,MD&A,debt_financing,2025-08-01,2024-08-02,c03af69eed29133b,True,Topic 'debt_financing' in MD&A was present in 2024-08-02 filing but absent in 2025-08-01.,,,,2025-08-01,,,,
disappeared_topic,WETH,10-K,Risk Factors,supply_chain,2025-09-11,2024-04-17,c65424719f170264,True,Topic 'supply_chain' in Risk Factors was present in 2024-04-17 filing but absent in 2025-09-11.,,,,2025-09-11,,,,
temporal,GENC,10-Q,MD&A,accounting_audit,2025-08-08,2025-07-25,dfd3a2989433a7c5,True,"Multiple specific dollar amounts and quantitative breakdowns related to contract assets, contract liabilities, accounts receivable, lease liabilities, and backlog disclosed in the prior period have been removed in the current period without replacement detail, and previously detailed risk and accounting policy discussions have been condensed into more generic statements, indicating a degradation in disclosure transparency.",,,,,,1dae89ade6acebed,,
temporal,GENC,10-Q,MD&A,debt_financing,2025-08-08,2025-07-25,055e643574a0b9aa,True,"Multiple specific dollar amounts, lease extension timelines, and detailed commitments related to the letter of credit and lease liabilities were removed and replaced with vague, minimal statements, significantly reducing transparency.",,,,,,ab08451c0edefc75,,
temporal,GENC,10-Q,MD&A,financial_sustainability,2025-08-08,2025-07-25,42bd916ea7297e72,True,"Multiple specific dollar amounts and detailed lease payment schedules previously disclosed were removed and replaced with more aggregated figures, and the detailed discussion of tax rate fluctuations and revenue recognition specifics was omitted, indicating a reduction in disclosure specificity and transparency.",,,,,,18af148b86b6b67d,,
temporal,GENC,10-Q,MD&A,liquidity_solvency,2025-08-08,2025-07-25,e71e5159f9472779,True,"Multiple specific dollar amounts and quantitative breakdowns related to cash flows, net income, and marketable securities disclosed previously have been removed, and detailed risk and credit loss measurement discussions have been replaced with more vague, generalized language.",,,,,,7d02b781adccd1ec,,
temporal,GENC,10-Q,MD&A,regulatory_legal,2025-08-08,2025-07-25,a0b2fd66f69b912d,True,"Specific dollar amounts for unrecognized tax benefits and backlog were removed, and detailed quantitative breakdowns of net revenue by source were consolidated or omitted without replacement detail, indicating a reduction in disclosure specificity and transparency.",,,,,,d9b7c07142f8e844,,
temporal,GENC,10-Q,MD&A,supply_chain,2025-08-08,2025-07-25,2f1feb6e857285eb,True,"Multiple specific references to geopolitical events, detailed risk discussions, and concrete operational impact statements were removed, leaving only generic risk statements without quantitative or timeline details.",,,,,,a0197059bce9b472,,
temporal,GENC,10-Q,Risk Factors,debt_financing,2025-08-08,2025-07-25,28793a4c20bb9050,True,"The prior period provided detailed inputs and methodologies for fair value measurement, which were entirely removed and replaced with a vague description of credit loss allowance determination without specific dollar amounts, percentages, or concrete commitments.",,,,,,b397343e2eb534cc,,
temporal,GENC,10-Q,Risk Factors,financial_sustainability,2025-08-08,2025-07-25,4517441962966bb1,True,"Multiple specific dollar amounts and detailed quantitative breakdowns related to lease liabilities, operating lease costs, and shareholders' equity were removed and replaced with vague, generic language without concrete commitments or detailed risk discussion.",,,,,,c8ed3beca07eceb7,,
temporal,GENC,10-Q,Risk Factors,liquidity_solvency,2025-08-08,2025-07-25,a5ab38185c527cdd,True,"The prior period included specific dollar amounts, timelines, and detailed risk disclosures related to NYSE American listing compliance and delinquent filings, which were entirely removed in the current period, leaving only vague boilerplate statements without concrete commitments or quantitative details.",,,,,,aa28d40397a3c325,,
temporal,GENC,10-Q,Risk Factors,operational_product,2025-08-08,2025-07-25,da15de75525d44c2,True,"Specific dollar amounts for accounts receivable and details about contract liabilities and manufacturing facilities were removed, leaving only a generic statement on product warranty costs.",,,,,,962f12d573abd32d,,
temporal,GENC,10-Q,Risk Factors,regulatory_legal,2025-08-08,2025-07-25,d518e2c553c9d301,True,"Multiple specific dollar amounts, timelines, and detailed risk discussions regarding NYSE compliance extensions and tax disclosures were removed and replaced with vague, minimal statements, significantly reducing transparency.",,,,,,bb52c80ef1ed7dd4,,
temporal,GENC,10-Q,Risk Factors,supply_chain,2025-08-08,2025-07-25,974eca3fd8185cf8,True,"Multiple detailed risk factors and specific geopolitical events impacting the supply chain were removed, leaving only two generic risk statements without any concrete commitments or detailed discussion.",,,,,,ac72dbd61c90e33e,,
temporal,PSTG,10-Q,Risk Factors,regulatory_legal,2025-09-10,2025-06-11,11d8047d42159872,True,"Multiple specific dollar amounts, timelines, and detailed risk discussions were removed, including the detailed Tax Cuts and Jobs Act impact and extensive intellectual property risk specifics, replaced with more generic and less detailed language, indicating a degradation in disclosure quality.",,,,,,15c4665cd893b735,,
temporal,DELL,10-Q,MD&A,accounting_audit,2025-09-08,2025-06-10,c71dad11ab4fd9f9,True,"Multiple specific reconciliations and detailed explanations of non-GAAP adjustments, including amortization and valuation methods, were removed and replaced with vague, incomplete descriptions lacking prior quantitative and methodological detail.",,,,,,69112ba0147e15f2,,
temporal,ALOT,10-Q,Risk Factors,geopolitical_macro,2025-09-09,2025-06-06,780b407b0566eb6c,True,Removal of specific details on translation methods and a concrete hypothetical impact amount ($0.1 million) reduces transparency on foreign currency exchange risk exposure.,,,,,,db2fd6dd73a9c115,,
temporal,DE,10-Q,MD&A,liquidity_solvency,2025-08-28,2025-05-29,12165e21f685441e,True,"Specific dollar amounts and detailed breakdowns of worldwide lines of credit and unused credit lines were removed, and the previously detailed discussion of credit facility expirations and amounts was replaced with more vague language, reducing transparency on liquidity commitments.",,,,,,e3c1f4da04f6cb2b,,
temporal,HPQ,10-Q,MD&A,financial_sustainability,2025-08-28,2025-05-29,7cadef9df33dd022,True,"Specific dollar amounts for anticipated pension plan contributions were removed and replaced with less detailed figures, and detailed quantitative breakdowns of pension and post-retirement benefit costs were omitted, reducing transparency on financial sustainability commitments.",,,,,,1736088f2cb79377,,
temporal,HPQ,10-Q,MD&A,human_capital,2025-08-28,2025-05-29,d2cbaee9ae95aa46,True,"The current period removed specific details about workforce changes varying by country, investment of savings into growth areas and people, and quantitative R&D expense decreases, collapsing previously detailed risk and operational discussions into more generic statements.",,,,,,39f82620e29a39e1,,
temporal,HPQ,10-Q,MD&A,regulatory_legal,2025-08-28,2025-05-29,00af0caa1778ebb0,True,"Multiple specific dollar amounts and quantitative breakdowns related to litigation charges, restructuring charges, uncertain tax positions, and detailed legal proceedings were removed or significantly condensed without replacement detail, and previously detailed risk discussions and concrete timelines were replaced with more generic and less specific language.",,,,,,8ed632ee8c0b274a,,
temporal,EVLV,10-Q,MD&A,geopolitical_macro,2025-08-14,2025-05-20,8124f6b0a95676d1,True,"The prior period included a detailed, itemized list of specific risk factors and concrete examples related to geopolitical and macroeconomic risks, which in the current period have been replaced by more generic, consolidated language with fewer specifics and no detailed breakdown, indicating a reduction in disclosure specificity and transparency.",,,,,,4d0733b60f77ae85,,
temporal,EVLV,10-Q,MD&A,regulatory_legal,2025-08-14,2025-05-20,45691f5083e487b1,True,"Multiple specific dollar amounts, timelines, and detailed quantitative breakdowns related to legal proceedings, patent counts, and regulatory investigations were removed or replaced with more vague summaries, and previously detailed risk discussions about intellectual property and regulatory compliance were condensed into less specific language, indicating a degradation in disclosure transparency.",,,,,,202b82050d5bc103,,
temporal,EVLV,10-Q,MD&A,revenue_future_performance,2025-08-14,2025-05-20,93ed98848de1f083,True,"Specific quantitative details such as the four-year revenue recognition period and detailed deferred revenue explanation were removed, and concrete commitments or mitigation plans regarding acquisitions and costs were replaced with more vague language, indicating a reduction in disclosure specificity and transparency.",,,,,,1756686aeaa4104c,,
temporal,POWW,10-Q,MD&A,debt_financing,2025-08-08,2025-05-20,3668a6f4085bc6f5,True,Multiple specific dollar amounts and detailed repayment terms related to prior loans and financing arrangements were removed and replaced with vague summaries of new notes and warrants without detailed quantitative breakdowns or concrete mitigation plans.,,,,,,1c717331aaceacb8,,
temporal,POWW,10-Q,MD&A,human_capital,2025-08-08,2025-05-20,756fd8016c9d7aa8,True,"Multiple specific remediation initiatives and detailed internal control weaknesses with concrete commitments were removed and replaced with vague, high-level descriptions lacking quantitative detail or timelines.",,,,,,15ece8b20f971942,,
temporal,POWW,10-Q,MD&A,operational_product,2025-08-08,2025-05-20,c7f5e67718cb0569,True,"The prior period included specific dollar amounts, detailed operational capacity expansions, and concrete segment descriptions, all of which were removed and replaced with vague, generic statements about segment sale and cost increases without quantitative detail or mitigation plans.",,,,,,9f3de0abe6f5cc46,,
temporal,POWW,10-Q,Risk Factors,accounting_audit,2025-08-08,2025-05-20,931f78a2ccb4496c,True,"Multiple specific risk disclosures and detailed descriptions about the restatement, management resource impact, and repurchase program extensions were entirely removed and replaced with only certification and filing technical details, significantly reducing transparency.",,,,,,a1cd719f0e0ed7cb,,
temporal,POWW,10-Q,Risk Factors,debt_financing,2025-08-08,2025-05-20,0272cf7ae8766b5d,True,Previously detailed risk factors including specific dollar amounts and timelines related to the share repurchase program and the Special Committee investigation were entirely removed and replaced with vague references to exhibits and amendments without substantive risk discussion.,,,,,,ed5f82d2ab7a196a,,
temporal,POWW,10-Q,Risk Factors,regulatory_legal,2025-08-08,2025-05-20,85fa46cc8f3f29cc,True,"The detailed risk discussion about the SEC investigation, specific share repurchase program data, and related quantitative breakdowns were entirely removed and replaced with vague references to settlement agreements and exhibit filings, significantly reducing transparency.",,,,,,25ac3e49cded13d3,,
temporal,GTEC,10-Q,Risk Factors,regulatory_legal,2025-08-13,2025-05-15,99efb1d0ca179813,True,"Multiple specific dollar amounts and detailed timelines related to litigation and regulatory risks were removed, and previously detailed risk discussions about intellectual property and cybersecurity were replaced with more vague and generalized language, indicating a degradation in disclosure transparency.",,,,,,c708692704598a9a,,
temporal,VELO,10-Q,MD&A,accounting_audit,2025-08-06,2025-05-15,658e4568f51e870c,True,"Multiple specific material weaknesses and detailed remediation plans disclosed previously were removed and replaced with vague, generic statements lacking quantitative detail or concrete commitments.",,,,,,54ec8dcbf614bbf7,,
temporal,VELO,10-Q,MD&A,geopolitical_macro,2025-08-06,2025-05-15,0a5ef51a400f2135,True,"The current period removed specific dollar amounts, detailed tariff actions, timelines, and concrete risk discussions related to geopolitical and trade issues, collapsing a previously detailed risk discussion into a brief generic statement without replacement detail.",,,,,,f46a313f4daaa20e,,
temporal,VELO,10-Q,MD&A,human_capital,2025-08-06,2025-05-15,0d9115a97fd489ab,True,"The prior period included specific dollar amounts and detailed remediation plans for material weaknesses in internal controls, which were entirely removed and replaced with generic expense breakdowns without any mention of remediation efforts or commitments.",,,,,,422a455a2cd3d759,,
temporal,VELO,10-Q,MD&A,regulatory_legal,2025-08-06,2025-05-15,94077f2b3a98c4fa,True,"The prior period included detailed quantitative thresholds and timelines related to emerging growth and smaller reporting company status, as well as a comprehensive, specific discussion of legal and compliance risks with concrete regulatory references and mitigation policies, all of which were removed and replaced with vague, generic statements in the current period.",,,,,,a89fc66e8f705c0f,,
temporal,VELO,10-Q,Risk Factors,geopolitical_macro,2025-08-06,2025-05-15,6d613dd4e7f4c7a2,True,"Specific dollar amounts and tariff percentages previously disclosed were removed and replaced with vague language about trade measures and political tensions, collapsing detailed risk discussion into a brief generic statement without concrete commitments or mitigation plans.",,,,,,e013a2bea84dac00,,
temporal,LIQT,10-Q,MD&A,geopolitical_macro,2025-08-13,2025-05-14,63faf91a65509b60,True,Specific geographic details and quantified cash sufficiency projections were removed and replaced with vague strategic statements and general risk factors without concrete commitments or detailed risk discussion.,,,,,,3be34a209df07347,,
temporal,TACT,10-Q,Risk Factors,geopolitical_macro,2025-08-12,2025-05-14,493b0f824b045a50,True,"Specific prior tariff percentages and timelines were removed and replaced with a vague summary lacking detailed commitments or mitigation plans, reducing transparency on trade risk exposure.",,,,,,b8dc8f1b292bf238,,
temporal,KITT,10-Q,MD&A,regulatory_legal,2025-08-11,2025-05-14,52c777b3f4c7fcc3,True,"Specific dollar amounts, timelines, and detailed registration requirements related to the Securities Purchase Agreement and Registration Rights Agreement were removed and replaced with vague references to amendments and covenants without concrete commitments or timelines.",,,,,,74a3d1b35cb57fd8,,
temporal,KITT,10-Q,Risk Factors,accounting_audit,2025-08-11,2025-05-14,38b33b2af2dce41d,True,"Multiple specific dollar amounts, detailed assumptions, and quantitative breakdowns related to warrant and debenture valuations were removed or replaced with vague references to models and assumptions, and concrete fair value estimates and detailed risk disclosures were consolidated into less specific summaries, indicating a degradation in disclosure transparency.",,,,,,3fe2f48bf015537b,,
temporal,KITT,10-Q,Risk Factors,operational_product,2025-08-11,2025-05-14,6277de8cc7df208d,True,"The detailed risk discussion about the Olympic Arm contract, including specific monitoring practices and risk identification, was entirely removed and replaced with a vague business description.",,,,,,944525ff5b8c557b,,
temporal,RR,10-Q,MD&A,cost_margin_pressure,2025-08-11,2025-05-14,abd6442df9aa1239,True,"Specific dollar amounts and percentages previously disclosed for cost impacts and tariff effects were removed, and detailed risk factors and quantitative breakdowns were replaced with more generic, vague language regarding cost management and business model shifts.",,,,,,bc3636bd6d6208f9,,
temporal,RR,10-Q,MD&A,geopolitical_macro,2025-08-11,2025-05-14,b0f00671a5ee8303,True,"Specific tariff rates, dates, and detailed mitigation strategies previously disclosed were removed and replaced with vague, generic statements about economic and geopolitical risks without concrete commitments or quantitative details.",,,,,,5f5993fba77810bf,,
temporal,RR,10-Q,MD&A,operational_product,2025-08-11,2025-05-14,298c4a9d8cc3265f,True,"Specific timeline for new robot introduction and detailed design focus were removed and replaced with vague, unrelated statements without concrete commitments or detailed risk discussion.",,,,,,d81c252eba646c4d,,
temporal,RR,10-Q,MD&A,regulatory_legal,2025-08-11,2025-05-14,25b1cf7f3cf1dc85,True,"The specific $430,000 settlement amount and detailed description of the ACSS settlement were completely removed and replaced with vague references to legal matters and increased fees, eliminating concrete commitments and quantitative breakdowns.",,,,,,4116ffc0fd8fdb17,,
temporal,AIRJ,10-Q,MD&A,accounting_audit,2025-08-14,2025-05-13,493a06175be477c6,True,"Multiple specific dollar amounts and detailed quantitative breakdowns related to critical accounting estimates and valuation methodologies were removed and replaced with vague summaries, and the previously detailed risk discussion on critical accounting estimates was collapsed into a brief generic statement.",,,,,,4708491fb2161543,,
temporal,TGEN,10-Q,MD&A,human_capital,2025-08-13,2025-05-13,bb99f32ccf93743e,True,Specific dollar amounts and detailed breakdowns of general and administrative expenses and related cost changes were removed and replaced with vague summary language about employee hiring and maintenance services.,,,,,,65e566898c91148e,,
temporal,TGEN,10-Q,MD&A,regulatory_legal,2025-08-13,2025-05-13,7dec8fafb76c7815,True,"The prior period included a specific discussion of regulatory impact on sales, which was entirely removed and replaced with unrelated vague statements, indicating a loss of transparency on regulatory risks.",,,,,,bff917ac90497fa2,,
temporal,TGEN,10-Q,MD&A,revenue_future_performance,2025-08-13,2025-05-13,04e63ceedfeda560,True,"The backlog quantitative breakdown was consolidated by removing the detailed split between purchase orders and projects with internal approval and firm verbal commitment, and concrete commitments related to the Vertiv Agreement were replaced with vague language about 'commercially reasonable efforts' and budget establishment.",,,,,,e4fb422a9f25dae9,,
temporal,LINK,10-Q,MD&A,debt_financing,2025-08-13,2025-05-13,c27ff7661faa43d6,True,"Specific dollar amounts of interest income and foreign currency transaction gains/losses were removed, and the detailed breakdown of other income (expense) was eliminated entirely.",,,,,,5cd31635de846f0b,,
temporal,LINK,10-Q,MD&A,human_capital,2025-08-13,2025-05-13,bd6ba6ec6fdeb204,True,"The prior period included a specific narrative about the R&D organizational structure and strategic location, which was entirely removed and replaced with only a high-level expense summary lacking any concrete commitments or detailed discussion.",,,,,,e0d2a4db1d92d103,,
temporal,LINK,10-Q,MD&A,operational_product,2025-08-13,2025-05-13,8e520bca54720bf0,True,"Detailed descriptions of product technologies, applications, and acquisition-related product offerings were removed and replaced with vague, generic statements about R&D focus without specific product or market details.",,,,,,21cdbce31afe4a21,,
temporal,LINK,10-Q,Risk Factors,human_capital,2025-08-13,2025-05-13,c8155ac583ffab49,True,"The current period removed specific dollar amounts and detailed breakdowns related to restricted stock units and severance obligations, collapsing previously detailed risk and compensation disclosures into less specific statements without replacement detail.",,,,,,c9ede3a068d7e2c0,,
temporal,AP,10-Q,MD&A,regulatory_legal,2025-08-12,2025-05-12,2ca6e3f5febecdfe,True,"Specific tax rate details and deferred tax liability amounts previously disclosed were removed and replaced with vague language about ongoing evaluation of new tax legislation, reducing transparency on tax impact.",,,,,,9929d48348070265,,
temporal,AP,10-Q,Risk Factors,accounting_audit,2025-08-12,2025-05-12,99e6d77300fcf2a1,True,"Multiple specific dollar amounts, timelines, and detailed explanations regarding accounting pronouncements, non-GAAP measures, and valuation allowances were removed or condensed into vague summaries without replacement detail, indicating a reduction in transparency.",,,,,,ea295ecf6193ef50,,
temporal,XRX,10-Q,MD&A,accounting_audit,2025-08-07,2025-05-12,33fbcf39926d5d0a,True,Specific dollar amounts and detailed reconciliation tables previously disclosed for non-GAAP adjustments were removed and replaced with vague summaries and boilerplate language without concrete figures or detailed breakdowns.,,,,,,644372a5f760a510,,
temporal,XRX,10-Q,MD&A,regulatory_legal,2025-08-07,2025-05-12,d837fc7079dbbe13,True,"The prior period included specific regulatory approval details and timelines, which were entirely removed and replaced with vague, unrelated legal settlement information without concrete commitments or mitigation plans.",,,,,,802ca4b698a70881,,
temporal,XRX,10-Q,MD&A,supply_chain,2025-08-07,2025-05-12,7875e505adcf16df,True,"Multiple specific details about revenue composition, currency impact, and embedded operating leases were removed, leaving only a vague statement about manufacturing capacity.",,,,,,e867f7a0bedb7d10,,
temporal,SMR,10-Q,MD&A,cost_margin_pressure,2025-08-07,2025-05-12,a4dd93a8c3d9f1ee,True,Specific dollar amounts and detailed payment timelines for the purchase commitment disclosed in the prior period were removed and replaced with vague summaries of additional long-term commitments and sales and marketing agreements without concrete dollar breakdowns or timelines.,,,,,,40a9fb98ebde9364,,
temporal,SMR,10-Q,MD&A,financial_sustainability,2025-08-07,2025-05-12,2d231e6424769e59,True,"Multiple specific dollar amounts, detailed commitments, and quantitative breakdowns related to grant programs and revenue obligations were removed, leaving only a brief charge amount and timeline.",,,,,,a3cbb55f2e35f7e5,,
temporal,SMR,10-Q,MD&A,regulatory_legal,2025-08-07,2025-05-12,f876920e65beb1d5,True,"The current period removed the previously detailed timeline for NRC SDA approval and the FEED Phase 2 commitments, replacing them with vague statements and adding an unrelated revenue-sharing commitment without context, indicating a reduction in transparency.",,,,,,2c057c9f64804c1c,,
temporal,SMR,10-Q,Risk Factors,geopolitical_macro,2025-08-07,2025-05-12,b9ac7356f33a6684,True,"The current period removed the specific risk that retaliatory tariffs could prevent cost pass-through or reduce product competitiveness, eliminating a concrete risk detail present in the prior period.",,,,,,c68b8daabe75f105,,
temporal,ACMR,10-Q,MD&A,human_capital,2025-08-07,2025-05-12,05c2c3814948e340,True,"The prior period included a specific forward-looking statement about expected increases in general and administrative expenses related to business growth and public company operations, which was entirely removed in the current period, leaving only a generic statement about stock-based compensation valuation without any concrete commitments or outlook.",,,,,,5820c8e9184df3e6,,
temporal,ACMR,10-Q,Risk Factors,accounting_audit,2025-08-07,2025-05-12,208e220ff7c79c90,True,"Multiple detailed disclosures including specific accounting policy explanations, shipment revenue recognition criteria, and management's evaluation of disclosure controls were removed and replaced with significantly briefer, more generic statements.",,,,,,af389d35aa0db46c,,
temporal,ACMR,10-Q,Risk Factors,regulatory_legal,2025-08-07,2025-05-12,90c0e73d5d2bde5b,True,"The current period removed detailed quantitative tax rates and specific milestone penalties related to ACM Lingang, replacing them with more vague summaries, and consolidated previously detailed risk discussions into less specific references, reducing transparency on regulatory and financial risks.",,,,,,aca9e1c3c1e0d790,,
temporal,ASYS,10-Q,MD&A,operational_product,2025-08-06,2025-05-12,77e9a209348fdeae,True,"The specific disclosure about the 2023 acquisition of Entrepix and its impact on product offerings was removed entirely, reducing transparency about recent strategic actions.",,,,,,d78fc0d6d70f9826,,
temporal,ASYS,10-Q,Risk Factors,accounting_audit,2025-08-06,2025-05-12,ca5065a391da8744,True,"Multiple specific dollar amounts, detailed valuation methodologies, and concrete commitments to evaluate ASU impacts were removed or condensed into vague summaries, reducing transparency on fair value measurements and accounting pronouncements.",,,,,,e3a373d082b555f9,,
temporal,FTEK,10-Q,MD&A,operational_product,2025-08-05,2025-05-12,ef9ca97802229eac,True,"Specific details about the DGI® Dissolved Gas Infusion Systems and their applications were removed and replaced with vague boilerplate language about product warranties, reducing transparency on operational product development.",,,,,,6165e7d8717d95e3,,
temporal,AZTA,10-Q,MD&A,human_capital,2025-08-06,2025-05-09,b8f80e64a2dec96a,True,"The current period removed the detailed breakdown of selling, general and administrative expenses by segment and percentages of revenue, and replaced the detailed explanation of expense changes with a more vague summary, reducing transparency.",,,,,,0359ad0720dc89dc,,
temporal,AZTA,10-Q,MD&A,operational_product,2025-08-06,2025-05-09,a56ff884cf632f0e,True,"Specific details about transformation costs including one-time asset and inventory write-downs and consulting costs were removed and replaced with vague, repetitive boilerplate language without concrete examples or quantitative breakdowns.",,,,,,5d6c08b79468891b,,
temporal,OUST,10-Q,MD&A,human_capital,2025-08-11,2025-05-09,f7d1ad03de3f6459,True,Specific dollar amounts and percentage increases for R&D expenses were removed and replaced with vague boilerplate language about investments without concrete figures or detailed explanations.,,,,,,2ac39f1e48087763,,
temporal,OUST,10-Q,MD&A,operational_product,2025-08-11,2025-05-09,acf3c3338ea3d985,True,"Multiple specific product details, model names, resolution options, and development statuses were removed and replaced with more generic descriptions, significantly reducing disclosure specificity.",,,,,,928554ffd2f6397b,,
temporal,SSD,10-Q,MD&A,supply_chain,2025-08-08,2025-05-09,e8f2a4b907feccbe,True,"The current period removed specific details about warehouse capabilities, investment in digital solutions, leadership strengthening, and the expected capacity to meet customer needs, collapsing detailed commitments into a vague summary.",,,,,,14ca01073d86e0a4,,
temporal,NPK,10-Q,MD&A,financial_sustainability,2025-08-08,2025-05-09,ba207ad239343722,True,"The current period removed the detailed description of the valuation methods (EBITDA multiples, sales, discounted cash flow models) used for goodwill impairment testing, leaving only a vague mention of qualitative analysis, thus reducing specificity and transparency.",,,,,,e934673e4926b45f,,
temporal,PAR,10-Q,MD&A,liquidity_solvency,2025-08-08,2025-05-09,ccaed790bf32d1e3,True,"The current period removed the detailed funding plan for non-current contractual obligations and collapsed the previously detailed risk discussion about cash needs and financing into a brief generic statement, reducing transparency.",,,,,,0c895095cbb7c5f7,,
temporal,XPEL,10-Q,MD&A,human_capital,2025-08-08,2025-05-09,041732ffd7ee9e5e,True,"The prior period included a specific explanation of expense increases, while the current period replaced this with a vague, generic list of risks without specific details or quantitative context.",,,,,,8cd80679ce045e40,,
temporal,XPEL,10-Q,MD&A,supply_chain,2025-08-08,2025-05-09,7e4c780bfdd3b909,True,"The current period removed specific details about reliance on a single distributor in China, revenue concentration in China, key personnel risks, and supply chain disruptions, collapsing previously detailed risk discussion into a brief generic statement without replacement detail.",,,,,,fa173cb206473fe6,,
temporal,CVR,10-Q,MD&A,supply_chain,2025-08-08,2025-05-09,76423d7ede206a63,True,"Specific dollar amounts and percentage sales decline previously disclosed for the automotive segment were entirely removed and replaced with vague, non-quantitative product descriptions.",,,,,,b9e494f3df59dd26,,
temporal,SCKT,10-Q,Risk Factors,human_capital,2025-08-14,2025-05-08,e0a8891e81d57901,True,"The current period removed specific details about the use of stock options and restricted stocks as key components of employee compensation and the potential reduction in grants due to expensing effects, reducing transparency on compensation risks.",,,,,,e98ee1cac832428c,,
temporal,PSIX,10-Q,MD&A,financial_sustainability,2025-08-08,2025-05-08,676c9e03bf0722a7,True,"The specific disclosure about the full valuation allowance against deferred tax assets was removed and replaced with vague, non-specific statements about business focus and priorities.",,,,,,28721aa8d30e56ff,,
temporal,SERV,10-Q,MD&A,operational_product,2025-08-08,2025-05-08,c82ab8ceba17278b,True,"Specific details about the License and Services Agreement with Magna, including the date and strategic partnership context, were removed and replaced with vague descriptions lacking concrete commitments or timelines.",,,,,,e604b2e3cfa5e497,,
temporal,SERV,10-Q,Risk Factors,liquidity_solvency,2025-08-08,2025-05-08,fd617724499cd202,True,"Multiple specific dollar amounts and quantitative lease breakdowns previously disclosed were removed, and detailed lease commitments and operating lease cost breakdowns were replaced with vague summaries stating no outstanding liability, reducing transparency on lease obligations.",,,,,,eb594b9b9ce1ac84,,
temporal,SERV,10-Q,Risk Factors,operational_product,2025-08-08,2025-05-08,1e4a80bac1abaf8f,True,"Multiple specific statements about financial risks and expense treatment were removed, leaving only a vague mention of the Magna Warrant without prior detailed risk context.",,,,,,73442c4cf9665228,,
temporal,FTNT,10-Q,MD&A,operational_product,2025-08-08,2025-05-08,6293fb0781297820,True,"Multiple specific product details and comprehensive solution descriptions were removed and replaced with vague, less detailed statements, significantly reducing disclosure specificity.",,,,,,4f42f27fa88ea1c9,,
temporal,FTNT,10-Q,Risk Factors,regulatory_legal,2025-08-08,2025-05-08,548d9c745edb2e46,True,"Multiple specific quantitative details and concrete commitments regarding regulatory risks, tax audits, AI risks, and environmental compliance present in the prior period were removed or replaced with more vague, generalized language in the current period, indicating a degradation in disclosure transparency.",,,,,,c63ee9dde6350a3b,,
temporal,FTNT,10-Q,Risk Factors,revenue_future_performance,2025-08-08,2025-05-08,b229b0128920274d,True,"Specific quantitative details about channel partner concentration and accounts receivable percentages were removed, and concrete commitments regarding channel partner management were replaced with more vague, generic language about dependence and risks, indicating a reduction in transparency.",,,,,,27a3beae5c935716,,
temporal,CW,10-Q,MD&A,liquidity_solvency,2025-08-07,2025-05-08,0cc4e7ebbb75d182,True,"The current period removed the detailed discussion of cash utilization alternatives including share repurchases, acquisitions, and increased dividends, collapsing a previously concrete commitment into a vague statement about cash sufficiency.",,,,,,a2685f18f0bf58ec,,
temporal,SLGN,10-Q,MD&A,supply_chain,2025-08-07,2025-05-08,e9212b3ca9c3d09e,True,"The detailed description of the Supply Chain Finance program, including the involvement of a major financial institution and the mechanics of receivables sales, was entirely removed and replaced with a vague, generic statement.",,,,,,d60e47144eaa8c24,,
temporal,VYX,10-Q,Risk Factors,financial_sustainability,2025-08-07,2025-05-08,3bcf28d727336885,True,"Specific dollar amounts and detailed sensitivity analysis quantifying hedge portfolio risk were removed and replaced with a vague statement about reserves adequacy, significantly reducing transparency.",,,,,,1b762f005043e526,,
temporal,VYX,10-Q,Risk Factors,revenue_future_performance,2025-08-07,2025-05-08,8759a3138e57a3d5,True,"The specific risk about large customer transactions without collateral and potential significant losses from defaults was removed entirely, leaving only a generic reference to prior risk factors without concrete detail.",,,,,,9988f784101042a3,,
temporal,MITK,10-Q,MD&A,operational_product,2025-08-07,2025-05-08,165f4769ddb8a4ff,True,"Specific transaction volume (1.2 billion transactions annually) and concrete benefits like regulatory compliance and cost reduction were removed and replaced with vague, generic language.",,,,,,d979d18cb34dc233,,
temporal,NATL,10-Q,MD&A,geopolitical_macro,2025-08-07,2025-05-08,8a565a5483f7faa0,True,"Specific quantitative impacts of foreign currency fluctuations and detailed revenue impact percentages were removed and replaced with vague summaries, and concrete commitments to analyze and mitigate tariff impacts were replaced with more generic monitoring language, reducing disclosure specificity and transparency.",,,,,,00974248636557f7,,
temporal,NATL,10-Q,Risk Factors,accounting_audit,2025-08-07,2025-05-08,7a7233e2c77e35c9,True,"Detailed definitions and quantitative breakdowns of non-GAAP measures like Adjusted EBITDA and adjusted margins were removed and replaced with vague or unrelated accounting policy descriptions, significantly reducing transparency.",,,,,,2915bf3af0ae4ac8,,
temporal,NATL,10-Q,Risk Factors,cybersecurity_technology,2025-08-07,2025-05-08,11be6779c669f777,True,"The prior period included specific details about derivatives and hedging related to foreign currency exposures, which were entirely removed in the current period, resulting in loss of quantitative and concrete risk discussion.",,,,,,a2f2a8c324bfdfc2,,
temporal,NATL,10-Q,Risk Factors,financial_sustainability,2025-08-07,2025-05-08,b5aae92ad5259d8f,True,"Multiple specific dollar amounts and detailed risk discussions related to financial instruments and sensitivity analysis were removed and replaced with vague statements, reducing transparency on financial sustainability risks.",,,,,,601183c97759ee51,,
temporal,JBI,10-Q,MD&A,accounting_audit,2025-08-07,2025-05-08,48406266af965970,True,"The current period removed specific details about Free Cash Flow, Net Leverage Ratio, product revenue recognition timing, and the detailed description of adjusted EBITDA exclusions, consolidating previously detailed quantitative and qualitative disclosures into more generic statements.",,,,,,435bce32943f6dcc,,
temporal,JBI,10-Q,MD&A,financial_sustainability,2025-08-07,2025-05-08,6d014890b3fc148f,True,"Multiple specific financial metrics and detailed quantitative breakdowns previously disclosed in the MD&A were removed and replaced with vague, generic statements without concrete dollar amounts or timelines.",,,,,,1260b8397a99df37,,
temporal,JBI,10-Q,MD&A,supply_chain,2025-08-07,2025-05-08,8a52708c027d23ff,True,"Specific details about the annual renewal of steel coil price agreements and their role in mitigating short-term price fluctuations were removed and replaced with vague language, and the detailed description of product types and installation services was omitted.",,,,,,c5e85b4ba6e3ad4f,,
temporal,LCUT,10-Q,Risk Factors,geopolitical_macro,2025-08-07,2025-05-08,f291fc0e4db23e48,True,"Specific references to tariff dates, detailed expected impacts, and concrete mitigating actions were removed and replaced with vague statements about forecast revisions and general risk management strategies without detailed risk discussion or quantitative breakdowns.",,,,,,81c61693c2151097,,
temporal,LCUT,10-Q,Risk Factors,supply_chain,2025-08-07,2025-05-08,6c83826ff30751a1,True,"Specific discussion of tariffs, supply chain challenges, and geographic sourcing was removed and replaced with vague, generic inventory timing and sourcing statements.",,,,,,760f100eaab72231,,
temporal,GFF,10-Q,MD&A,human_capital,2025-08-06,2025-05-08,f34f86089ca2199a,True,"Specific dollar amounts for stock-based compensation expense previously disclosed have been removed and replaced with vague references to strategic review expenses, obscuring the detailed breakdown of stock compensation and ESOP expenses.",,,,,,af64636d6e8d1c2c,,
temporal,GFF,10-Q,Risk Factors,geopolitical_macro,2025-08-06,2025-05-08,e1dce2a591d2d38f,True,"The detailed discussion of specific tariffs, trade policies, timelines, and geopolitical risks related to China and other countries was entirely removed and replaced with vague, generic statements about foreign exchange risk and hedging, significantly reducing transparency.",,,,,,2684dbef2e8aad7b,,
temporal,GFF,10-Q,Risk Factors,supply_chain,2025-08-06,2025-05-08,dd8b0ffeaaab51df,True,"The detailed risk discussion including specific dollar amounts, shipment counts, concrete mitigation steps, and quantitative breakdowns related to supply chain risks from China were entirely removed and replaced with a brief generic reference to prior filings.",,,,,,f30809dc4c8d30bb,,
temporal,SEI,10-Q,MD&A,financial_sustainability,2025-08-01,2025-05-07,df4e419dc52d94e5,True,"Specific dollar amounts previously disclosed for capital expenditures and their allocation were removed or replaced with vague summaries, and detailed breakdowns of purchase commitments and related cash uses were consolidated into less specific language without concrete commitments.",,,,,,25a1d757532d0db1,,
temporal,SEI,10-Q,Risk Factors,accounting_audit,2025-08-01,2025-05-07,fa745844ad10a652,True,"The detailed explanation of issuance costs being treated as a debt discount amortized into interest expense was removed, reducing specificity about accounting treatment.",,,,,,cff4325ebc12ad94,,
temporal,MTW,10-Q,Risk Factors,accounting_audit,2025-08-08,2025-05-07,13991dc16e95de63,True,"The detailed disclosure controls and procedures evaluation and internal control over financial reporting statements were entirely removed and replaced with unrelated, vague boilerplate language about Adjusted ROIC.",,,,,,cc9dadcd6b864eef,,
temporal,MTW,10-Q,Risk Factors,debt_financing,2025-08-08,2025-05-07,c15e70dfcffefedf,True,"The current period removed the prior detailed covenant compliance statement and the specific affirmation of compliance with all covenants, and the previously detailed risk discussion about covenant compliance was collapsed into a brief generic statement.",,,,,,6b790c6c5d7339a1,,
temporal,CRSR,10-Q,MD&A,geopolitical_macro,2025-08-07,2025-05-07,5b8c5a9466fd1b4d,True,"Specific quantitative details such as the $1.5 million impact of a 100 basis point interest rate change and the $1.7 million impact of a 10% foreign currency exchange rate change were removed, and concrete mitigation commitments were replaced with vague language about no assurances in mitigating tariff impacts, indicating a reduction in transparency.",,,,,,cb7cc991250947ab,,
temporal,NNBR,10-Q,Risk Factors,regulatory_legal,2025-08-07,2025-05-07,53b37c4cbf4cb9b8,True,"Specific details about tax impacts and a refund claim were removed, leaving only a generic reference to legal proceedings without any concrete commitments or quantitative breakdowns.",,,,,,2fcb945a21f01b68,,
temporal,INVX,10-Q,MD&A,accounting_audit,2025-08-06,2025-05-07,277a5371552f8272,True,"The current period removed specific dollar amounts and percentages related to projects accounted for over-time, eliminated detailed explanations of revenue recognition and loss recording policies, and replaced a previously detailed critical accounting estimates discussion with a vague statement of no significant changes, indicating a reduction in transparency.",,,,,,2db37f53fd44bddd,,
temporal,INVX,10-Q,Risk Factors,cost_margin_pressure,2025-08-06,2025-05-07,c143bf3463a48f2f,True,"Specific dollar amounts related to goodwill and intangible assets were removed and detailed amortization information was replaced with vague statements, reducing transparency.",,,,,,ba56b26ea4c6b6a7,,
temporal,JCI,10-Q,MD&A,supply_chain,2025-08-06,2025-05-07,23cced41cfeb5782,True,"The current period removed the detailed discussion of the historical effectiveness of mitigation actions and the uncertainty about future effectiveness, collapsing a previously detailed risk discussion into a briefer, more generic statement without replacement detail.",,,,,,c83396d2e2863a81,,
temporal,KAI,10-Q,MD&A,accounting_audit,2025-08-06,2025-05-07,07e097e2dd2d0190,True,"Specific details about adjusted operating income, adjusted EBITDA, and their exclusions were removed and replaced with a vague statement about a non-GAAP measure, reducing transparency on critical accounting policies and estimates.",,,,,,aef30a8d25fc9a80,,
temporal,SYM,10-Q,MD&A,liquidity_solvency,2025-08-06,2025-05-07,99fa9bfb15bc97ee,True,"The current period removed specific dollar amounts and detailed breakdowns of operating lease cash requirements and consolidated contractual obligations into a single vendor commitments table without prior detailed lease disclosures, reducing transparency on contractual obligations.",,,,,,9ff50f5a8d308738,,
temporal,VECO,10-Q,MD&A,human_capital,2025-08-06,2025-05-07,4610707d15e4213d,True,"Specific explanation of decreased R&D expenses tied to personnel costs was removed and replaced with vague, generic statements about R&D initiatives without quantitative or concrete detail.",,,,,,9741d02b1c84d7c8,,
temporal,CAT,10-Q,MD&A,accounting_audit,2025-08-06,2025-05-07,ec06e2dafbee5f50,True,"The specific definition of consolidated net worth under the Credit Facility was removed and replaced with a vague statement about financial covenants, eliminating previously detailed accounting metric disclosure.",,,,,,9d26980c08047325,,
temporal,CAT,10-Q,Risk Factors,accounting_audit,2025-08-06,2025-05-07,7cff4c62fee8100c,True,"The current period removed the detailed discussion on non-GAAP financial measures and the statement about no significant changes to critical accounting estimates, collapsing previously specific disclosures into brief, vague statements.",,,,,,0621b98e44a51213,,
temporal,CAT,10-Q,Risk Factors,human_capital,2025-08-06,2025-05-07,cd819a604b7369d8,True,"Specific details about restructuring income/costs including employee separation and asset impairments were removed and replaced with vague, unrelated boilerplate about responsibilities, indicating a loss of concrete risk disclosure.",,,,,,0caebfb3ee623445,,
temporal,CAT,10-Q,Risk Factors,operational_product,2025-08-06,2025-05-07,b4379a6dd17b5f5d,True,"The current period removed the detailed product portfolio and specific responsibilities previously disclosed for Resource Industries and replaced detailed segment descriptions with vague summaries, significantly reducing transparency.",,,,,,efec5328019ebaca,,
temporal,CRCT,10-Q,MD&A,geopolitical_macro,2025-08-06,2025-05-07,1b5383e1279ed17f,True,"Multiple specific risk details and concrete examples related to tariffs, geopolitical risks, and trade restrictions previously disclosed have been removed and replaced with vague, generic statements, significantly reducing transparency.",,,,,,3d77704bb200284d,,
temporal,CRCT,10-Q,MD&A,liquidity_solvency,2025-08-06,2025-05-07,5b97fc555f97713d,True,"The current period removed the specific statement about potentially needing to seek additional equity or debt financing if liquidity is insufficient, reducing transparency on mitigation plans.",,,,,,c09e63c45c06f1c9,,
temporal,CRCT,10-Q,MD&A,regulatory_legal,2025-08-06,2025-05-07,2ca0e0294aa63e94,True,"Multiple specific regulatory details and concrete descriptions of U.S. government actions and risks related to trade restrictions and export controls were removed, collapsing a previously detailed risk discussion into a brief generic statement without replacement detail.",,,,,,806385bd0e663822,,
temporal,CXT,10-Q,MD&A,geopolitical_macro,2025-08-06,2025-05-07,bcfcbd98c9413158,True,"Specific dollar amounts, percentages, and detailed sales breakdowns related to tariffs, acquisitions, and currency impacts were removed and replaced with vague, generic statements without concrete commitments or quantitative detail.",,,,,,c59c9c9be51f0bac,,
temporal,DBD,10-Q,MD&A,geopolitical_macro,2025-08-06,2025-05-07,c1f4adfa7e50cdbe,True,"Specific dollar amounts and percentages related to tariff impacts and net sales were removed or replaced with vague ranges and summaries, and the previously detailed risk discussion on tariffs and currency impacts was replaced with a lengthy generic list of risks without concrete mitigation plans.",,,,,,1d9d6838ae779bfa,,
temporal,DBD,10-Q,MD&A,human_capital,2025-08-06,2025-05-07,53e3d189e14d8090,True,"The current period removed specific employee count and geographic presence details, as well as the R&D investment description, leaving only a vague expense statement without prior concrete context.",,,,,,43f58c7cfa6e8be0,,
temporal,DNOW,10-Q,MD&A,human_capital,2025-08-06,2025-05-07,76c9bdbb9dc87544,True,"The specific condition that payments are due if non-financial post combination service conditions are met was removed, eliminating concrete commitment details.",,,,,,a98ee9587ed18f0f,,
temporal,ANET,10-Q,MD&A,cost_margin_pressure,2025-08-06,2025-05-07,563c359ba2f9ecc3,True,"Specific details about investments in AI technologies and proprietary datasets were removed and replaced with vague language about increased compliance burdens, reducing transparency on cost drivers.",,,,,,7c36517acfb066e3,,
temporal,ANET,10-Q,MD&A,liquidity_solvency,2025-08-06,2025-05-07,970fd6f1d81a9434,True,"Specific dollar amounts and timelines related to stock repurchase programs were removed and replaced with vague boilerplate language, eliminating previously detailed quantitative disclosures.",,,,,,6f0e182dcb9fa251,,
temporal,ANET,10-Q,Risk Factors,debt_financing,2025-08-06,2025-05-07,716fdb43bc4dceca,True,"Multiple specific risk details and concrete examples related to customer purchasing power, credit risk of channel partners, and potential payment defaults were removed, collapsing a previously detailed risk discussion into a briefer, more generic summary without replacement detail.",,,,,,0573d9a8498353d6,,
temporal,ANET,10-Q,Risk Factors,regulatory_legal,2025-08-06,2025-05-07,5fdbb3ee38bd6668,True,"Multiple specific dollar amounts, detailed timelines, and concrete regulatory compliance commitments previously disclosed have been removed or replaced with vague, generalized language, and detailed risk discussions have been condensed into more generic statements without replacement detail, indicating a degradation in disclosure quality.",,,,,,45e3a6aec3ca79d7,,
temporal,OMCL,10-Q,MD&A,financial_sustainability,2025-08-06,2025-05-07,7efe8293a57caa0f,True,Specific dollar amounts for investing activities and capital expenditures previously disclosed were entirely removed without replacement detail.,,,,,,12e31b33a9e31048,,
temporal,OMCL,10-Q,Risk Factors,revenue_future_performance,2025-08-06,2025-05-07,523c42b6d79b35c0,True,"The current period removed the specific risk about competitors being better positioned to withstand tariffs or trade restrictions, collapsing a previously detailed risk discussion into a brief generic statement and removing a concrete competitive risk factor.",,,,,,bbc829f2bc1120aa,,
temporal,HLIO,10-Q,MD&A,accounting_audit,2025-08-05,2025-05-07,83e3acc2d8f0ce5b,True,"Specific dollar amount ($0.5 million amortization expense) and timeline (useful life ending June 2025) related to the workforce intangible asset amortization were removed, and the detailed discussion of the planned change in HCEE operations was eliminated, leaving only a generic statement on critical accounting policies.",,,,,,2895e492d20cb1db,,
temporal,HLIO,10-Q,MD&A,operational_product,2025-08-05,2025-05-07,65b3b6164fd797b2,True,"Specific dollar amounts for restructuring costs and cash flow impacts related to insurance proceeds and operational changes were removed, and detailed descriptions of restructuring activities in the Hydraulics segment and Regional Operational Centers of Excellence were omitted, reducing transparency.",,,,,,4319032d8cab6e6a,,
temporal,HLIO,10-Q,MD&A,regulatory_legal,2025-08-05,2025-05-07,452547d99aa693cf,True,"The prior period included a specific timeline (2025) and a concrete assessment that Pillar Two would not materially impact the effective tax rate, along with a commitment to monitor developments; the current period removes these specifics and replaces them with vague, generic language without any timeline or assessment.",,,,,,e111877e68fdd3db,,
temporal,AXON,10-Q,Risk Factors,regulatory_legal,2025-08-05,2025-05-07,c18e94db9048dc39,True,"Multiple specific quantitative details and concrete examples related to legal and compliance risks, intellectual property claims, and AI regulatory risks were removed or replaced with more vague, generalized language, reducing transparency and detail in the risk discussion.",,,,,,6dc776be64e135d9,,
temporal,FFIV,10-Q,MD&A,geopolitical_macro,2025-08-06,2025-05-06,0bd742a437bc7f30,True,Specific dollar amounts related to foreign currency gains and valuation allowances were removed and the detailed breakdown of other income changes was replaced with a vague summary without concrete figures.,,,,,,bc6f304157df135e,,
temporal,CIX,10-Q,MD&A,geopolitical_macro,2025-08-05,2025-05-06,48c1456bd03b4991,True,"The detailed list of specific geopolitical and macroeconomic risks with concrete examples and explanations was entirely removed and replaced with a single vague statement about tariff-related component purchases, significantly reducing transparency.",,,,,,a3110460eef42eed,,
temporal,HY,10-Q,MD&A,human_capital,2025-08-05,2025-05-06,7771b477ee0e4e40,True,"The prior period included a specific $15 to $18 million estimate for employee severance and impairment costs which was removed in the current period, and the concrete commitment regarding head count reduction initiatives was omitted, reducing transparency.",,,,,,7ad081b8d09af13d,,
temporal,VATE,10-Q,MD&A,cybersecurity_technology,2025-08-05,2025-05-06,11d9dcf6f2a9ecd5,True,Specific legal risks related to cybersecurity incidents and data breaches were removed and replaced with a vague statement about liability insurance coverage without concrete risk discussion or mitigation plans.,,,,,,df1eeb57938dad74,,
temporal,VATE,10-Q,MD&A,debt_financing,2025-08-05,2025-05-06,9e0e0c685a384ae4,True,"Multiple specific dollar amounts and quantitative breakdowns previously disclosed in detail, including debt schedules, interest rates, exit fees, and maturity dates, have been removed or replaced with more summarized and vague descriptions in the current period, and concrete mitigation plans have been replaced with generic statements about refinancing and extensions, indicating a degradation in disclosure quality.",,,,,,cc5af4ff98fea539,,
temporal,VATE,10-Q,MD&A,operational_product,2025-08-05,2025-05-06,83585efacfe44682,True,"Specific operational details and quantitative breakdowns about segment performance and project impacts were removed and replaced with vague statements, reducing transparency on business drivers and risks.",,,,,,0df20b56691422fa,,
temporal,PLOW,10-Q,MD&A,operational_product,2025-08-05,2025-05-06,65b263fa79dc0fd7,True,"Detailed asset management and profit focus strategies including specific cost structure, lean production, pre-season order program, and vertical integration were removed and replaced with a vague statement about managing seasonality and variability.",,,,,,ed22edc594da060c,,
temporal,ACLS,10-Q,MD&A,financial_sustainability,2025-08-05,2025-05-06,79a54c0a565375ba,True,"The current period removed specific dollar amounts, percentages, and detailed income tax provision discussion, collapsing a previously detailed risk and financial discussion into a brief generic statement without replacement detail.",,,,,,c4cc6ffedfd1d829,,
temporal,JBTM,10-Q,MD&A,operational_product,2025-08-07,2025-05-05,720046b39280e4f0,True,"The prior period included a specific restructuring plan with concrete details about timing and initiatives, which was entirely removed in the current period, eliminating previously disclosed concrete commitments and quantitative breakdowns.",,,,,,1123792a55d0fd21,,
temporal,JBTM,10-Q,Risk Factors,regulatory_legal,2025-08-07,2025-05-05,f8e3b2af20cc656d,True,"The current period removed the specific risk of potential delays in implementing internal controls and the associated concrete consequences, reducing the detail and specificity of the risk discussion.",,,,,,162225d1ccc1cd92,,
temporal,CMI,10-Q,Risk Factors,regulatory_legal,2025-08-05,2025-05-05,4bd78b16e852e03f,True,"The detailed discussion of compliance risks related to tariffs, including potential costs, operational restrictions, fines, and reputational harm, was removed entirely, leaving only a generic reference to legal proceedings.",,,,,,05d92b06215dd450,,
temporal,BWXT,10-Q,MD&A,financial_sustainability,2025-08-04,2025-05-05,32131f8254f47438,True,"The current period removed specific dollar amounts related to restricted cash and long-term investments, as well as detailed descriptions of surety bond facilities and investment portfolio composition, collapsing multiple quantitative breakdowns into vague summaries.",,,,,,442faa3e7574f0ba,,
temporal,BWXT,10-Q,MD&A,geopolitical_macro,2025-08-04,2025-05-05,9baac8e57467f3c7,True,"Specific details about timing of major new awards, contract funding cycles, and the scale of program values were removed and replaced with vague, minimal disclosure about budgetary cycles.",,,,,,cf2ce0ddb456ca1f,,
temporal,EKSO,10-Q,MD&A,accounting_audit,2025-07-28,2025-05-05,0057554d7a44cfa9,True,"The current period removed detailed descriptions and quantitative breakdowns related to standalone selling prices, warranty costs, and lease accounting, replacing them with more vague and consolidated language, indicating a reduction in specificity and transparency.",,,,,,fe72e5d46027bc15,,
temporal,EKSO,10-Q,MD&A,debt_financing,2025-07-28,2025-05-05,44bfd95c3b9828f5,True,"Multiple specific dollar amounts and share quantities related to warrant exercises and offerings were removed or significantly reduced, and concrete timelines and exercise prices were replaced with less detailed or inconsistent figures, indicating a reduction in disclosure specificity and transparency.",,,,,,ec35f0aecd6fa441,,
temporal,EKSO,10-Q,MD&A,regulatory_legal,2025-07-28,2025-05-05,4bdf04d1e91f732f,True,"The current period removed the specific dollar amount and percentage increase in general and administrative expenses along with the detailed explanation of the causes, reducing transparency.",,,,,,26a42a189a3fe046,,
temporal,EKSO,10-Q,Risk Factors,accounting_audit,2025-07-28,2025-05-05,37a878f30de95eb1,True,"Multiple specific dollar amounts and quantitative breakdowns related to warrant liabilities and fair value measurements were removed, and detailed risk discussions and concrete accounting estimates were replaced with more vague and generic language, reducing transparency.",,,,,,df9fec583e15ae07,,
temporal,EKSO,10-Q,Risk Factors,debt_financing,2025-07-28,2025-05-05,b3806fa293c99960,True,"Multiple specific dollar amounts and quantitative breakdowns related to notes payable, warrant issuances, and scheduled principal payments were removed or significantly reduced, and detailed risk and financing discussions were replaced with more vague and condensed language, indicating a degradation in disclosure transparency.",,,,,,a8afd40ebf09d869,,
temporal,EKSO,10-Q,Risk Factors,geopolitical_macro,2025-07-28,2025-05-05,a9b3f3b3291105fe,True,"Multiple specific dollar amounts and quantitative breakdowns related to foreign exchange gains/losses and detailed risk factors were removed or replaced with more vague and generic language, and concrete mitigation plans were omitted, indicating a reduction in disclosure specificity and transparency.",,,,,,2f145585122ada82,,
temporal,TEX,10-Q,MD&A,accounting_audit,2025-07-31,2025-05-02,d1e2baff8448a9b8,True,"The prior period included a specific accounting policy for contingencies with clear criteria and measurement guidance, which was entirely removed and replaced with vague, unrelated boilerplate about non-GAAP measures without any concrete commitments or detailed risk discussion.",,,,,,5a8351189533c952,,
temporal,IR,10-Q,MD&A,human_capital,2025-07-31,2025-05-02,2b8f13b250a2bef2,True,"The detailed disclosure of stock-based compensation plans, including specific dollar amounts, performance targets, timelines, and valuation methods, was entirely removed and replaced with a single generic sentence about vesting upon death or termination.",,,,,,743515088245bfe9,,
temporal,CCK,10-Q,MD&A,debt_financing,2025-07-29,2025-05-02,72f4f32033f219b7,True,"Specific dollar amounts for certain long-term debt payments (e.g., $875 million 4.75% senior notes) were removed, and concrete details about covenant compliance and leverage ratio calculations were replaced with more generic statements without quantitative breakdowns.",,,,,,ffb23e18cd79be40,,
temporal,AAPL,10-Q,MD&A,financial_sustainability,2025-08-01,2025-05-02,445bfb05c1983e9d,True,"Specific dollar amounts for remaining share repurchase availability and the new $100 billion authorization were removed, and concrete details about the dividend increase timing were replaced with vague statements.",,,,,,0bebb0f5f3c8e183,,
temporal,OFLX,10-Q,MD&A,accounting_audit,2025-08-01,2025-05-02,aae7a1987c210cd5,True,"The prior period included detailed descriptions and effective dates of new accounting standards and their expected impacts, which were entirely removed in the current period, leaving only vague statements about evaluating impacts without any specifics.",,,,,,f89c05e296b4507f,,
temporal,OFLX,10-Q,MD&A,liquidity_solvency,2025-08-01,2025-05-02,5d8201cf0aa77bf6,True,"The current period removed specific dollar amounts for operating cash provided and the quantitative comparison to the prior year, and eliminated the detailed discussion of cash flow trends, reducing disclosure specificity.",,,,,,90ffbbc5344837bb,,
temporal,OFLX,10-Q,Risk Factors,operational_product,2025-08-01,2025-05-02,5b09d109a914d3c4,True,"The current period removed specific product application details and warranty assurances previously disclosed, collapsing detailed risk discussion into a briefer, less informative statement without replacement detail.",,,,,,f6fbd4d2fe521d3a,,
temporal,SPXC,10-Q,Risk Factors,accounting_audit,2025-08-01,2025-05-02,209b402de3c1a26b,True,"Multiple specific dollar amounts and detailed quantitative breakdowns related to fair value measurements, accumulated other comprehensive income, and Monte Carlo simulation valuation techniques were removed and replaced with more vague summaries, reducing transparency.",,,,,,4733f8b6fb30dc8f,,
temporal,SPXC,10-Q,Risk Factors,human_capital,2025-08-01,2025-05-02,270dfe9d2ea7439f,True,"The current period removed specific dollar amounts recognized for retention agreements, eliminated detailed quarterly special charges breakdowns, and replaced detailed long-term incentive compensation vesting schedules and director award timing with vague summaries, collectively reducing transparency.",,,,,,42b28ee7e4b5eab7,,
temporal,PRLB,10-Q,MD&A,debt_financing,2025-07-31,2025-05-02,3bbf950bd4cd4bbb,True,"The current period removed specific dollar amounts and detailed breakdowns of cash flows from financing activities that were present in the prior period, leaving only a generic statement about interest income variability.",,,,,,fea25a0812ad5b12,,
temporal,PRLB,10-Q,MD&A,regulatory_legal,2025-07-31,2025-05-02,ba33808d8f0dcb52,True,"Specific effective tax rate changes and detailed explanations from the prior period were removed and replaced with vague, generic statements about tax risks and potential future impacts without concrete figures or commitments.",,,,,,735ed1a5e75e35c9,,
temporal,TNC,10-Q,MD&A,financial_sustainability,2025-08-07,2025-05-01,aad302d6dd66d031,True,"Specific dollar amounts and concrete details about cash usage were removed and replaced with vague, generic statements about financial performance optimization.",,,,,,ba79bbd430d83cb7,,
temporal,TNC,10-Q,Risk Factors,accounting_audit,2025-08-07,2025-05-01,9816bab805b086da,True,"Specific timelines and detailed descriptions of new accounting standards and their adoption requirements were removed, and the previously detailed discussion on ASU 2024-03 and ASU 2023-09 was replaced with vague references without concrete impact or evaluation details.",,,,,,00d4f462a0e9bc63,,
temporal,TNC,10-Q,Risk Factors,financial_sustainability,2025-08-07,2025-05-01,95c696b28f150761,True,"Specific mention of cash usage driven by capital expenditures was removed and replaced with vague, non-quantitative statements about financial performance optimization.",,,,,,91fd7b788bcc52ee,,
temporal,ESAB,10-Q,MD&A,financial_sustainability,2025-08-06,2025-05-01,4bc1015a73b18f04,True,"Specific financial metrics and detailed explanations about adjusted EBITDA and net income changes were removed and replaced with vague, generic language about potential variability in results.",,,,,,8fa75e9d907ac6fc,,
temporal,ESAB,10-Q,MD&A,supply_chain,2025-08-06,2025-05-01,c69c49cf84253868,True,"Specific dollar amounts related to operating cash flow impacts, discontinued operations, and restructuring payments were removed and replaced with vague, non-quantitative statements about global operations and tariffs.",,,,,,e6cbf30edc5330ed,,
temporal,ESAB,10-Q,Risk Factors,regulatory_legal,2025-08-06,2025-05-01,0ea18ec0e89a67fc,True,"The prior period contained a detailed risk discussion about compliance with anti-corruption laws and associated liabilities, which was entirely removed and replaced with vague, unrelated boilerplate statements about tax rates and legal proceedings without specific risk details.",,,,,,427b1e5d659e8d66,,
temporal,OIS,10-Q,MD&A,accounting_audit,2025-07-31,2025-05-01,9156af7c3f81ef41,True,"The detailed discussion of critical accounting policies and estimates, including audit committee involvement and confirmation of no material changes, was removed and replaced with a vague reference, reducing transparency.",,,,,,5b0d40f7f4badab7,,
temporal,OIS,10-Q,Risk Factors,geopolitical_macro,2025-07-31,2025-05-01,e561e6053d2ec600,True,"Specific dollar amounts for foreign currency exchange losses and accumulated other comprehensive loss changes were removed, and the detailed quarterly timeline was replaced with a less specific six-month summary.",,,,,,167e789a61e2759d,,
temporal,OIS,10-Q,Risk Factors,regulatory_legal,2025-07-31,2025-05-01,f9224e48c79797e7,True,"Specific mention of 'Contingencies and Other Obligations' with detailed risk factors was replaced by a vague, generic statement about pending claims without concrete details or commitments.",,,,,,5af351d01ce32bc7,,
temporal,WHD,10-Q,MD&A,operational_product,2025-07-31,2025-05-01,8f37edd3cae04e95,True,"The detailed description of the Pressure Control segment's operations and services was entirely removed without replacement, leaving only a vague mention of capital expenditures in the Spoolable Technologies segment.",,,,,,c82c7d0557142743,,
temporal,WHD,10-Q,MD&A,supply_chain,2025-07-31,2025-05-01,422b2f203e91e17f,True,"Specific dollar amount ($6 million) and concrete supply chain diversification commitment (40% ownership in Vietnam facility) were removed and replaced with vague, generic statements about supply chain efforts and capital expenditures.",,,,,,33fc26489c3577ae,,
temporal,WHD,10-Q,Risk Factors,accounting_audit,2025-07-31,2025-05-01,81b1d37220ad046e,True,"The prior period contained detailed accounting policies, estimates, and quantitative disclosures, which were entirely removed and replaced with a vague reference to the annual report and a brief statement of no changes, significantly reducing transparency.",,,,,,dd129d52cc5e09ef,,
temporal,WHD,10-Q,Risk Factors,debt_financing,2025-07-31,2025-05-01,409674378964888e,True,"The detailed and specific disclosure of the Amended ABL Credit Facility terms, including dollar amounts, interest rates, maturity dates, and covenants, was entirely removed and replaced with vague, generic statements about potential financing and liquidity without concrete commitments or quantitative detail.",,,,,,de80051ae7970ee3,,
temporal,WHD,10-Q,Risk Factors,financial_sustainability,2025-07-31,2025-05-01,a4aba56d84c3f408,True,"Multiple specific dollar amounts, detailed dividend and distribution figures, and concrete share repurchase program details previously disclosed were entirely removed and replaced with vague, generic statements without quantitative detail.",,,,,,bc881bf0eaadd7fd,,
temporal,AGCO,10-Q,MD&A,regulatory_legal,2025-07-31,2025-05-01,a841c3683a3edf43,True,"The prior period included a detailed, specific legal case discussion with timelines and outcomes, which was entirely removed and replaced with a brief, generic statement about claims and lawsuits without any concrete details or commitments.",,,,,,bf565dd48965d4fd,,
temporal,ITT,10-Q,MD&A,operational_product,2025-07-31,2025-05-01,4177731b9571d9e3,True,"Specific operational details about restructuring actions and market focus were removed and replaced with unrelated, vague boilerplate about a different business segment, reducing transparency.",,,,,,f1298eb1ce29ea94,,
temporal,ITT,10-Q,Risk Factors,supply_chain,2025-07-31,2025-05-01,a18d6140468db63e,True,"Mitigation plans previously detailed with supplier negotiations, diversification, and pricing actions were entirely removed, leaving only a generic statement of uncertainty.",,,,,,59120f5c4af54cb0,,
temporal,CR,10-Q,MD&A,financial_sustainability,2025-07-31,2025-05-01,c86f77a3f82a9692,True,"The current period removed specific dollar amounts related to cash flows from investing activities and acquisition costs, as well as the detailed explanation of insurance coverage and investing activities cash flows, collapsing previously detailed risk and financial sustainability discussions into vague summaries.",,,,,,032660d1e4862b1f,,
temporal,MTRN,10-Q,MD&A,operational_product,2025-07-30,2025-05-01,30dda5876e0fb697,True,"Specific dollar amounts and detailed operational challenges related to manufacturing inefficiencies and segment EBITDA losses were removed and replaced with vague, generic descriptions of R&D expenses without quantitative or concrete operational details.",,,,,,7e6e5d3cb89bdcff,,
temporal,HAYW,10-Q,MD&A,geopolitical_macro,2025-07-30,2025-05-01,56db6a9f10032bee,True,"The prior period included specific geographic impacts and quantitative sales breakdowns related to geopolitical conflicts and currency effects, which were removed and replaced with vague, generic statements without detail in the current period.",,,,,,811411241a610277,,
temporal,GTLS,10-Q,MD&A,regulatory_legal,2025-07-29,2025-05-01,38f9b257d7a9440b,True,"The prior period included a specific disclosure about a letter of intent with a counterparty and a clear timeline (May 1, 2025), which was completely removed and replaced with lengthy, vague boilerplate merger agreement language lacking specific dollar amounts, percentages, or concrete commitments.",,,,,,88613525507b8b66,,
temporal,CARR,10-Q,MD&A,regulatory_legal,2025-07-29,2025-05-01,adacf992c91fe3ff,True,"Specific dollar amounts and detailed tax audit gain disclosures were removed and replaced with vague, generic language about cash deposits without concrete commitments or quantitative detail.",,,,,,42573a7e4b37d7ec,,
temporal,ITW,10-Q,MD&A,operational_product,2025-08-01,2025-05-01,df2df0494896eee0,True,"Specific details about the 80/20 practice application, including divestitures, exiting commoditized lines, and business structure simplification, were removed and replaced with vague, generic statements without concrete examples or commitments.",,,,,,bdb684b1fb451fae,,
temporal,VMI,10-Q,MD&A,supply_chain,2025-07-31,2025-04-30,3dc87e0824da7356,True,"The prior period included a specific dollar amount ($230.0 million) related to imported fabricated steel structures, which was completely removed in the current period, and the detailed discussion of macroeconomic and geopolitical impacts was eliminated, leaving only a brief mention of the supplier finance program.",,,,,,baac04705cd8bcef,,
temporal,RGR,10-Q,MD&A,debt_financing,2025-07-30,2025-04-30,7bf942ce5d30ebe9,True,"The specific statement about financing activities with funds from operations and cash was removed, reducing clarity on the company's financing strategy alongside the retention of credit facility details.",,,,,,86be38c54067f5f9,,
temporal,RGR,10-Q,MD&A,operational_product,2025-07-30,2025-04-30,a5c32dc8d8568665,True,"The prior period included specific operational metrics used for production planning, which were completely removed and replaced with vague strategic initiative descriptions lacking concrete details or quantitative measures.",,,,,,d56f63c64d2a3751,,
temporal,TKR,10-Q,MD&A,accounting_audit,2025-07-30,2025-04-30,87f804444c1eebe3,True,"Detailed definitions and specific adjustments for non-GAAP measures were removed and replaced with a brief generic statement referencing the 10-K, reducing transparency on how these measures are calculated.",,,,,,43fd4d85fdbb1ee0,,
temporal,TKR,10-Q,MD&A,operational_product,2025-07-30,2025-04-30,c18d34bb2d9e820a,True,"Specific operational details about industrial drivetrain services and potential restructuring actions were removed and replaced with vague, generic statements about continuous improvement without concrete commitments or specifics.",,,,,,f35ced92092c10ac,,
temporal,BC,10-Q,MD&A,financial_sustainability,2025-07-30,2025-04-30,92f1f075c51d011d,True,"Specific dollar amounts for restructuring charges were removed for the current period, and concrete capital spending and share repurchase targets were replaced with vague, non-committal language about management's evaluation and potential actions.",,,,,,c3f2da4515861b9b,,
temporal,BC,10-Q,Risk Factors,cost_margin_pressure,2025-07-30,2025-04-30,ae05c91e9f407016,True,"The detailed quantitative breakdowns of sales changes, gross margin drivers, segment operating earnings, and cost control measures were entirely removed, leaving only a brief generic statement about price recovery limitations.",,,,,,2f517e12d73eea31,,
temporal,BC,10-Q,Risk Factors,financial_sustainability,2025-07-30,2025-04-30,e932812d6538f450,True,"Multiple specific dollar amounts and concrete commitments related to restructuring charges, free cash flow definitions, capital expenditures, and share repurchase targets were entirely removed, leaving only a vague generic risk statement.",,,,,,449609fac68e0055,,
temporal,BC,10-Q,Risk Factors,geopolitical_macro,2025-07-30,2025-04-30,26c04b1c6852b425,True,"The prior period included detailed quantitative disclosures about currency exposure percentages, specific currencies, and a comprehensive list of risk factors, which were removed entirely in the current period, leaving only a brief generic statement on trade policy risks without any quantitative or detailed qualitative context.",,,,,,8cebd017da0fe7dd,,
temporal,BC,10-Q,Risk Factors,supply_chain,2025-07-30,2025-04-30,253ccae7f579a875,True,"The prior period included specific details about sales growth and distribution capabilities that were entirely removed, leaving only a vague statement about mitigation efforts without concrete context or quantitative information.",,,,,,c1f24864be3f0494,,
temporal,GTES,10-Q,MD&A,regulatory_legal,2025-07-30,2025-04-30,916ef04bca879fed,True,"Specific discrete tax expense amounts and detailed breakdowns from the prior period were removed and replaced with vague, generic descriptions of tax rules and legislation without concrete commitments or quantitative detail.",,,,,,994d2012678186f4,,
temporal,GTES,10-Q,Risk Factors,geopolitical_macro,2025-07-30,2025-04-30,9a70935d5dad6064,True,"The detailed and specific geopolitical risk factors and quantitative impacts related to currency exchange rates and tariffs disclosed previously were replaced with a broad, generic list of risks and forward-looking statements without concrete commitments or detailed breakdowns.",,,,,,9f6e16e96fc74526,,
temporal,GTES,10-Q,Risk Factors,revenue_future_performance,2025-07-30,2025-04-30,f4850017994ab4e1,True,"Detailed quantitative breakdowns of net sales, adjusted EBITDA, and core sales growth by segment and channel were entirely removed and replaced with a brief generic statement about interim results.",,,,,,dea9e21a598af26a,,
temporal,SWK,10-Q,MD&A,accounting_audit,2025-07-29,2025-04-30,f2b980a4dccf90f9,True,"Specific dollar amounts and detailed reconciliations of Non-GAAP adjustments for individual line items and quarterly periods were removed and replaced with a vague summary for six-month periods, and the detailed reconciliation tables and explanations were omitted.",,,,,,5ad1b8f3fb00bddc,,
temporal,SWK,10-Q,MD&A,geopolitical_macro,2025-07-29,2025-04-30,2b08ee59fcd69b49,True,"Specific dollar amounts and timelines related to tariff impacts and mitigation plans were removed and replaced with vague summaries, and detailed commitments on price increases were replaced with generic statements about ongoing plans.",,,,,,2d8f990a6b95dc26,,
temporal,XYL,10-Q,MD&A,financial_sustainability,2025-07-31,2025-04-29,21f4d9bdf31d91d5,True,"Specific dollar amounts for restructuring costs and detailed adjusted operating income and margin figures were removed and replaced with vague, non-quantitative statements and generic boilerplate about non-GAAP measures, reducing transparency.",,,,,,1dc65e7de1b6f1ac,,
temporal,FLS,10-Q,MD&A,accounting_audit,2025-07-30,2025-04-29,72bbbf193218a4e6,True,"Specific details about critical accounting policies and the process of preparing financial statements were removed and replaced with vague, generic statements about estimates and assumptions.",,,,,,86a784fdca9c8cb4,,
temporal,FLS,10-Q,Risk Factors,accounting_audit,2025-07-30,2025-04-29,a13ebb39f39d615c,True,"The current period removed the detailed description of disclosure controls and procedures, the conclusion on their effectiveness, and the statement about changes in internal control over financial reporting, leaving only a brief mention of an evaluation being conducted.",,,,,,13b11717378ab531,,
temporal,FLS,10-Q,Risk Factors,revenue_future_performance,2025-07-30,2025-04-29,5480cdfc8951030a,True,"Specific dollar amounts of foreign currency gains and losses and related detailed discussion were removed entirely, leaving only a vague reference to the Annual Report without concrete figures or analysis.",,,,,,4406ca638bf346be,,
temporal,CECO,10-Q,MD&A,financial_sustainability,2025-07-29,2025-04-29,24a5f227c8771c4a,True,"The specific statement about substantial expense and income associated with acquisitions was removed, leaving only a vague expectation about treating financial impacts as special items without concrete detail.",,,,,,75a69171a9463904,,
temporal,CECO,10-Q,MD&A,supply_chain,2025-07-29,2025-04-29,5e86cf047b6a38af,True,"The detailed risk discussion including specific risks related to acquisitions, contracts, costs, and other factors was removed and replaced with a brief, generic statement lacking quantitative detail or concrete mitigation plans.",,,,,,7c6f9b6b4a2c9370,,
temporal,NOV,10-Q,Risk Factors,debt_financing,2025-07-29,2025-04-29,bcff7172fcd2e5b1,True,"The specific $1 billion share repurchase program over 36 months was removed entirely, leaving only a generic undertaking statement without concrete commitments or details.",,,,,,f3195ad630f6569f,,
temporal,TRS,10-Q,MD&A,debt_financing,2025-07-29,2025-04-29,3dfe149f73eaf0b0,True,"The redemption price for the Senior Notes in 2024 (102.063%) was removed, and the detailed quantitative breakdowns of leverage ratios and borrowing capacity were consolidated or omitted, reducing specificity on debt terms and covenants.",,,,,,9dbfeb07571a2352,,
temporal,ASTE,10-Q,Risk Factors,cybersecurity_technology,2025-08-06,2025-04-29,bcb6ac6106b1f2b9,True,"Specific details about the ERP implementation progress in 2023 and 2024 were removed, leaving only a vague statement about the ongoing project.",,,,,,e580cf4dbb85c636,,
temporal,ASTE,10-Q,Risk Factors,regulatory_legal,2025-08-06,2025-04-29,d1000d62d7c39ee5,True,"The detailed discussion of pending litigation and specific acquisition-related risks with concrete examples was removed, leaving only a brief generic statement about future litigation risks.",,,,,,30393dd5fa54043c,,
temporal,HLMN,10-Q,MD&A,accounting_audit,2025-08-05,2025-04-29,1e60db7efc9f530f,True,"The prior period included a clear reference to no material changes in critical accounting policies and a pointer to detailed discussion in the annual report, while the current period removed this and replaced it with vague, generic language without specific commitments or detailed risk discussion.",,,,,,71a2cec8d23273be,,
temporal,HLMN,10-Q,MD&A,operational_product,2025-08-05,2025-04-29,6a7442f227d0aaf0,True,"Specific dollar amounts and explanations for SG&A changes, including $1.4 million corporate restructuring expense and variable compensation details, were removed leaving only a vague statement about warehouse expense.",,,,,,fb0e28e21d0423d0,,
temporal,ZBRA,10-Q,MD&A,accounting_audit,2025-08-05,2025-04-29,793a0be35bcb3ce1,True,"Removal of specific accounting treatment details regarding receivables sales and beneficial interest, along with elimination of the detailed non-GAAP measures reconciliation disclosure, reduces transparency in the MD&A section.",,,,,,0bb4fffdca3582ab,,
temporal,ZBRA,10-Q,MD&A,supply_chain,2025-08-05,2025-04-29,7928b20f29e48a41,True,"The prior period included a concrete mitigation plan with specific strategies to address supply chain impacts, which was entirely removed in the current period, leaving only a generic list of risk factors without any commitments or mitigation details.",,,,,,36f24ca0405950fb,,
temporal,INTZ,10-Q,MD&A,cost_margin_pressure,2025-08-12,2025-04-29,878f265a1d0536f2,True,"Specific gross profit amounts and percentages, as well as detailed product mix percentages, were removed and replaced with vague statements about variability, reducing transparency on cost and margin pressures.",,,,,,194195248c4868cd,,
temporal,INTZ,10-Q,MD&A,geopolitical_macro,2025-08-12,2025-04-29,d915cc757d330ee1,True,"The prior detailed risk discussion about government sales risks was entirely removed and replaced with a vague revenue explanation, eliminating specific risk factors and potential impacts.",,,,,,b47af84297570279,,
temporal,GRC,10-Q,MD&A,regulatory_legal,2025-07-28,2025-04-28,c6e64f3efdad8a28,True,"The prior period included a detailed discussion of disclosure controls and procedures, which was entirely removed and replaced with a brief, generic statement about legal proceedings, indicating a significant reduction in transparency.",,,,,,ec2818eb00a9e8db,,
temporal,DOV,10-Q,MD&A,financial_sustainability,2025-07-24,2025-04-24,d93187df498e3294,True,"Specific dollar amounts and detailed breakdowns of share repurchases, segment earnings margin, commercial paper borrowings, and total dividend payments were removed and replaced with vague summaries.",,,,,,dcadbd95649f9e8b,,
temporal,DOV,10-Q,MD&A,geopolitical_macro,2025-07-24,2025-04-24,49004eaf210ec49f,True,Specific quantitative impacts on revenue and net debt from foreign currency translation and other factors were removed and replaced with vague forward-looking statements without concrete details or breakdowns.,,,,,,47e719ea34687847,,
temporal,DOV,10-Q,MD&A,operational_product,2025-07-24,2025-04-24,2e2f5ebb84d67277,True,"Specific details about restructuring charges related to product line exits and headcount reductions were removed and replaced with vague, generalized statements without concrete commitments or quantitative breakdowns.",,,,,,562a062f040cb3e8,,
temporal,IBM,10-Q,MD&A,operational_product,2025-07-24,2025-04-24,8f3456b3556967e0,True,Specific product launch details and AI capabilities previously disclosed in detail were removed and replaced with vague revenue and profit summaries without concrete commitments or feature descriptions.,,,,,,803a47baa195a517,,
temporal,MAS,10-Q,MD&A,operational_product,2025-07-31,2025-04-23,b27ba651363453ad,True,"The detailed quantitative breakdown of warranty liability changes in millions was completely removed, leaving only a generic statement about product safety regulations and liabilities.",,,,,,5e6f765a20d28df9,,
temporal,WFRD,10-Q,MD&A,regulatory_legal,2025-07-23,2025-04-23,b326176f9731039b,True,"Specific mention of cash requirements for personnel costs and litigation settlements was removed and replaced with vague, unrelated tax discussion, indicating a loss of relevant detail in MD&A.",,,,,,36ff262fa38761e7,,
temporal,WFRD,10-Q,Risk Factors,financial_sustainability,2025-07-23,2025-04-23,6cde695729763571,True,"Specific dollar amounts related to Russia operations were removed and replaced with more generic descriptions, while concrete breakdowns of assets and liabilities were eliminated without replacement detail.",,,,,,bb1eedf15f45e96a,,
temporal,BKR,10-Q,MD&A,regulatory_legal,2025-07-23,2025-04-23,61cb64d3d2aa991e,True,"The current period removed the specific progress update of a 28.3% emissions reduction and the reference to the 2023 Corporate Sustainability Report, eliminating concrete quantitative detail and evidence of ongoing mitigation efforts.",,,,,,cede6ba06230c1d2,,
temporal,BKR,10-Q,MD&A,supply_chain,2025-07-23,2025-04-23,64933406e00c209a,True,"Specific risks related to macroeconomic environment, trade policy, tariffs, oil price volatility, and regulatory changes were removed and replaced with a vague, generic statement about drilling rig activity.",,,,,,e6e17d3777760ea9,,
temporal,ZWS,10-Q,MD&A,human_capital,2025-07-29,2025-04-22,4ff428260d6140ff,True,"The prior period included specific forward-looking expectations of further expenses related to workforce reductions and asset impairments, which were removed in the current period, reducing transparency about anticipated costs.",,,,,,d2463b18270f6621,,
temporal,PNR,10-Q,MD&A,debt_financing,2025-07-22,2025-04-22,2c27a1d189e13bc8,True,"Specific dollar amounts and timelines related to credit facilities and debt maturities were removed, and detailed quantitative breakdowns of financing activities and covenants were replaced with more vague summaries and general statements about objectives and commitments.",,,,,,d6ebec020d57879e,,
temporal,ARTW,10-Q,MD&A,geopolitical_macro,2025-07-14,2025-04-10,a51481ba6cc4b591,True,"Specific quantitative details on demand decline, interest rate expectations, tariff impacts, and inventory destocking from the prior period were removed and replaced with vague, non-quantitative statements without concrete commitments or detailed risk discussion.",,,,,,bb49a110c74def30,,
temporal,NTIC,10-Q,Risk Factors,geopolitical_macro,2025-07-11,2025-04-10,ab0c6495a39362bd,True,"Multiple specific dollar amounts, timelines, and detailed risk factors related to tariffs, inflation, and supply chain disruptions were removed or replaced with vague summaries and boilerplate language, reducing transparency on geopolitical and market risks.",,,,,,197f604e2e2eed5c,,
temporal,NTIC,10-Q,Risk Factors,regulatory_legal,2025-07-11,2025-04-10,27f0b9e278c4039c,True,"Specific dollar amounts related to undistributed earnings and associated tax recognition were removed and replaced with vague, generic regulatory risk language without concrete commitments or detailed breakdowns.",,,,,,32eed3bff0a33893,,
temporal,TPCS,10-Q,MD&A,human_capital,2025-08-21,2025-04-08,966760256a52e8e0,True,"Specific dollar amounts and detailed explanations of SG&A expense changes related to compensation and other costs were removed and replaced with a vague statement about direct labor hours increasing by 2%, losing quantitative and qualitative detail.",,,,,,aa9a33ad2844727c,,
temporal,TPCS,10-Q,MD&A,operational_product,2025-08-21,2025-04-08,ddf4a54bdbbcefd0,True,"Specific operating loss amounts and the concrete mitigation plan to address recurring losses at Stadco were removed entirely, replaced by omission of any quantitative loss figures or detailed remediation steps.",,,,,,80d5210bf7317028,,
temporal,TPCS,10-Q,MD&A,regulatory_legal,2025-08-21,2025-04-08,ff06ec3aadd07b1d,True,"Specific certifications for Ranor and the concrete timeline and status of the registration statement were removed, reducing detail and transparency.",,,,,,ffde8e1edefb0e01,,
temporal,TPCS,10-Q,Risk Factors,operational_product,2025-08-21,2025-04-08,c639b40fc95855f8,True,"Specific operating income and loss amounts and detailed mitigation plans for Stadco were removed and replaced with vague statements, reducing transparency on financial performance and corrective actions.",,,,,,cd8ad5b7729c442b,,
temporal,TPCS,10-Q,Risk Factors,regulatory_legal,2025-08-21,2025-04-08,0edc954ce20908a8,True,"Multiple specific legal claims, settlement timelines, and detailed risk discussions were removed and replaced with vague, generic statements without replacement detail.",,,,,,8765f75208337421,,
temporal,EPAC,10-Q,MD&A,accounting_audit,2025-06-27,2025-03-26,91336150623df603,True,"The specific statement that management evaluated and deemed the accounting estimates reasonable and appropriate was removed, reducing transparency about management's assessment of critical accounting estimates.",,,,,,4b75c991f2f70ab9,,
temporal,CIIT,10-Q,MD&A,financial_sustainability,2025-06-06,2025-03-12,ec4dd0abbf543c63,True,"Specific commitments about realizing asset value contingent on a successful offering and accrued payments as assets were removed, replaced by a vague statement about capital expenditure needs.",,,,,,e28054a86d7e0dc8,,
temporal,NTAP,10-Q,MD&A,accounting_audit,2025-08-27,2025-02-27,5e9a7a35d012862b,True,"The detailed discussion of internal control changes and ERP implementation impacts was removed, leaving only a brief statement about critical accounting policies with no mention of internal controls or specific mitigation plans.",,,,,,a810c7cfc4b7cb44,,
temporal,NTAP,10-Q,MD&A,geopolitical_macro,2025-08-27,2025-02-27,b9e82bcabca44990,True,"The detailed geopolitical risk discussion with specific examples, quantitative impacts, and mitigation strategies was removed and replaced with a brief generic reference to risk factors in the annual report, significantly reducing transparency.",,,,,,28ae72e711693f55,,
temporal,NTAP,10-Q,MD&A,regulatory_legal,2025-08-27,2025-02-27,5f38bc10e5aaf8ef,True,"Multiple specific details and quantitative breakdowns related to effective tax rate components and legal contingencies were removed, collapsing detailed risk discussion into brief generic statements without replacement detail.",,,,,,487da66dc9636e49,,
temporal,NTAP,10-Q,MD&A,supply_chain,2025-08-27,2025-02-27,37f587c9521c1a25,True,"The current period removed specific geopolitical risk details related to China-Taiwan tensions and their potential impact on supply chain and cyberattacks, collapsing a previously detailed risk discussion into a brief generic statement.",,,,,,147e7d0137a01da6,,
temporal,NTAP,10-Q,Risk Factors,debt_financing,2025-08-27,2025-02-27,7eca1801b57ef8fe,True,"Specific dollar amounts related to the commercial paper program availability and off-balance sheet purchase commitments were removed, and the previously detailed stock repurchase program disclosure was omitted, reducing quantitative detail and concrete commitments.",,,,,,dea5d2146536068d,,
temporal,NTAP,10-Q,Risk Factors,financial_sustainability,2025-08-27,2025-02-27,1a4a6e9f1c2f9f8f,True,"The current period removed the previously detailed cumulative repurchase totals and average price per share, replaced a specific cumulative repurchase authorization with a vague remaining authorized amount, and omitted the detailed timeline and historical context of the stock repurchase program.",,,,,,d3ae8d0930f7376c,,
temporal,NTAP,10-Q,Risk Factors,geopolitical_macro,2025-08-27,2025-02-27,f1bc332fd2fa84d4,True,"The detailed geopolitical risk discussion including specific risks related to international operations, tariffs, trade policies, sanctions, currency exposure, and mitigation strategies was entirely removed and replaced with a brief generic statement about market risk exposure.",,,,,,c2a5e7188bfc9ff6,,
temporal,NTAP,10-Q,Risk Factors,regulatory_legal,2025-08-27,2025-02-27,998051b0f7ca3eed,True,"Multiple specific disclosures including estimates for transition tax payments, detailed legal and regulatory risks, and insider trading arrangements were removed and replaced with vague or unrelated boilerplate language, significantly reducing transparency.",,,,,,d1379e9f072cb552,,
temporal,NTAP,10-Q,Risk Factors,supply_chain,2025-08-27,2025-02-27,12eb2b1f72eda944,True,"The prior period included specific geopolitical risk details related to China-Taiwan tensions and their potential impact on supply chain and cyberattacks, which were entirely removed in the current period, resulting in loss of concrete risk discussion and specificity.",,,,,,cfe32ff2eb30b247,,
temporal,SMCI,10-K,MD&A,regulatory_legal,2025-08-28,2025-02-25,f935ab1899569bc0,True,"Multiple specific dollar amounts and detailed timelines related to delinquent SEC reporting obligations and litigation expenses were removed, and previously detailed risk discussions and quantitative breakdowns were replaced with more generic, consolidated summaries without replacement detail.",,,,,,7a677591bc94c4ce,,
temporal,SMCI,10-K,MD&A,supply_chain,2025-08-28,2025-02-25,71d7d4f0dfdd0dde,True,"Multiple specific quantitative details and concrete commitments about suppliers, inventory management, and risk mitigation present in the prior period were removed or replaced with more vague and generic language in the current period, reducing transparency.",,,,,,75510f677f27fe0b,,
temporal,SMCI,10-K,Risk Factors,cost_margin_pressure,2025-08-28,2025-02-25,143f52afafd3f8d7,True,"Multiple specific dollar amounts and percentages related to cost of sales from Ablecom and Compuware were removed, and detailed risk discussions about inventory write-downs, inflation impacts, and concrete mitigation plans were replaced with more generic and less detailed language.",,,,,,e2c0160a54d8ec58,,
temporal,SMCI,10-K,Risk Factors,geopolitical_macro,2025-08-28,2025-02-25,32461f662e300fa5,True,"Multiple specific dollar amounts, detailed timelines, and concrete commitments related to export controls, geopolitical risks, and tax provisions were removed or replaced with more generic and vague language, significantly reducing disclosure specificity and quantitative detail.",,,,,,6bb5455ffcaeedd2,,
temporal,SMCI,10-K,Risk Factors,operational_product,2025-08-28,2025-02-25,387720efc092a0fd,True,"Multiple specific dollar amounts and detailed risk discussions regarding product defects, manufacturing challenges, and operational risks were removed and replaced with more generic, vague language lacking concrete commitments or quantitative breakdowns.",,,,,,c7489d39910b051d,,
temporal,SMCI,10-K,Risk Factors,regulatory_legal,2025-08-28,2025-02-25,d771383a8780b15c,True,"Multiple specific dollar amounts, detailed timelines, and concrete commitments related to delinquent SEC reporting and legal risks were removed and replaced with more vague, generalized language, and previously detailed risk discussions were consolidated into brief summaries without replacement detail.",,,,,,dc5f9f11a7d38823,,
temporal,SMCI,10-K,Risk Factors,revenue_future_performance,2025-08-28,2025-02-25,250312e8f01f65f6,True,"The current period removed specific customer concentration figures and detailed risk factors, replacing them with more generic summaries and vague language, resulting in a less detailed and less transparent risk discussion.",,,,,,95e0e94ead3f43ae,,
temporal,SMCI,10-K,Risk Factors,supply_chain,2025-08-28,2025-02-25,3891d28517e2e20d,True,"Multiple specific quantitative details and concrete commitments regarding suppliers, inventory management, and risk mitigation present in the prior period were removed or replaced with more vague and generic language in the current period, reducing transparency.",,,,,,ac7dff887c5c9c7d,,
temporal,QMCO,10-Q,Risk Factors,debt_financing,2025-09-11,2025-02-12,251b5d5b5491e2ce,True,"Multiple specific dollar amounts and detailed terms related to the PNC Credit Facility and Term Loan were removed or obscured, and concrete commitments such as the requirement to use SEPA proceeds for loan repayment were replaced with vague statements about waivers and active management efforts, indicating a degradation in disclosure quality.",,,,,,49e658428b1824bd,,
temporal,QMCO,10-Q,Risk Factors,geopolitical_macro,2025-09-11,2025-02-12,01e05fb7c5609cd6,True,"The detailed and specific risk factors related to geopolitical and macroeconomic trends were entirely removed and replaced with vague, unrelated boilerplate about tax provisions without any concrete risk discussion or commitments.",,,,,,543dc1bab9f496cf,,
temporal,QMCO,10-Q,Risk Factors,regulatory_legal,2025-09-11,2025-02-12,b116d45f83ec061c,True,"The prior period included a detailed $4 million damage amount, specific lawsuit procedural updates, and a clear assessment of remote risk, all of which were removed and replaced with a vague description of a new shareholder class action with unspecified damages and an inability to assess material impact.",,,,,,a307ca2ef85ba10e,,
temporal,CMCO,10-Q,MD&A,operational_product,2025-07-30,2025-02-10,455ca6931238be71,True,"Specific dollar amounts related to impairment and severance costs were removed and detailed initiatives to reduce lead-times, warranty costs, and improve productivity were replaced with vague statements about strategic initiatives without concrete commitments.",,,,,,462869abe213198b,,
temporal,CMCO,10-Q,MD&A,supply_chain,2025-07-30,2025-02-10,7f1252f38b8c554d,True,"Specific relocation plans and timelines were removed and replaced with vague initiatives, and detailed discussion of supply chain challenges was condensed without replacement detail.",,,,,,e13bad0d793b9b44,,
temporal,GHM,10-Q,MD&A,accounting_audit,2025-08-05,2025-02-07,645c6f65fe56fec3,True,"Detailed quantitative reconciliations and specific dollar amounts for adjusted EBITDA and adjusted net income were entirely removed and replaced with vague boilerplate language, significantly reducing transparency.",,,,,,d229ce5b1e691477,,
temporal,GHM,10-Q,MD&A,operational_product,2025-08-05,2025-02-07,bd8eab5dd24fd2bc,True,"Specific details about SG&A cost drivers and strategic investments were removed, leaving only a vague mention of ERP implementation costs and a general timeline without prior detailed context.",,,,,,37b9529d148bff16,,
temporal,RBC,10-Q,MD&A,human_capital,2025-08-01,2025-01-31,604a03a0a2671362,True,Multiple specific cost components and quantitative breakdowns previously disclosed for SG&A increases were removed and replaced with a vague statement attributing the increase solely to personnel costs.,,,,,,284f188f8fd95d19,,
temporal,LOGI,10-Q,Risk Factors,geopolitical_macro,2025-07-30,2025-01-29,7b06511ea32c857d,True,"The prior period contained a detailed and specific discussion of trade policy risks with multiple concrete examples and potential impacts, which was entirely removed and replaced with a vague, generic discussion of tax law changes without specific dollar amounts, timelines, or concrete mitigation plans.",,,,,,02829e080711a9f8,,
temporal,SOTK,10-Q,MD&A,financial_sustainability,2025-07-10,2025-01-13,828a76d4d9b066f2,True,"Detailed income tax expense amounts, deferred tax asset and liability changes, and explanations for tax expense variations were removed and replaced with vague, minimal disclosure.",,,,,,44c362f2bd2db3b5,,
temporal,SOTK,10-Q,MD&A,regulatory_legal,2025-07-10,2025-01-13,149f00833f02bbe5,True,"Specific dollar amounts and detailed timeline regarding California sales tax liabilities and accruals were removed and replaced with vague, unrelated boilerplate about tax accounting standards without concrete commitments or mitigation plans.",,,,,,307db1ee9f1029cd,,
temporal,AZZ,10-Q,MD&A,regulatory_legal,2025-07-09,2025-01-07,830fb2d8934dd779,True,"Specific dollar amounts and detailed descriptions of legal settlements and accruals were removed and replaced with a vague summary of 'certain legal settlements, accruals, and restructuring charges' without quantitative detail.",,,,,,f6f55f378837d26f,,
temporal,AZZ,10-Q,Risk Factors,human_capital,2025-07-09,2025-01-07,d192bb83b2884af7,True,"Specific dollar amounts and detailed explanations of expense increases, including legal settlements and severance costs, were removed and replaced with vague, minimal descriptions without quantitative detail.",,,,,,5a4b7c8199321741,,
temporal,DCI,10-K,Risk Factors,financial_sustainability,2025-09-26,2024-09-27,972294d3b0e1841d,True,"Specific risk discussions about acquisitions, divestitures, and strategic transactions with detailed potential impacts were removed and replaced with vague, generic statements about product investment and cost savings without concrete commitments or detailed risk breakdowns.",,,,,,2daeb2290e10a76a,,
temporal,TRT,10-K,MD&A,accounting_audit,2025-09-19,2024-09-23,38ee6aa609558219,True,"Multiple specific quantitative details and concrete commitments related to revenue recognition, impairment measurement, and income tax disclosures were removed or replaced with vague summaries, reducing transparency.",,,,,,096c7eb5a1b1b0af,,
temporal,TRT,10-K,MD&A,operational_product,2025-09-19,2024-09-23,9878bb3f71faaeed,True,"Specific impairment test details and conclusions about Malaysia assets were removed and replaced with vague, generic statements about asset use and operational flexibility without concrete commitments or quantitative breakdowns.",,,,,,815fe8d267a524d5,,
temporal,CTLP,10-K,MD&A,regulatory_legal,2025-09-08,2024-09-10,8d6183c402913e37,True,"Multiple specific dollar amounts and detailed litigation disclosures related to the 2019 Investigation and other legal matters were removed or replaced with vague summaries, and concrete commitments and detailed risk discussions about legal proceedings and regulatory compliance were replaced with more generic and less detailed language.",,,,,,889da8fd218f3518,,
temporal,CTLP,10-K,Risk Factors,cybersecurity_technology,2025-09-08,2024-09-10,50016fc983132436,True,"Specific details about technology investments, internal-use software increases, and R&D initiatives were removed and replaced with a vague summary of significant expenditures.",,,,,,73982c93d11a112a,,
temporal,CTLP,10-K,Risk Factors,operational_product,2025-09-08,2024-09-10,8da4193d77b7aea9,True,"Specific dollar amounts for professional service fees related to acquisitions were removed and detailed warranty and acquisition-related risk discussions were replaced with vague, unrelated statements, indicating a reduction in transparency.",,,,,,19029c5c331a3355,,
temporal,CTLP,10-K,Risk Factors,regulatory_legal,2025-09-08,2024-09-10,d6986d8b0f4c7b52,True,"Specific dollar amounts related to the SEC settlement and insurance reimbursements were removed, and detailed risk discussions about the 2019 Investigation and related contingencies were replaced with more generic and less detailed language, reducing transparency.",,,,,,c1c3dbf770654ef5,,
temporal,LTRX,10-K,Risk Factors,regulatory_legal,2025-08-29,2024-09-09,d58d58e4c233e9d2,True,"Multiple specific timelines and detailed state privacy law disclosures were removed and replaced with vague summaries; detailed commitments and risks related to AI and ESG were added but without concrete mitigation plans, resulting in a less precise and more generic risk discussion.",,,,,,cbef172495e715e8,,
temporal,TWIN,10-K,Risk Factors,cost_margin_pressure,2025-09-05,2024-09-06,49cd408a6a7a2a21,True,"Removed specific discussion of oil price decreases, demand reduction impacts, insurance recovery limitations, and detailed risk related to product disruptions, collapsing multiple concrete risk factors into a more generic summary.",,,,,,cbc70bd406587789,,
temporal,PANW,10-K,MD&A,accounting_audit,2025-08-29,2024-09-06,03f7a63e77cfb222,True,"Multiple specific risk disclosures and detailed quantitative breakdowns related to internal controls, ESG, debt obligations, stock volatility, and free cash flow metrics were removed and replaced with more generic and less detailed language, reducing transparency.",,,,,,fb3a21570236c8ba,,
temporal,PANW,10-K,MD&A,regulatory_legal,2025-08-29,2024-09-06,346b33423ed53231,True,"The prior period included a specific $184.4 million accrual for a patent infringement verdict plus detailed litigation-related charges, while the current period removed these specific dollar amounts and replaced them with vague references to a lump sum damages amount of $113.6 million on appeal without accrued amounts, and the detailed risk discussion on intellectual property litigation and tax provisions was consolidated into more generic summaries, reducing quantitative and concrete disclosure.",,,,,,9d069174ec2f2dd3,,
temporal,PANW,10-K,Risk Factors,debt_financing,2025-08-29,2024-09-06,5029b86667c90ef7,True,"Multiple specific dollar amounts and concrete commitments related to the 2025 Notes, including the $1.0 billion principal amount and detailed repayment obligations, were removed and replaced with vague references to the notes' maturity and related transactions, significantly reducing disclosure specificity.",,,,,,9903b304fb5722a3,,
temporal,PANW,10-K,Risk Factors,regulatory_legal,2025-08-29,2024-09-06,7661f40bb094796d,True,"Specific dollar amounts related to the Centripetal Networks lawsuit damages and accruals were removed and replaced with a vague summary; concrete commitments and timelines regarding the CyberArk acquisition were added but prior detailed quantitative breakdowns of litigation exposure were consolidated into less specific language, indicating a reduction in transparency.",,,,,,e29d03a92c1755bd,,
temporal,CSCO,10-K,MD&A,human_capital,2025-09-03,2024-09-05,f15cf26ff141e06d,True,"Multiple specific workforce diversity statistics and detailed inclusion initiatives previously disclosed were removed and replaced with vague summaries, and detailed executive officer biographies were condensed, reducing transparency on human capital commitments and diversity metrics.",,,,,,7928145454ec87eb,,
temporal,LRCX,10-K,Risk Factors,financial_sustainability,2025-08-11,2024-08-29,a1a0665c816a6ae2,True,"Multiple specific dollar amounts, percentages, and detailed risk discussions related to tax impacts, R&D investments, pandemic effects, and impairment methodologies were removed or replaced with more generic and vague language, reducing transparency on financial sustainability risks.",,,,,,842a4365cdb1c952,,
temporal,LRCX,10-K,Risk Factors,human_capital,2025-08-11,2024-08-29,31a27a57dd2f68d8,True,"Multiple specific quantitative details such as the percentage of employees engaged in research and development, detailed inclusion and diversity commitments, executive officer biographies, and concrete safety program descriptions were removed or replaced with more generic language, resulting in a less detailed and less transparent human capital risk disclosure.",,,,,,a3f38525efdb3102,,
temporal,LRCX,10-K,Risk Factors,operational_product,2025-08-11,2024-08-29,3d156f7c814c3593,True,"Multiple specific risk details and concrete mitigation plans related to operational product risks, employee health and safety, and supply chain disruptions were removed or replaced with more generic and less detailed language, reducing transparency.",,,,,,c4c5816d8a37f8a1,,
temporal,PH,10-K,MD&A,accounting_audit,2025-08-22,2024-08-22,d3e5ca039c8d5c49,True,"The current period removed the specific quantitative threshold for recognizing tax benefits ('largest amount of tax benefit with a greater than 50 percent likelihood') and replaced it with a vague statement, and also removed the detailed explanation of estimates for variable consideration, reducing specificity and concrete guidance.",,,,,,c9139d0efb531d5f,,
temporal,PH,10-K,Risk Factors,financial_sustainability,2025-08-22,2024-08-22,5df7ea2b8137b6c9,True,"Multiple specific dollar amounts, timelines, and detailed risk discussions related to insurance coverage, goodwill impairment testing, and financial risks were removed or replaced with vague, generic statements without concrete commitments or detailed breakdowns.",,,,,,26c05cacba46b323,,
temporal,PH,10-K,Risk Factors,geopolitical_macro,2025-08-22,2024-08-22,c522880c7698c292,True,"Multiple specific geopolitical risks and detailed examples such as the Russia-Ukraine conflict, sanctions, and a comprehensive list of country-specific risks were removed and replaced with more generic and vague language, significantly reducing disclosure specificity and quantitative detail.",,,,,,b32feafb11ec7cf2,,
temporal,PH,10-K,Risk Factors,operational_product,2025-08-22,2024-08-22,090e9379e2bc2975,True,The prior period included specific quantitative safety metrics and detailed operational risk commitments that were entirely removed and replaced with more generic and less detailed risk descriptions in the current period.,,,,,,87e89e58c821ace8,,
temporal,PH,10-K,Risk Factors,revenue_future_performance,2025-08-22,2024-08-22,fccaefa3523b6313,True,"Multiple specific risk factors and concrete commitments regarding product development, climate-related goals, and intellectual property protection were removed and replaced with more generic and vague statements, reducing disclosure specificity and detail.",,,,,,b1f603f62b9a8f7c,,
temporal,WDC,10-K,MD&A,cost_margin_pressure,2025-08-14,2024-08-20,5560432403d73738,True,"Multiple specific dollar amounts and quantitative breakdowns related to unabsorbed manufacturing overhead costs and inventory write-downs were removed, and detailed risk discussion with concrete examples was replaced by more vague and summarized language.",,,,,,43634b17934c7911,,
temporal,WDC,10-K,MD&A,geopolitical_macro,2025-08-14,2024-08-20,32c7add36431a4f1,True,"Multiple specific risks and detailed quantitative tax and geopolitical risk disclosures were removed and replaced with vague, high-level summaries, significantly reducing transparency.",,,,,,55c987608899ff47,,
temporal,WDC,10-K,MD&A,human_capital,2025-08-14,2024-08-20,593dcd901cf69992,True,"The detailed human capital disclosure with specific employee counts, diversity percentages, programs, and initiatives was entirely removed and replaced with only high-level, aggregated compensation and benefits cost changes without any qualitative or quantitative workforce details.",,,,,,3ab16708b3de624e,,
temporal,WDC,10-K,MD&A,liquidity_solvency,2025-08-14,2024-08-20,83767d6eb2aca373,True,"Multiple specific dollar amounts and detailed commitments related to Flash Ventures lease obligations and IRS tax liabilities were removed, replaced by more vague summaries and less concrete mitigation plans, indicating a reduction in disclosure transparency.",,,,,,6279be41fccb44cc,,
temporal,WDC,10-K,MD&A,operational_product,2025-08-14,2024-08-20,f574926bd6e62e4d,True,"Multiple specific dollar amounts, detailed risk discussions, and concrete operational risk scenarios present in the prior period were removed and replaced with vague summaries and minimal detail in the current period.",,,,,,1249dc7c69aba37b,,
temporal,WDC,10-K,MD&A,revenue_future_performance,2025-08-14,2024-08-20,a2014a007560d4fc,True,"The prior period included detailed qualitative risk factors and specific revenue breakdowns by end market and geography with explanations, while the current period removed much of the qualitative risk discussion and replaced detailed risk and mitigation language with more generic statements, alongside consolidating some revenue discussion into summary tables without the prior detailed narrative context.",,,,,,b4a5c4c062b78f69,,
temporal,WDC,10-K,MD&A,supply_chain,2025-08-14,2024-08-20,d950ddabb37f4705,True,"The detailed and specific supply chain risk disclosures, including supplier relationships, manufacturing details, risks from sole-source suppliers, and supply-demand imbalances, were largely removed and replaced with vague, generic statements lacking quantitative or concrete commitments.",,,,,,403f9d832ce7ceb9,,
temporal,WDC,10-K,Risk Factors,liquidity_solvency,2025-08-14,2024-08-20,508ed3f1863cc6cf,True,"Multiple specific dollar amounts, timelines, and concrete conditions related to the Separation, lease financings, and guarantees were removed and replaced with vague, generic statements lacking detailed risk discussion and quantitative breakdowns.",,,,,,3b3786c706aa7868,,
temporal,EXTR,10-K,MD&A,accounting_audit,2025-08-18,2024-08-16,25ee851b5b292921,True,"Multiple specific dollar amounts, detailed quantitative breakdowns, and concrete commitments related to amortization, tax rates, litigation accruals, and audit procedures disclosed previously have been removed or replaced with vague, generic language in the current period, indicating a degradation in disclosure transparency.",,,,,,499af3ae5ce9730f,,
temporal,EXTR,10-K,MD&A,regulatory_legal,2025-08-18,2024-08-16,8f0b94b990c9acf0,True,"Multiple specific dollar amounts and detailed timelines related to legal proceedings and tax matters were removed or replaced with vague summaries, and previously detailed risk discussions and litigation updates were condensed into more generic statements without replacement detail, indicating a degradation in disclosure transparency.",,,,,,c4a6abdf457e25c7,,
temporal,TAYD,10-K,MD&A,accounting_audit,2025-08-15,2024-08-15,b7f65fcd29829361,True,"The current period removed specific dollar amounts for inventory obsolescence and detailed descriptions of accounts receivable and revenue recognition policies, collapsing previously detailed risk and accounting policy discussions into vague summaries without replacement detail.",,,,,,ecbcaaa24b3ce7ba,,
temporal,TAYD,10-K,MD&A,financial_sustainability,2025-08-15,2024-08-15,9eae9eaf7cb5810b,True,"The current period removed specific dollar amounts related to state investment tax credit carryforwards and capital expenditure commitments, and replaced detailed commitments with vague summaries, reducing transparency.",,,,,,eaff8c40af596bec,,
temporal,KMT,10-K,MD&A,accounting_audit,2025-08-12,2024-08-12,8f2d8d2fc0b2273d,True,"Multiple specific quantitative details and concrete commitments regarding contract liabilities, allowances, and contingencies were removed or replaced with vague summaries, and the previously detailed risk discussion was significantly condensed into generic statements without replacement detail.",,,,,,330d56520004bbe4,,
temporal,SXI,10-K,MD&A,human_capital,2025-08-04,2024-08-02,7db6c8a61a9c6712,True,"The detailed breakdown of retirement plans and SG&A expense drivers was removed and replaced with only generic statements, significantly reducing specificity and transparency.",,,,,,38b9f02100a90569,,
temporal,SXI,10-K,MD&A,operational_product,2025-08-04,2024-08-02,cca6284bcb503370,True,"Specific dollar amounts and detailed breakdowns of restructuring expenses and related activities were removed and replaced with vague, non-quantitative language.",,,,,,29ecbf4b483d7067,,
temporal,STX,10-K,MD&A,liquidity_solvency,2025-08-01,2024-08-02,6159a8099bb771b3,True,"Multiple specific liquidity risks and potential impacts, including cash flow sufficiency, dividend servicing, quarterly results volatility, cost reduction uncertainties, geopolitical effects, and counterparty risks, were removed entirely, leaving only a brief mention of distributor credit access and working capital fluctuations.",,,,,,48fd3c73034cfc16,,
temporal,STX,10-K,Risk Factors,debt_financing,2025-08-01,2024-08-02,e51d0a3f6e42d459,True,"Multiple specific dollar amounts and detailed timelines related to debt principal payments, interest payments, and financial covenants disclosed in the prior period were removed or replaced with vague summaries in the current period, and detailed quantitative breakdowns of long-term debt maturities and interest payments were consolidated into less specific statements without replacement detail.",,,,,,93fd4dffa6cf1a2b,,
temporal,STX,10-K,Risk Factors,financial_sustainability,2025-08-01,2024-08-02,3a6a2c2486438cd5,True,"Multiple specific dollar amounts and detailed quantitative breakdowns related to capital expenditures, deferred tax assets, investment losses, and goodwill were removed, and detailed risk discussions and concrete commitments were replaced with more generic and less detailed language, indicating a degradation in disclosure quality.",,,,,,15bea4aa65487e34,,
temporal,STX,10-K,Risk Factors,geopolitical_macro,2025-08-01,2024-08-02,319778b2d8db2b31,True,"Multiple specific details including tax incentive expiration timelines, detailed foreign currency hedging strategies, and the October 2022 restructuring plan commitment were removed and replaced with vague, generic statements.",,,,,,35df76c0dc71400e,,
temporal,STX,10-K,Risk Factors,operational_product,2025-08-01,2024-08-02,8e5c39d41d0dc0a1,True,"Specific dollar amounts for total warranty cost and warranty reserves were removed, and the previously detailed discussion of warranty cost components and reserve balances was replaced with more generic language without quantitative breakdowns.",,,,,,fabbf1944725ad7c,,
temporal,WETH,10-K,MD&A,geopolitical_macro,2025-09-11,2024-04-17,08a8f725b0cb011c,True,"Multiple specific dollar amounts, percentages, and detailed timelines previously disclosed regarding COVID-19 impacts, tax rates, and foreign exchange policies were removed or replaced with vague summaries, and detailed risk discussions about regulatory and geopolitical risks in China were significantly condensed into more generic statements, indicating a degradation in disclosure transparency.",,,,,,b41e36d539f21876,,
temporal,WETH,10-K,MD&A,regulatory_legal,2025-09-11,2024-04-17,fd1cd58453c78452,True,"The current period removed specific dollar amounts and detailed descriptions of legal proceedings and contingencies previously disclosed, replacing them with vague summaries and omitting quantitative breakdowns, while also collapsing detailed risk discussions into more generic statements, indicating a degradation in disclosure quality.",,,,,,af4f242711504930,,
temporal,WETH,10-K,Risk Factors,accounting_audit,2025-09-11,2024-04-17,2fa9b3a08da5927b,True,"The detailed quantitative breakdown and specific dollar amounts related to common stock purchase warrants liability and convertible notes were removed, replaced by vague summaries; additionally, the previously detailed material weaknesses in internal control over financial reporting were condensed with fewer specifics, indicating a degradation in disclosure transparency.",,,,,,9c00cd641c98aace,,
temporal,WETH,10-K,Risk Factors,geopolitical_macro,2025-09-11,2024-04-17,1c09d1c280f49003,True,"Multiple specific dollar amounts, percentages, and detailed risk discussions related to COVID-19 impacts, PRC regulatory risks, and currency controls were removed or replaced with more generic and less detailed language, reducing transparency.",,,,,,e2a7fd67f8ed62a3,,
temporal,WETH,10-K,Risk Factors,regulatory_legal,2025-09-11,2024-04-17,278e0473c76a626d,True,"Multiple specific dollar amounts and detailed legal case descriptions previously disclosed were removed and replaced with vague summaries, and detailed risk discussions related to PRC regulatory and legal risks were condensed into more generic statements without replacement detail.",,,,,,45fa8c784d5f4351,,
temporal,WETH,10-K,Risk Factors,revenue_future_performance,2025-09-11,2024-04-17,01d4d320dfbd0cff,True,"Multiple specific dollar amounts, percentages, and detailed geographic and customer breakdowns previously disclosed have been removed or consolidated into vague summaries without replacement detail, and concrete risk discussions and mitigation plans have been replaced with more generic language.",,,,,,ca6adfa24da9f085,,
peer,FTEK,10-Q,MD&A,financial_sustainability,,,,True,"PPIH provides extensive detail on its financial obligations, leases, and impairment assessments indicating active management of financial sustainability risks, while FTEK offers only minimal, generic statements about capital expenditures and investment structure, suggesting potential downplaying of material financial sustainability risks.",PPIH,1.0,0.197871,2025-08-05,2025-09-15,,3d37ae5bb4bc9fee,ef12b93010c0da79
peer,FTEK,10-Q,MD&A,geopolitical_macro,,,,True,"FTEK provides only minimal, generic disclosure on foreign exchange and geopolitical risks despite clear evidence from peer PPIH that such risks materially affect income, taxes, and comprehensive income across multiple foreign jurisdictions, suggesting FTEK is downplaying a material geopolitical risk exposure.",PPIH,1.0,0.197871,2025-08-05,2025-09-15,,9ff8c934900ad4f7,d346075ee39ca356
peer,CECO,10-Q,MD&A,accounting_audit,,,,True,"PPIH discloses multiple material weaknesses in internal control over financial reporting and ongoing remediation plans, while CECO claims effective controls with no material weaknesses, suggesting CECO may be downplaying significant control risks evident in its peer.",PPIH,1.0,0.894077,2025-07-29,2025-09-15,,c9b625afc7183600,63c0da8eb7d9be2d
peer,CECO,10-Q,MD&A,financial_sustainability,,,,True,"CECO provides only vague, non-specific disclosure on financial impacts as special items, while PPIH offers detailed, quantifiable information on inventory allowances, lease obligations, and impairment assessments, suggesting CECO is downplaying material financial sustainability risks evident in the industry.",PPIH,1.0,0.894077,2025-07-29,2025-09-15,,75a69171a9463904,ef12b93010c0da79
peer,CECO,10-Q,MD&A,geopolitical_macro,,,,True,"PPIH provides minimal discussion on geopolitical and macroeconomic risks related to international trade and currency exposure despite having foreign subsidiaries, whereas CECO offers detailed disclosure on tariff impacts, currency risks, and geopolitical factors, suggesting PPIH may be downplaying material risks evident in the industry.",PPIH,1.0,0.894077,2025-07-29,2025-09-15,,1c9e4535ec0b6bd6,d346075ee39ca356
peer,CECO,10-Q,MD&A,regulatory_legal,,,,True,"CECO provides only a generic reference to legal proceedings with no substantive discussion, while PPIH details specific regulatory changes and their material impacts, suggesting CECO is downplaying a clearly material regulatory/legal risk.",PPIH,1.0,0.894077,2025-07-29,2025-09-15,,fcad7cdf940ca6b8,fe288c10f92ddc6e
peer,CECO,10-Q,MD&A,supply_chain,,,,True,"PPIH provides no substantive discussion of supply chain risks despite being in the same industry where CECO details active mitigation efforts and potential impacts, suggesting PPIH is downplaying a clearly material risk.",PPIH,1.0,0.894077,2025-07-29,2025-09-15,,7c6f9b6b4a2c9370,04a297b897b75f4a
peer,CECO,10-Q,Risk Factors,accounting_audit,,,,True,"PPIH discloses multiple material weaknesses in internal controls and ongoing remediation efforts, while CECO provides only generic assurances of effective controls with no mention of any weaknesses, suggesting CECO may be downplaying significant control risks evident in its peer.",PPIH,1.0,0.894077,2025-07-29,2025-09-15,,5f2effc215c19a5c,c4f8a2df86be8b2f
peer,CECO,10-Q,Risk Factors,regulatory_legal,,,,True,"CECO provides only a generic reference to legal proceedings without substantive detail, while PPIH discloses specific, quantifiable tax-related risks and regulatory changes, suggesting CECO may be downplaying material regulatory/legal risks.",PPIH,1.0,0.894077,2025-07-29,2025-09-15,,da24d7e56b37ae6a,50316eb7707fe9e5
peer,QMCO,10-Q,Risk Factors,cost_margin_pressure,,,,True,"QMCO provides minimal discussion on cost and margin pressures despite clear evidence of restructuring and cost management efforts, whereas PSTG offers a detailed, comprehensive analysis of multiple active and quantifiable margin risks, suggesting QMCO may be downplaying a material risk.",PSTG,1.0,2.639122,2025-09-11,2025-09-10,,7d20a53bea467044,17e12faf9480f82e
peer,QMCO,10-Q,Risk Factors,financial_sustainability,,,,True,"QMCO provides minimal discussion on financial sustainability risks despite industry-wide challenges highlighted by PSTG, suggesting potential downplaying of material financial risks.",PSTG,1.0,2.639122,2025-09-11,2025-09-10,,82c2d285874e7117,2e70c5d0f7e2a32e
peer,QMCO,10-Q,Risk Factors,geopolitical_macro,,,,True,"QMCO provides minimal and narrowly focused disclosure on geopolitical and macroeconomic risks, while PSTG offers extensive, detailed, and specific discussion of these risks, suggesting QMCO may be downplaying material geopolitical and macroeconomic exposures relevant to their industry.",PSTG,1.0,2.639122,2025-09-11,2025-09-10,,543dc1bab9f496cf,39e2d8ae7708b9fd
peer,QMCO,10-Q,Risk Factors,supply_chain,,,,True,"QMCO provides minimal and generic disclosure on supply chain risks despite clear industry-wide vulnerabilities detailed extensively by PSTG, suggesting QMCO is downplaying a material risk.",PSTG,1.0,2.639122,2025-09-11,2025-09-10,,361cd55b6393d47a,38743d1f1cb38e86
peer,EVLV,10-Q,MD&A,accounting_audit,,,,True,"ALOT provides only generic boilerplate on internal controls and audit risks despite being a peer in the same industry, while EVLV discloses extensive material weaknesses, restatements, and an active investigation, indicating ALOT is downplaying or concealing significant audit and accounting risks.",ALOT,1.0,0.040579,2025-08-14,2025-09-09,,09a02d39efae7ad5,3653fd15fc1a19d8
peer,EVLV,10-Q,MD&A,geopolitical_macro,,,,True,"ALOT provides only minimal, generic disclosure on geopolitical and trade risks despite clear exposure to international operations and currency fluctuations, whereas EVLV offers detailed, specific discussion of tariffs, trade restrictions, geopolitical tensions, and their material impacts, suggesting ALOT is downplaying significant industry-wide geopolitical risks.",ALOT,1.0,0.040579,2025-08-14,2025-09-09,,4d0733b60f77ae85,8fdb64aa82cc563c
peer,EVLV,10-Q,MD&A,human_capital,,,,True,"ALOT provides minimal and largely operational updates on human capital without addressing key risks such as talent retention, competition for skilled employees, or impacts on business strategy, whereas EVLV offers a detailed, substantive discussion of these material human capital risks, suggesting ALOT is downplaying significant workforce-related risks.",ALOT,1.0,0.040579,2025-08-14,2025-09-09,,4e1c9eca1d53d554,1730d7f86237d4fb
peer,EVLV,10-Q,MD&A,operational_product,,,,True,"ALOT provides minimal disclosure on operational and product risks despite acknowledging a complex acquisition integration, whereas EVLV offers extensive, detailed discussion of product failures, implementation challenges, and operational risks, suggesting ALOT is downplaying material operational risks evident in their industry.",ALOT,1.0,0.040579,2025-08-14,2025-09-09,,5407e70105dd4571,91d29b15e328e6f0
peer,EVLV,10-Q,MD&A,regulatory_legal,,,,True,"ALOT provides minimal and generic disclosure on legal and regulatory risks despite ongoing arbitration and acquisition-related issues, whereas EVLV offers extensive, detailed discussion of multiple active legal, regulatory, and compliance risks, suggesting ALOT is downplaying material legal and regulatory risks.",ALOT,1.0,0.040579,2025-08-14,2025-09-09,,202b82050d5bc103,7eda2943e84c3827
peer,EVLV,10-Q,MD&A,supply_chain,,,,True,"ALOT provides only minimal, generic disclosure on supply chain risks despite clear industry-wide exposure demonstrated by EVLV's detailed discussion of supply chain vulnerabilities and dependencies, suggesting ALOT is downplaying a material risk.",ALOT,1.0,0.040579,2025-08-14,2025-09-09,,1ef4a8c636d6ca4f,0ca4f3b680c7aafa
peer,EVLV,10-Q,Risk Factors,geopolitical_macro,,,,True,"ALOT provides only minimal, generic disclosure on foreign currency risk despite operating in multiple foreign currencies, whereas EVLV details extensive and specific geopolitical and macroeconomic risks including currency fluctuations, tariffs, and trade restrictions, suggesting ALOT is downplaying a material risk evident in their international operations.",ALOT,1.0,0.040579,2025-08-14,2025-09-09,,acbc6982c766bdaa,db2fd6dd73a9c115
peer,EVLV,10-Q,Risk Factors,regulatory_legal,,,,True,"ALOT provides only minimal, procedural details about a single arbitration without discussing broader regulatory, legal, or compliance risks that are clearly material and extensively disclosed by EVLV, suggesting ALOT is downplaying significant legal and regulatory risks.",ALOT,1.0,0.040579,2025-08-14,2025-09-09,,7f0407152d31da3c,9271082492cbc37b
peer,CRSR,10-Q,MD&A,financial_sustainability,,,,True,"ALOT provides only generic, boilerplate disclosures about financial estimates without addressing significant tax valuation allowances and deferred tax asset realizability issues that CRSR explicitly discusses, suggesting ALOT may be downplaying a material financial sustainability risk evident in the industry.",ALOT,1.0,0.617675,2025-08-07,2025-09-09,,a23fe074ba6649ea,7deeb14299025191
peer,CRSR,10-Q,MD&A,supply_chain,,,,True,"ALOT provides minimal and generic disclosure on supply chain risks despite inventory increases, while CRSR details active mitigation strategies and supply chain dynamics, suggesting ALOT may be downplaying a material supply chain risk.",ALOT,1.0,0.617675,2025-08-07,2025-09-09,,afdaa6f7ff2b2035,0ca4f3b680c7aafa
peer,MITK,10-Q,MD&A,regulatory_legal,,,,True,"ALOT provides detailed disclosure on active, material legal proceedings and risks related to acquisition disputes, while MITK offers only generic, non-substantive statements with no mention of any legal or regulatory risks, suggesting potential downplaying of material legal risks.",ALOT,1.0,0.048541,2025-08-07,2025-09-09,,eca3387e0842cf18,7eda2943e84c3827
peer,IBM,10-Q,MD&A,cybersecurity_technology,,,,True,"Dell provides only generic statements about technology investments without acknowledging cybersecurity risks, while IBM explicitly discusses active cybersecurity threats and regulatory actions, suggesting Dell is downplaying a material cybersecurity risk.",DELL,2.0,1.111431,2025-07-24,2025-09-08,,1f9cadab59dcf4d9,b394d07508d9ad6a
peer,AAPL,10-Q,MD&A,financial_sustainability,,,,True,"Dell provides extensive detail on capital allocation, risks, and financial flexibility, while Apple offers only minimal disclosure on its capital return program, potentially downplaying financial sustainability risks.",DELL,1.0,4.068362,2025-08-01,2025-09-08,,0bebb0f5f3c8e183,f0f6cf565c07ee71
peer,AXON,10-Q,MD&A,accounting_audit,,,,True,"SWBI discloses a material weakness in internal controls and detailed remediation plans for legal expense accruals, while AXON provides only generic statements about estimates and immaterial prior period corrections, suggesting AXON may be downplaying a significant accounting control risk evident in its peer's disclosure.",SWBI,2.0,4.469204,2025-08-05,2025-09-04,,6825ef975d964c6f,54de4408f901d0e8
peer,AXON,10-Q,MD&A,financial_sustainability,,,,True,"SWBI provides only generic statements about capital expenditures and share repurchases without discussing net income volatility or tax impacts, while AXON details significant fluctuations in net income driven by tax benefits and unrealized gains/losses, suggesting SWBI is downplaying material financial sustainability risks evident in the industry.",SWBI,2.0,4.469204,2025-08-05,2025-09-04,,5836eba9155864af,8bac9dd249459777
peer,AXON,10-Q,MD&A,geopolitical_macro,,,,True,"SWBI explicitly quantifies the impact of higher tariffs on gross margin, indicating a material geopolitical risk, while AXON provides no substantive discussion of such risks despite similar industry exposure, suggesting potential downplaying or concealment.",SWBI,2.0,4.469204,2025-08-05,2025-09-04,,193a5ad6725cf2c0,02a88ef92cc41995
peer,AXON,10-Q,MD&A,human_capital,,,,True,"SWBI provides minimal and unrelated disclosure on human capital risks despite clear evidence from AXON that increased headcount and compensation are material and actively impacting operating expenses, suggesting SWBI is downplaying a significant workforce-related risk.",SWBI,2.0,4.469204,2025-08-05,2025-09-04,,dcebbf29faea99d6,b86fa5318dd294c3
peer,RGR,10-Q,MD&A,accounting_audit,,,,True,"SWBI discloses a material weakness in internal controls over financial reporting with detailed remediation plans, while RGR provides only generic boilerplate on non-GAAP measures and states no adjustments to critical accounting policies, suggesting potential downplaying of internal control risks.",SWBI,1.0,0.402108,2025-07-30,2025-09-04,,015441c0065e42c8,54de4408f901d0e8
peer,WRAP,10-Q,MD&A,geopolitical_macro,,,,True,"SWBI provides only generic boilerplate on geopolitical and macro risks despite likely exposure, while WRAP details specific impacts and industry-wide challenges, suggesting SWBI is downplaying a material risk.",SWBI,2.0,0.470849,2025-08-14,2025-09-04,,97bab62e57cef03f,02a88ef92cc41995
peer,NPK,10-Q,MD&A,geopolitical_macro,,,,True,"SWBI provides only a generic, minimal disclosure on tariffs despite clear industry-wide impacts shown by NPK's detailed discussion of tariff effects on sales and gross profit, suggesting SWBI is downplaying a material risk.",SWBI,2.0,0.166021,2025-08-08,2025-09-04,,cd452116bc894681,02a88ef92cc41995
peer,HPE,10-Q,MD&A,supply_chain,,,,True,"HPQ provides only generic and minimal disclosure on supply chain risks despite evident exposure to single-source suppliers and tariff impacts, whereas HPE offers detailed, specific discussion of supply chain constraints and mitigation efforts, suggesting HPQ may be downplaying a material risk.",HPQ,2.0,0.716432,2025-09-04,2025-08-28,,f23379a3475f82ac,a75b8052ebc9648f
peer,SLGN,10-Q,MD&A,financial_sustainability,,,,True,"Company B (GEF) provides extensive quantitative detail on financial sustainability metrics, pension costs, goodwill valuation, and dividend payments, while Company A (SLGN) offers only generic non-GAAP measure explanations and limited pension plan discussion, suggesting SLGN may be downplaying material financial sustainability risks evident in the industry.",GEF,1.0,0.665408,2025-08-07,2025-08-28,,8785fcd40b6ec114,870d0e59d5a8eb25
peer,QMCO,10-Q,MD&A,financial_sustainability,,,,True,"NTAP provides no substantive discussion of financial sustainability risks such as deferred tax assets or valuation allowances, while QMCO explicitly details significant risks and management judgments related to deferred tax assets, suggesting NTAP may be downplaying material tax-related financial sustainability risks.",NTAP,2.0,3.30552,2025-09-11,2025-08-27,,930f1b7781062b03,3dd004ea949402da
peer,QMCO,10-Q,Risk Factors,cost_margin_pressure,,,,True,"NTAP provides only a generic statement about capital requirements without addressing cost or margin pressures, while QMCO details specific restructuring charges and cost components, suggesting NTAP is downplaying a material cost and margin pressure risk evident in the industry.",NTAP,2.0,3.30552,2025-09-11,2025-08-27,,7d20a53bea467044,0e71befaf67205d5
peer,QMCO,10-Q,Risk Factors,financial_sustainability,,,,True,"QMCO provides minimal and vague disclosure on financial sustainability risks despite clear indicators of potential impairments and tax uncertainties, whereas NTAP offers detailed, quantifiable information on capital expenditures and shareholder returns, suggesting QMCO may be downplaying material financial risks.",NTAP,2.0,3.30552,2025-09-11,2025-08-27,,82c2d285874e7117,d3ae8d0930f7376c
peer,QMCO,10-Q,Risk Factors,revenue_future_performance,,,,True,"NTAP provides only a generic boilerplate reference to risk factors without substantive discussion, while QMCO offers detailed, specific forward-looking statements and revenue breakdowns, suggesting NTAP is downplaying a material risk to its future revenue performance.",NTAP,2.0,3.30552,2025-09-11,2025-08-27,,bf134caf098ce726,6f90e84b2b20ff81
peer,PSTG,10-Q,MD&A,supply_chain,,,,True,"PSTG provides no substantive discussion of supply chain risks or challenges despite its reliance on supply chain partners for a major production ramp, while NTAP explicitly details purchase commitments and obligations, suggesting PSTG is downplaying a material supply chain risk.",NTAP,1.0,1.543206,2025-09-10,2025-08-27,,11f9a7f88f2b4905,147e7d0137a01da6
peer,PSTG,10-Q,Risk Factors,accounting_audit,,,,True,"NTAP provides only generic boilerplate about disclosure controls without discussing accounting or audit risks, while PSTG details specific revenue recognition risks, suggesting NTAP is downplaying a material accounting risk evident in the industry.",NTAP,1.0,1.543206,2025-09-10,2025-08-27,,2c8dc0c37cc9dbc2,17c5ecc6e1a380b8
peer,PSTG,10-Q,Risk Factors,cost_margin_pressure,,,,True,"NTAP provides minimal and generic disclosure on cost and margin pressures despite being in the same industry where PSTG details extensive, specific competitive and supply chain risks affecting margins, suggesting NTAP is downplaying a clearly material risk.",NTAP,1.0,1.543206,2025-09-10,2025-08-27,,17e12faf9480f82e,0e71befaf67205d5
peer,PSTG,10-Q,Risk Factors,geopolitical_macro,,,,True,"Company B (NTAP) provides only a generic, minimal disclosure on geopolitical and macroeconomic risks despite being in the same industry where Company A (PSTG) details extensive, specific, and material impacts, suggesting NTAP is downplaying a clearly material risk.",NTAP,1.0,1.543206,2025-09-10,2025-08-27,,39e2d8ae7708b9fd,c2a5e7188bfc9ff6
peer,PSTG,10-Q,Risk Factors,regulatory_legal,,,,True,"Company B provides only minimal, generic legal risk disclosure despite operating in the same industry where Company A details extensive, specific regulatory and legal risks, suggesting Company B is downplaying material legal and regulatory exposures.",NTAP,1.0,1.543206,2025-09-10,2025-08-27,,15c4665cd893b735,d1379e9f072cb552
peer,PSTG,10-Q,Risk Factors,revenue_future_performance,,,,True,"Company B (NTAP) provides only a generic cross-reference to prior risk disclosures without any substantive discussion of revenue future performance risks, while Company A (PSTG) offers detailed, specific, and quantifiable disclosures about sales cycles, market trends, customer behavior, and competitive pressures, indicating NTAP is downplaying a clearly material risk to its business.",NTAP,1.0,1.543206,2025-09-10,2025-08-27,,a5327e47c4e1e2b6,6f90e84b2b20ff81
peer,PSTG,10-Q,Risk Factors,supply_chain,,,,True,"NTAP provides only minimal, generic disclosure on supply chain risks despite being in the same industry where PSTG details extensive, specific, and material supply chain vulnerabilities, suggesting NTAP is downplaying a clearly material risk.",NTAP,1.0,1.543206,2025-09-10,2025-08-27,,38743d1f1cb38e86,cfe32ff2eb30b247
peer,ESAB,10-Q,MD&A,regulatory_legal,,,,True,"NDSN provides only generic statements about tax law judgment without addressing the specific, material impact of the significant new tax legislation that ESAB details, suggesting possible downplaying of a clearly relevant regulatory risk.",NDSN,1.0,1.538826,2025-08-06,2025-08-21,,58a5600f390e28c4,dddb9b5fbadb1c59
peer,ESAB,10-Q,Risk Factors,geopolitical_macro,,,,True,"NDSN provides only generic boilerplate on trade policy risks despite likely significant exposure, while ESAB offers detailed, quantified impacts and specific examples, suggesting NDSN is downplaying a material geopolitical risk evident in the industry.",NDSN,1.0,1.538826,2025-08-06,2025-08-21,,979be151f76b3c5a,1e48e7e2e6ab7b7a
peer,RRX,10-Q,Risk Factors,geopolitical_macro,,,,True,"NDSN provides only generic, boilerplate statements on trade policy risks despite being in the same industry where RRX details specific tariff impacts, retaliatory actions, and geopolitical conflicts affecting its global operations, suggesting NDSN is downplaying a clearly material and active risk.",NDSN,1.0,3.036058,2025-08-06,2025-08-21,,cd7b9f5ee1226f08,1e48e7e2e6ab7b7a
peer,SYM,10-Q,MD&A,geopolitical_macro,,,,True,"SYM provides only minimal, generic disclosure on foreign currency and geopolitical risks despite clear industry-wide exposure shown by NDSN's detailed quantification and discussion of tariffs and political unrest, suggesting SYM is downplaying a material risk.",NDSN,2.0,1.550156,2025-08-06,2025-08-21,,4f390fa850affeb1,3e4f166ae9c63206
peer,VATE,10-Q,MD&A,debt_financing,,,,True,"Company B provides minimal and generic disclosure on its debt financing risk despite clear evidence of covenant violations and potential lender actions, whereas Company A offers detailed, substantive discussion of its significant refinancing challenges and debt maturities, indicating Company B is downplaying a material risk.",TPCS,2.0,0.827221,2025-08-05,2025-08-21,,cc5af4ff98fea539,70d3b0f7a02f1466
peer,VATE,10-Q,MD&A,geopolitical_macro,,,,True,"TPCS, despite being over 95% defense-sector focused and thus highly exposed to geopolitical and macro risks, provides only a generic, boilerplate statement on these risks, whereas VATE offers detailed, specific disclosures on tax reforms, foreign currency impacts, and international tax legislation, suggesting TPCS is downplaying a clearly material geopolitical risk.",TPCS,2.0,0.827221,2025-08-05,2025-08-21,,7f7263d6fd7f6f38,ab297f22fa038f70
peer,VATE,10-Q,MD&A,regulatory_legal,,,,True,"TPCS provides only minimal boilerplate disclosure on regulatory compliance despite operating in an industry where VATE details extensive legal proceedings and regulatory risks, suggesting TPCS may be downplaying material regulatory and legal risks.",TPCS,2.0,0.827221,2025-08-05,2025-08-21,,73c122aea2f6c50a,ffde8e1edefb0e01
peer,PRLB,10-Q,MD&A,debt_financing,,,,True,"TPCS provides detailed disclosure on debt covenant violations, potential lender actions, and classification of debt as current due to covenant breaches, while PRLB offers only minimal, generic commentary on interest income without addressing any debt risks, suggesting PRLB is downplaying material debt financing risks evident in its peer's disclosures.",TPCS,2.0,0.76073,2025-07-31,2025-08-21,,fea25a0812ad5b12,70d3b0f7a02f1466
peer,PRLB,10-Q,MD&A,regulatory_legal,,,,True,"TPCS provides only boilerplate statements about certifications and compliance without discussing potential regulatory or legal risks, while PRLB actively discusses tax law changes and their material impact, suggesting TPCS is downplaying significant regulatory risks relevant to their industry.",TPCS,2.0,0.76073,2025-07-31,2025-08-21,,735ed1a5e75e35c9,ffde8e1edefb0e01
peer,DTI,10-Q,MD&A,financial_sustainability,,,,True,"Company A (DTI) provides only generic discussion of capital expenditures and depreciation without addressing financial sustainability risks, while Company B (GPUS) details significant financial distress events including bankruptcies, impairments, and dividend obligations, indicating Company A is downplaying material financial sustainability risks evident in the industry.",GPUS,1.0,0.010061,2025-08-14,2025-08-15,,fcb0a9631bfbc488,532a3f9912b172b6
peer,OMCL,10-Q,MD&A,geopolitical_macro,,,,True,"SCKT acknowledges active, quantifiable impacts from tariff disruptions on bookings and shipments, while OMCL provides only generic statements about tariffs without indicating current material effects, suggesting OMCL may be downplaying a clearly material geopolitical risk.",SCKT,2.0,0.019227,2025-08-06,2025-08-14,,12ee15f898c8cd1f,62057085b8373251
peer,STX,10-K,MD&A,human_capital,,,,True,"WDC provides only minimal, generic cost-related disclosures on human capital without addressing employee engagement, retention, or development risks that are clearly material and extensively discussed by STX.",WDC,2.0,2.408144,2025-08-01,2025-08-14,,a62445d83254eed7,3ab16708b3de624e
peer,STX,10-K,MD&A,operational_product,,,,True,"WDC provides minimal discussion of operational and product risks compared to STX's detailed disclosure of manufacturing complexities, technological challenges, and capacity planning, suggesting WDC may be downplaying significant risks inherent in HDD production.",WDC,2.0,2.408144,2025-08-01,2025-08-14,,6b9640a8986abc65,1249dc7c69aba37b
peer,STX,10-K,MD&A,regulatory_legal,,,,True,"WDC provides only generic, boilerplate discussion on litigation and contingencies without addressing the significant intellectual property and environmental regulatory risks that STX details extensively, suggesting WDC may be downplaying material regulatory and legal risks inherent to the data storage industry.",WDC,2.0,2.408144,2025-08-01,2025-08-14,,03b3b7f7f9730cb0,ac740229c6b1f7c0
peer,STX,10-K,MD&A,supply_chain,,,,True,"WDC provides minimal discussion on supply chain risks despite being in the same industry where STX details extensive supply chain challenges and mitigation strategies, suggesting WDC may be downplaying a material risk.",WDC,2.0,2.408144,2025-08-01,2025-08-14,,00ede27ba5497a8c,403f9d832ce7ceb9
peer,ALOT,10-Q,MD&A,accounting_audit,,,,True,"EVLV discloses extensive material weaknesses, restatements, and ongoing investigations related to internal controls and financial reporting, while ALOT provides only generic boilerplate statements about controls with no mention of any issues, suggesting ALOT may be downplaying or concealing significant risks in this area.",EVLV,1.0,0.044829,2025-09-09,2025-08-14,,3653fd15fc1a19d8,09a02d39efae7ad5
peer,ALOT,10-Q,MD&A,human_capital,,,,True,"ALOT provides minimal and generic disclosure on human capital risks despite clear evidence of significant workforce reductions and leadership changes, whereas EVLV offers detailed, specific, and comprehensive discussion of human capital challenges and their material impact, suggesting ALOT is downplaying a clearly material risk.",EVLV,1.0,0.044829,2025-09-09,2025-08-14,,1730d7f86237d4fb,4e1c9eca1d53d554
peer,ALOT,10-Q,MD&A,operational_product,,,,True,"ALOT provides minimal disclosure on operational and product risks despite clear evidence from EVLV that these are significant, multifaceted, and material risks affecting the entire industry, suggesting ALOT is downplaying or concealing its exposure.",EVLV,1.0,0.044829,2025-09-09,2025-08-14,,91d29b15e328e6f0,5407e70105dd4571
peer,ALOT,10-Q,MD&A,supply_chain,,,,True,"ALOT provides only minimal, generic disclosure on supply chain risks despite clear industry-wide vulnerabilities detailed extensively by EVLV, suggesting ALOT is downplaying a material risk.",EVLV,1.0,0.044829,2025-09-09,2025-08-14,,0ca4f3b680c7aafa,1ef4a8c636d6ca4f
peer,ALOT,10-Q,Risk Factors,accounting_audit,,,,True,"EVLV discloses extensive material weaknesses, restatements, and ongoing investigations related to internal controls and financial reporting, while ALOT provides only a generic statement of effective controls with no mention of any issues, suggesting ALOT may be downplaying or concealing significant risks in this area.",EVLV,1.0,0.044829,2025-09-09,2025-08-14,,7587846794959320,7e332534d90c181d
peer,ALOT,10-Q,Risk Factors,geopolitical_macro,,,,True,"ALOT provides only minimal, generic disclosure on foreign currency risk despite operating multiple foreign subsidiaries, while EVLV offers a detailed, explicit discussion of geopolitical risks including tariffs, trade restrictions, currency fluctuations, and geopolitical conflicts, indicating ALOT is downplaying material geopolitical and macroeconomic risks evident in their industry.",EVLV,1.0,0.044829,2025-09-09,2025-08-14,,db2fd6dd73a9c115,acbc6982c766bdaa
peer,ALOT,10-Q,Risk Factors,regulatory_legal,,,,True,"Company A provides minimal, procedural detail on a specific arbitration without discussing broader regulatory or legal risks, while Company B extensively discloses numerous active, material legal and regulatory risks including ongoing investigations, lawsuits, and compliance challenges, suggesting Company A is downplaying significant industry-wide legal and regulatory risks.",EVLV,1.0,0.044829,2025-09-09,2025-08-14,,9271082492cbc37b,7f0407152d31da3c
peer,GPUS,10-Q,MD&A,debt_financing,,,,True,"Company B provides only minimal, generic disclosure on debt financing despite clear evidence of material debt and interest expense, whereas Company A offers detailed, specific information on multiple convertible notes, terms, and financing activities, suggesting Company B is downplaying a material debt financing risk.",DTI,1.0,0.00679,2025-08-15,2025-08-14,,50868bc5b8b80301,67089495c563f452
peer,GPUS,10-Q,MD&A,supply_chain,,,,True,"DTI provides only a vague, generic statement about customer regions without addressing supply chain risks, while GPUS details a specific operational risk related to utility grid demand, suggesting DTI is downplaying a material supply chain risk evident in the industry.",DTI,1.0,0.00679,2025-08-15,2025-08-14,,2db9de30ef3fadd8,547bd323fb94b15a
peer,TGEN,10-Q,MD&A,geopolitical_macro,,,,True,"AIRJ provides only a generic reference to risk factors without any substantive discussion of geopolitical or anti-fossil fuel risks, while TGEN details specific regulatory and geopolitical impacts material to their business, suggesting AIRJ is downplaying a clearly relevant industry-wide risk.",AIRJ,1.0,0.018375,2025-08-13,2025-08-14,,d3288355eca9c4c4,60deb65d10ed9f91
peer,TGEN,10-Q,MD&A,revenue_future_performance,,,,True,"AIRJ provides only generic forward-looking disclaimers with no current revenue and vague growth plans despite clear industry demand, while TGEN offers detailed, quantifiable revenue performance and backlog data, suggesting AIRJ is downplaying the material risk of uncertain future revenue performance.",AIRJ,1.0,0.018375,2025-08-13,2025-08-14,,e4fb422a9f25dae9,db10d130a2ebb134
peer,TGEN,10-Q,MD&A,supply_chain,,,,True,"AIRJ provides only generic statements about leveraging partnerships for supply chain support without addressing active supply chain disruptions or risks, whereas TGEN details significant supply chain challenges including Covid-19 impacts, component shortages, and production capacity reductions, suggesting AIRJ is downplaying material supply chain risks evident in the industry.",AIRJ,1.0,0.018375,2025-08-13,2025-08-14,,cf9a3d6ec4570e13,9c61ab465d63b2b0
peer,AAON,10-Q,MD&A,financial_sustainability,,,,True,"Company B (AIRJ) provides only generic, boilerplate discussion of financial sustainability risks despite clear evidence of ongoing losses and capital needs, whereas Company A (AAON) offers detailed, quantifiable disclosures on intangible assets, amortization, capital expenditures, and tax impacts, suggesting AIRJ is downplaying material financial sustainability risks.",AIRJ,1.0,0.241604,2025-08-11,2025-08-14,,6aaffb87f10ed356,e5b7f3c8a0226f82
peer,AAON,10-Q,MD&A,geopolitical_macro,,,,True,"AIRJ provides only a generic reference to risk factors without substantive discussion of geopolitical or macroeconomic risks that AAON details extensively, suggesting AIRJ may be downplaying material macroeconomic and tariff-related risks affecting the industry.",AIRJ,1.0,0.241604,2025-08-11,2025-08-14,,a7a2408bee39129b,60deb65d10ed9f91
peer,AAON,10-Q,MD&A,supply_chain,,,,True,"AIRJ provides only generic statements about leveraging partnerships and supply chain support without addressing specific supply chain risks or disruptions, while AAON details active, material supply chain challenges and their operational impacts, suggesting AIRJ is downplaying a clearly material risk.",AIRJ,1.0,0.241604,2025-08-11,2025-08-14,,84e0b502ec4ba4e3,9c61ab465d63b2b0
peer,POWW,10-Q,MD&A,regulatory_legal,,,,True,"Company B (WRAP) provides near-zero substance on regulatory and legal risks related to its product use and reporting, while Company A (POWW) offers detailed disclosures on multiple active legal proceedings and regulatory compliance, suggesting WRAP is downplaying material legal risks evident in the industry.",WRAP,1.0,0.118315,2025-08-08,2025-08-14,,dcbe894310900757,b2232fadaa2b193d
peer,MITK,10-Q,MD&A,accounting_audit,,,,True,"EVLV discloses extensive material weaknesses, restatements, and ongoing investigations related to accounting and internal controls, while MITK provides only generic boilerplate on accounting estimates with no mention of any issues, suggesting MITK may be downplaying or concealing significant accounting risks.",EVLV,2.0,0.054954,2025-08-07,2025-08-14,,061104cebfef8a8c,09a02d39efae7ad5
peer,MITK,10-Q,MD&A,geopolitical_macro,,,,True,"MITK provides almost no substantive disclosure on geopolitical and macroeconomic risks despite clear industry-wide exposure shown by EVLV's detailed discussion of tariffs, trade restrictions, and geopolitical tensions impacting supply chains and operations.",EVLV,2.0,0.054954,2025-08-07,2025-08-14,,1a21d55523607c98,4d0733b60f77ae85
peer,MITK,10-Q,MD&A,human_capital,,,,True,"MITK provides only generic payroll and personnel cost disclosures without addressing critical human capital risks such as employee retention, training challenges, or competitive labor market pressures that EVLV explicitly details as material threats to its business growth and operations.",EVLV,2.0,0.054954,2025-08-07,2025-08-14,,ed0f4534670f7233,4e1c9eca1d53d554
peer,MITK,10-Q,MD&A,operational_product,,,,True,"MITK provides only a brief, generic statement about its technology without addressing numerous specific operational and product risks that EVLV details extensively, suggesting MITK may be downplaying significant product-related risks evident in the industry.",EVLV,2.0,0.054954,2025-08-07,2025-08-14,,d979d18cb34dc233,5407e70105dd4571
peer,MITK,10-Q,MD&A,regulatory_legal,,,,True,"Company A (MITK) provides only minimal, generic references to regulatory compliance, while Company B (EVLV) offers extensive, detailed disclosures on a wide range of active, material legal and regulatory risks, suggesting MITK is downplaying significant regulatory and legal risks relevant to its industry.",EVLV,2.0,0.054954,2025-08-07,2025-08-14,,eca3387e0842cf18,202b82050d5bc103
peer,OSS,10-Q,MD&A,cost_margin_pressure,,,,True,"Company B (SCKT) provides only generic cost-cutting statements without acknowledging inflation or raw material cost pressures that Company A (OSS) details as active, material risks affecting margins, suggesting SCKT is downplaying a clearly industry-wide cost and margin pressure risk.",SCKT,1.0,0.000318,2025-08-07,2025-08-14,,cd0c4432a5953425,a466b2efe8623d4a
peer,OSS,10-Q,MD&A,financial_sustainability,,,,True,"Company A (OSS) provides no substantive discussion of financial sustainability risks related to deferred tax assets or net operating losses, while Company B (SCKT) explicitly addresses these material tax-related risks, suggesting OSS may be downplaying a significant financial sustainability risk evident in the industry.",SCKT,1.0,0.000318,2025-08-07,2025-08-14,,f72925de72a89983,dfc74c8f6d1239cd
peer,OSS,10-Q,MD&A,geopolitical_macro,,,,True,"Company B (SCKT) provides only a brief, generic mention of geopolitical risks and tariff impacts, while Company A (OSS) offers detailed, specific disclosures on multiple geopolitical factors actively affecting its operations, suggesting SCKT may be downplaying a clearly material risk.",SCKT,1.0,0.000318,2025-08-07,2025-08-14,,99860bae2d94214c,62057085b8373251
peer,LII,10-Q,MD&A,accounting_audit,,,,True,"LII provides only a generic statement about recent accounting pronouncements with no substantive discussion, while AIRJ offers detailed disclosures on significant accounting estimates, fair value measurements, and internal controls, suggesting LII is downplaying material accounting and audit risks relevant to its financial reporting.",AIRJ,2.0,1.238716,2025-07-23,2025-08-14,,02149abe07d31ffe,4708491fb2161543
peer,LII,10-Q,MD&A,cost_margin_pressure,,,,True,"Company B (AIRJ) provides no substantive discussion of cost or margin pressures related to raw materials or inflation, despite operating in industrial HVAC-related markets where Company A (LII) details significant and quantifiable impacts from commodity price volatility, tariffs, and inflationary costs, suggesting AIRJ is downplaying a material industry-wide risk.",AIRJ,2.0,1.238716,2025-07-23,2025-08-14,,3d7092b577b84b9d,4c0128427d670e1b
peer,LII,10-Q,MD&A,debt_financing,,,,True,"Company B (AIRJ) provides minimal discussion of debt financing risks despite clear indications of reliance on equity raises and potential need for additional financing, whereas Company A (LII) offers detailed, transparent disclosures on debt structure, credit facilities, covenants, and ratings, suggesting AIRJ may be downplaying its material debt financing risk exposure.",AIRJ,2.0,1.238716,2025-07-23,2025-08-14,,7fe27d14bb5ab9cb,56f6350f700ec65e
peer,LII,10-Q,MD&A,geopolitical_macro,,,,True,"AIRJ provides only a generic cross-reference to risk factors without discussing geopolitical or macroeconomic risks that LII explicitly addresses, suggesting AIRJ may be downplaying a material industry-wide risk.",AIRJ,2.0,1.238716,2025-07-23,2025-08-14,,c9e3155382b72ac5,60deb65d10ed9f91
peer,LII,10-Q,MD&A,human_capital,,,,True,"LII provides minimal and generic disclosure on employee-related costs without addressing human capital risks, while AIRJ details specific executive severance plans indicating active management of human capital risks, suggesting LII may be downplaying a material risk.",AIRJ,2.0,1.238716,2025-07-23,2025-08-14,,d4da68a99cd3bebe,18750708cd2019ab
peer,LII,10-Q,MD&A,regulatory_legal,,,,True,"AIRJ provides only generic boilerplate legal risk disclosures despite being in the same industry where LII highlights specific recent regulatory developments, suggesting AIRJ may be downplaying material regulatory risks.",AIRJ,2.0,1.238716,2025-07-23,2025-08-14,,2f507541e3afca62,ea862fbb4abca781
peer,LII,10-Q,MD&A,revenue_future_performance,,,,True,"AIRJ provides minimal substantive discussion on revenue future performance risk despite being in early commercialization with no revenue yet, whereas LII offers detailed, quantifiable segment-level revenue and profit analysis, suggesting AIRJ may be downplaying the material uncertainty around its revenue prospects.",AIRJ,2.0,1.238716,2025-07-23,2025-08-14,,566d6f8e00b39b1c,db10d130a2ebb134
peer,EPAC,10-Q,MD&A,geopolitical_macro,,,,True,"LIQT provides only vague, generic statements about geopolitical and macroeconomic risks without quantifying or detailing impacts, while EPAC offers specific, quantifiable effects of currency fluctuations and tax impacts, suggesting LIQT is downplaying a clearly material risk.",LIQT,1.0,0.096525,2025-06-27,2025-08-13,,b95e7819d3e1cabd,3be34a209df07347
peer,EPAC,10-Q,MD&A,supply_chain,,,,True,"LIQT provides no substantive discussion of supply chain risks despite direct shipping from Denmark, while EPAC details specific shipment delays impacting sales, suggesting LIQT may be downplaying material supply chain risks.",LIQT,1.0,0.096525,2025-06-27,2025-08-13,,bcf07af987c37e1e,c75e7d429825e2de
peer,OFLX,10-Q,MD&A,debt_financing,,,,True,"FGI provides detailed disclosure of significant debt outstanding, covenant breaches, lender negotiations, and multiple credit facilities, while OFLX discloses minimal debt exposure and no covenant issues despite operating in the same industry, suggesting OFLX may be downplaying material debt financing risks.",FGI,1.0,0.053942,2025-08-01,2025-08-13,,1623d2a66b06b673,3c7cf53536ffa662
peer,OFLX,10-Q,MD&A,geopolitical_macro,,,,True,"OFLX provides only minimal, generic foreign currency exchange information without addressing tariff or geopolitical risks that FGI explicitly identifies as materially impacting demand and costs, suggesting OFLX is downplaying significant geopolitical risks evident in the industry.",FGI,1.0,0.053942,2025-08-01,2025-08-13,,45486b6c416cf9ed,14014dcae7703eb3
peer,OFLX,10-Q,MD&A,human_capital,,,,True,"FGI provides no substantive discussion of human capital risks or costs despite being a peer in the same industry where OFLX details specific employee-related expenses and compensation, suggesting FGI is downplaying a material risk.",FGI,1.0,0.053942,2025-08-01,2025-08-13,,cf3c8357b6bcdbd3,b2b8b99a83a83cb1
peer,OFLX,10-Q,Risk Factors,cost_margin_pressure,,,,True,"OFLX provides minimal and indirect discussion of cost and margin pressures despite clear exposure to raw material purchase obligations, while FGI explicitly identifies significant tariff-related cost risks impacting profitability, suggesting OFLX may be downplaying a material industry-wide risk.",FGI,1.0,0.053942,2025-08-01,2025-08-13,,0f59ab056fe13c4b,5c8c8d7d4327f98e
peer,OFLX,10-Q,Risk Factors,geopolitical_macro,,,,True,"OFLX provides only generic currency translation disclosures despite clear industry-wide tariff and trade tension risks detailed extensively by FGI, suggesting OFLX is downplaying significant geopolitical and macroeconomic risks affecting its business.",FGI,1.0,0.053942,2025-08-01,2025-08-13,,24ea02f2bc7bd716,325dd883d03e940d
peer,OFLX,10-Q,Risk Factors,liquidity_solvency,,,,True,"Company B (FGI) faces substantial liquidity and solvency risks including going concern doubts and potential delisting, yet Company A (OFLX) provides only generic lease and cash deposit disclosures without addressing any material liquidity threats, suggesting OFLX is downplaying significant solvency risks evident in the peer.",FGI,1.0,0.053942,2025-08-01,2025-08-13,,2267ee4143f272e8,151fa9f2b6b8f908
peer,OFLX,10-Q,Risk Factors,revenue_future_performance,,,,True,"Company A provides no mention of tariff-related risks impacting future revenue despite operating in manufacturing and sales, while Company B explicitly discusses tariffs as a material threat to revenue and competitiveness, suggesting Company A may be downplaying a significant industry-wide risk.",FGI,1.0,0.053942,2025-08-01,2025-08-13,,133edadf0e2502c3,954de0d1e42475cd
peer,AIRJ,10-Q,MD&A,geopolitical_macro,,,,True,"AIRJ provides only a generic reference to risk factors without addressing specific geopolitical risks that TGEN details as materially impacting its business, suggesting AIRJ may be downplaying or concealing active geopolitical and regulatory risks affecting the industry.",TGEN,1.0,0.019112,2025-08-14,2025-08-13,,60deb65d10ed9f91,d3288355eca9c4c4
peer,AIRJ,10-Q,MD&A,regulatory_legal,,,,True,"TGEN provides minimal and generic disclosure on legal and regulatory risks despite clear operational exposures such as factory relocation and regulatory compliance, whereas AIRJ offers detailed discussion including specific legal proceedings and regulatory exemptions, suggesting TGEN may be downplaying material regulatory/legal risks.",TGEN,1.0,0.019112,2025-08-14,2025-08-13,,ea862fbb4abca781,bff917ac90497fa2
peer,TACT,10-Q,MD&A,debt_financing,,,,True,"LINK provides only generic, boilerplate statements about potential financing risks without disclosing its current debt or credit facility details, while TACT offers detailed, specific information about its active credit facility and borrowings, suggesting LINK is downplaying a material debt financing risk.",LINK,1.0,0.016331,2025-08-12,2025-08-13,,5dda779a95b59193,5cd31635de846f0b
peer,TACT,10-Q,MD&A,geopolitical_macro,,,,True,"LINK provides only generic tax-related disclosures with no mention of geopolitical or macroeconomic risks, while TACT offers detailed, specific discussion of tariffs, trade conflicts, and their direct financial impacts, suggesting LINK is downplaying material geopolitical risks evident in the industry.",LINK,1.0,0.016331,2025-08-12,2025-08-13,,ad8e270077bbcdc8,dc731ab47e5b8a7a
peer,TACT,10-Q,Risk Factors,geopolitical_macro,,,,True,"LINK provides only generic, boilerplate language on geopolitical and trade risks despite clear exposure to international operations and tariffs, whereas TACT offers specific, detailed disclosure including recent tariff impacts, suggesting LINK is downplaying a material risk.",LINK,1.0,0.016331,2025-08-12,2025-08-13,,b8dc8f1b292bf238,759f1ac4c4535958
peer,TACT,10-Q,Risk Factors,human_capital,,,,True,"LINK provides no substantive discussion of human capital risks despite clear material exposure indicated by detailed executive compensation and retention agreements, while TACT explicitly addresses capacity and continuity risks related to human capital.",LINK,1.0,0.016331,2025-08-12,2025-08-13,,0f7681b136c2e0c9,c9ede3a068d7e2c0
peer,TACT,10-Q,Risk Factors,operational_product,,,,True,"TACT provides extensive detail on operational risks related to product sourcing and manufacturing disruptions, while LINK offers only generic warranty and return policy disclosures, suggesting LINK may be downplaying significant operational product risks evident in the industry.",LINK,1.0,0.016331,2025-08-12,2025-08-13,,694d215a1832f14a,6ff1d359a3c4e6e2
peer,TACT,10-Q,Risk Factors,regulatory_legal,,,,True,"LINK provides extensive detail on intellectual property indemnities and related legal risks, while TACT, despite outsourcing manufacturing to Asia where IP protection is weaker, offers only minimal disclosure, suggesting potential downplaying of a material IP risk.",LINK,1.0,0.016331,2025-08-12,2025-08-13,,4381cb02dec2cf45,cda9c28734f19e6a
peer,AAON,10-Q,MD&A,human_capital,,,,True,"TGEN provides minimal disclosure on human capital risks despite clearly acquiring employees and maintenance obligations, while AAON offers detailed discussion on compensation plans, labor market challenges, and retention efforts, suggesting TGEN is downplaying a material human capital risk.",TGEN,2.0,0.249632,2025-08-11,2025-08-13,,dc600c8237ff49d0,65e566898c91148e
peer,AAON,10-Q,MD&A,regulatory_legal,,,,True,"TGEN provides near-zero substantive disclosure on regulatory and legal risks that are clearly material to its business, while AAON offers detailed, specific discussion of tax, legal, and compliance risks, suggesting TGEN is downplaying significant regulatory exposures.",TGEN,2.0,0.249632,2025-08-11,2025-08-13,,a19dba2fca81b56e,bff917ac90497fa2
peer,BW,10-Q,MD&A,financial_sustainability,,,,True,"Company B provides only generic, forward-looking statements about growth and investment without addressing current financial sustainability risks, while Company A discloses significant ongoing net losses, impairments, divestitures, and detailed pension obligations, indicating active financial stress that Company B appears to be downplaying or concealing.",FGI,2.0,0.316063,2025-08-11,2025-08-13,,95e6cc3f191dd821,30b051290778957c
peer,BW,10-Q,MD&A,human_capital,,,,True,"FGI provides almost no substantive discussion of human capital risks despite being in the same industry where BW details multiple active human capital challenges, suggesting FGI is downplaying a material risk.",FGI,2.0,0.316063,2025-08-11,2025-08-13,,53b838ddd29024a6,b2b8b99a83a83cb1
peer,BW,10-Q,MD&A,operational_product,,,,True,"Company B provides only generic product innovation statements with no mention of warranty or operational product risks, while Company A details specific warranty expense tracking and operational risks, suggesting Company B is downplaying a material operational product risk evident in the industry.",FGI,2.0,0.316063,2025-08-11,2025-08-13,,b9fa784f5bf6d067,70c2489caede62fd
peer,LINK,10-Q,MD&A,geopolitical_macro,,,,True,"LINK provides no substantive discussion of geopolitical or macroeconomic risks despite clear industry-wide exposure shown by TACT's detailed disclosure of tariffs, trade conflicts, and foreign exchange impacts.",TACT,1.0,0.014729,2025-08-13,2025-08-12,,dc731ab47e5b8a7a,ad8e270077bbcdc8
peer,LINK,10-Q,Risk Factors,cost_margin_pressure,,,,True,"TACT provides specific disclosure about tariff impacts on imported goods and associated costs, while LINK offers no substantive discussion of cost or margin pressures from tariffs or supply chain issues despite being in the same industry, suggesting potential downplaying of a material risk.",TACT,1.0,0.014729,2025-08-13,2025-08-12,,66dec8b79725b90a,1db70aa6bf97ed48
peer,LINK,10-Q,Risk Factors,regulatory_legal,,,,True,"TACT explicitly highlights significant IP infringement risks due to outsourcing in Asia, while LINK provides only generic indemnity disclosures without addressing geographic or enforcement risks, suggesting LINK may be downplaying a material risk evident in its peer's disclosure.",TACT,1.0,0.014729,2025-08-13,2025-08-12,,cda9c28734f19e6a,4381cb02dec2cf45
peer,LINK,10-Q,Risk Factors,revenue_future_performance,,,,True,"TACT provides only a vague, boilerplate statement about acquisition risks without substantive discussion of revenue future performance, while LINK offers detailed quantitative revenue data and customer concentration disclosures, suggesting TACT is downplaying a material risk to its future revenue performance.",TACT,1.0,0.014729,2025-08-13,2025-08-12,,238b692f7ddc9535,eb4e8543f13eb311
peer,INVE,10-Q,MD&A,human_capital,,,,True,"TACT provides only generic, minimal disclosure on human capital risks despite clearly engaging in significant workforce reductions and compensation changes, whereas INVE offers detailed, specific information on employee compensation, restructuring, and performance-based incentives, suggesting TACT is downplaying a material risk.",TACT,2.0,0.017397,2025-08-08,2025-08-12,,15d30d0b753a62fd,004ed1763ea65d93
peer,GRC,10-Q,MD&A,human_capital,,,,True,"Company B provides only minimal, specific severance-related details while omitting broader human capital risks that Company A clearly identifies as material and strategic, suggesting Company B is downplaying significant workforce-related risks.",AP,1.0,0.274132,2025-07-28,2025-08-12,,3c54fd8ab07a4c3c,b23eee9427fa4bd9
peer,CIIT,10-Q,MD&A,cost_margin_pressure,,,,True,"INTZ provides only generic and minimal discussion on cost and margin pressures despite being in the same industry, while CIIT details significant and quantifiable logistics cost increases materially impacting margins, suggesting INTZ is downplaying a clearly material risk.",INTZ,1.0,0.00057,2025-06-06,2025-08-12,,02cc9fb849a61d25,194195248c4868cd
peer,CIIT,10-Q,MD&A,geopolitical_macro,,,,True,"INTZ provides no substantive discussion of geopolitical or macroeconomic risks despite operating in a sector likely affected by such factors, while CIIT details specific regional and trade-related risks, suggesting INTZ is downplaying a material risk.",INTZ,1.0,0.00057,2025-06-06,2025-08-12,,079bbbff0c1245d1,b47af84297570279
peer,OFLX,10-Q,MD&A,cost_margin_pressure,,,,True,"Company B provides only vague, generic statements about cost pressures without quantifying or detailing impacts, while Company A offers detailed, specific expense breakdowns and margin analysis, suggesting Company B is downplaying a clearly material cost and margin pressure risk.",BW,2.0,0.295112,2025-08-01,2025-08-11,,df03b1071560df08,6c778c51da0bd31d
peer,OFLX,10-Q,MD&A,geopolitical_macro,,,,True,"Company A provides only minimal, transactional foreign exchange information despite clear global exposure, while Company B offers detailed discussion of foreign exchange risks, tax impacts, and geopolitical factors, suggesting Company A is downplaying material geopolitical and macroeconomic risks.",BW,2.0,0.295112,2025-08-01,2025-08-11,,45486b6c416cf9ed,b3170c025cbf851f
peer,OFLX,10-Q,MD&A,human_capital,,,,True,"Company B provides extensive discussion of human capital risks including labor negotiations, retention challenges, and restructuring impacts, while Company A offers only minimal, generic expense descriptions, suggesting potential downplaying of material human capital risks.",BW,2.0,0.295112,2025-08-01,2025-08-11,,cf3c8357b6bcdbd3,53b838ddd29024a6
peer,OFLX,10-Q,MD&A,supply_chain,,,,True,"Company A provides only generic information about its manufacturing and distribution without acknowledging supply chain risks, while Company B explicitly discloses cost increases and disruptions, suggesting Company A is downplaying a material supply chain risk evident in the industry.",BW,2.0,0.295112,2025-08-01,2025-08-11,,f18e2c8f12bbc409,3af2fc6588466346
peer,MAS,10-Q,MD&A,cost_margin_pressure,,,,True,"Company B provides minimal and generic discussion on cost and margin pressures despite clear evidence of operational losses and cost fluctuations, whereas Company A offers detailed, specific disclosures on commodity, tariff, and labor cost impacts and mitigation efforts, suggesting Company B is downplaying a material risk.",BW,1.0,3.859566,2025-07-31,2025-08-11,,ceabcd3420bf3bf1,6c778c51da0bd31d
peer,MAS,10-Q,MD&A,regulatory_legal,,,,True,"Company B provides detailed discussion of legal settlements, regulatory interpretations, and ongoing assessments of a major legislative act's impact, while Company A offers only generic boilerplate about litigation with no substantive detail despite similar exposure, suggesting possible downplaying of material legal risks.",BW,1.0,3.859566,2025-07-31,2025-08-11,,58d53053ad6762cf,98e6262bf8d1c7c7
peer,MAS,10-Q,MD&A,supply_chain,,,,True,"MAS provides only a generic description of a supplier finance program without addressing supply chain risks, while BW explicitly acknowledges cost increases, delays, and disruptions impacting customer demand, suggesting MAS is downplaying a material supply chain risk evident in the industry.",BW,1.0,3.859566,2025-07-31,2025-08-11,,8869139007eff2d5,3af2fc6588466346
peer,AIRJ,10-Q,MD&A,geopolitical_macro,,,,True,"AIRJ provides only a generic reference to risk factors without discussing specific macroeconomic or geopolitical risks that AAON details extensively, suggesting AIRJ may be downplaying material macroeconomic and trade-related risks affecting the industry.",AAON,2.0,0.240257,2025-08-14,2025-08-11,,60deb65d10ed9f91,a7a2408bee39129b
peer,AIRJ,10-Q,MD&A,human_capital,,,,True,"AAON explicitly discusses active human capital challenges including labor market tightness, retention initiatives, and increased costs, while AIRJ provides only boilerplate severance plan details with no substantive discussion of workforce risks, suggesting AIRJ is downplaying a material human capital risk evident in the industry.",AAON,2.0,0.240257,2025-08-14,2025-08-11,,18750708cd2019ab,dc600c8237ff49d0
peer,AIRJ,10-Q,MD&A,operational_product,,,,True,"AirJoule provides no substantive discussion of product warranty risks or operational disruptions, while AAON details significant warranty provisions and ERP-related production issues, suggesting AirJoule may be downplaying material operational and product risks.",AAON,2.0,0.240257,2025-08-14,2025-08-11,,14d8ace3b6dd6e8f,46e3c415ecb22def
peer,AIRJ,10-Q,MD&A,regulatory_legal,,,,True,"AIRJ provides only generic boilerplate legal risk disclosures despite being in an industry where AAON details active, material legal and regulatory risks including tax examinations and compliance contingencies, suggesting AIRJ is downplaying significant regulatory/legal risks.",AAON,2.0,0.240257,2025-08-14,2025-08-11,,ea862fbb4abca781,a19dba2fca81b56e
peer,AIRJ,10-Q,MD&A,supply_chain,,,,True,"AIRJ provides almost no substantive discussion of supply chain risks despite clear industry-wide challenges detailed extensively by AAON, suggesting AIRJ may be downplaying a material risk.",AAON,2.0,0.240257,2025-08-14,2025-08-11,,9c61ab465d63b2b0,84e0b502ec4ba4e3
peer,FGI,10-Q,MD&A,financial_sustainability,,,,True,"Company B provides extensive quantitative disclosures on financial losses, impairments, divestitures, and pension obligations indicating active financial sustainability challenges, while Company A offers only generic strategic investment statements without acknowledging any current financial risks, suggesting potential downplaying of material financial sustainability risks.",BW,2.0,0.310067,2025-08-13,2025-08-11,,30b051290778957c,95e6cc3f191dd821
peer,FGI,10-Q,MD&A,human_capital,,,,True,"FGI provides only a vague statement about marketing and design skills with no mention of human capital risks, while BW details specific and material human capital risks including labor negotiations, retention challenges, and restructuring impacts, suggesting FGI is downplaying a clearly material risk.",BW,2.0,0.310067,2025-08-13,2025-08-11,,b2b8b99a83a83cb1,53b838ddd29024a6
peer,TGEN,10-Q,MD&A,financial_sustainability,,,,True,"TGEN provides minimal discussion on financial sustainability risks and capital expenditures, while AAON offers detailed, quantified disclosures on intangible assets, amortization, tax impacts, capital expenditures, and financial commitments, suggesting TGEN may be downplaying material financial sustainability risks.",AAON,2.0,0.245745,2025-08-13,2025-08-11,,598285b62ecdcb3f,6aaffb87f10ed356
peer,TGEN,10-Q,MD&A,geopolitical_macro,,,,True,"AAON provides only generic macroeconomic and tariff risk disclosures without addressing the clearly material anti-fossil fuel regulatory and geopolitical energy price risks that TGEN highlights as directly impacting their industry and product demand, suggesting AAON is downplaying significant industry-wide risks.",AAON,2.0,0.245745,2025-08-13,2025-08-11,,d3288355eca9c4c4,a7a2408bee39129b
peer,OUST,10-Q,MD&A,supply_chain,,,,True,"RR provides only generic, boilerplate risk statements about supply chain and inventory without addressing specific supplier concentration or trade policy risks that OUST clearly identifies as material and active threats.",RR,2.0,0.324339,2025-08-11,2025-08-11,,d213a30f7271f59a,c7e57d7e735b0aa6
peer,RR,10-Q,MD&A,geopolitical_macro,,,,True,"Company B (KITT) provides no substantive discussion of geopolitical or macroeconomic risks despite clear exposure to foreign currency and international operations, while Company A (RR) explicitly details these risks including geopolitical instability, suggesting KITT is downplaying a material risk.",KITT,2.0,0.059981,2025-08-11,2025-08-11,,5f5993fba77810bf,95e27729cea1695b
peer,RR,10-Q,MD&A,human_capital,,,,True,"KITT provides only generic, boilerplate disclosures about stock-based compensation and benefits with no mention of labor shortages or human capital challenges, while RR explicitly discusses labor shortages and significant personnel cost increases, suggesting KITT is downplaying a material human capital risk evident in the industry.",KITT,2.0,0.059981,2025-08-11,2025-08-11,,5f5e4ec5977eb6e3,054b15490c4c4ed4
peer,RR,10-Q,MD&A,regulatory_legal,,,,True,"Company B provides only generic boilerplate about litigation and contingencies despite being in the same industry where Company A details specific increased legal and compliance costs, suggesting Company B is downplaying material regulatory/legal risks.",KITT,2.0,0.059981,2025-08-11,2025-08-11,,4116ffc0fd8fdb17,74a3d1b35cb57fd8
peer,SERV,10-Q,MD&A,financial_sustainability,,,,True,"SERV provides only generic statements about capital expenditures without addressing financial sustainability risks like deferred tax asset valuation allowances that OUST explicitly discusses, suggesting SERV may be downplaying a material financial sustainability risk evident in the industry.",OUST,1.0,0.047991,2025-08-08,2025-08-11,,b667b334625ebbf0,449e846e2d237cc4
peer,SERV,10-Q,Risk Factors,accounting_audit,,,,True,"Company B provides only a generic statement about internal control assessment without discussing risks or material weaknesses, while Company A offers detailed, substantive disclosures on significant accounting policies and related risks, suggesting Company B is downplaying a clearly material accounting and audit risk.",OUST,1.0,0.047991,2025-08-08,2025-08-11,,2d924bebf4aad881,5b8928517df26489
peer,SERV,10-Q,Risk Factors,financial_sustainability,,,,True,"Company B provides only a generic statement about reporting obligations straining resources, while Company A offers detailed, specific disclosures on financial sustainability risks including impairment testing, goodwill valuation, and acquisition accounting, suggesting Company B is downplaying material financial sustainability risks evident in the industry.",OUST,1.0,0.047991,2025-08-08,2025-08-11,,fd591757974711fd,7d9373523929ea82
peer,SERV,10-Q,Risk Factors,geopolitical_macro,,,,True,"Company A (SERV) provides only generic currency translation risk disclosure while Company B (OUST) details active, material geopolitical trade risks and mitigation efforts, suggesting SERV is downplaying a clearly material industry-wide geopolitical risk.",OUST,1.0,0.047991,2025-08-08,2025-08-11,,73a770d2ba4a41f1,355aca7ae9406541
peer,SERV,10-Q,Risk Factors,human_capital,,,,True,"Company B provides only a vague, generic statement about resource strain without substantive detail, while Company A offers specific, quantifiable disclosures on stock-based compensation and human capital expenses, suggesting Company B may be downplaying a material human capital risk.",OUST,1.0,0.047991,2025-08-08,2025-08-11,,8c1d21b36edd2c7a,d1528da15f492591
peer,SERV,10-Q,Risk Factors,liquidity_solvency,,,,True,"Company B provides only vague, generic statements about liquidity and solvency risks without any substantive detail, while Company A offers a detailed, transparent discussion including specific liquidity sources, financial condition, and potential funding challenges, suggesting Company B is downplaying a clearly material risk.",OUST,1.0,0.047991,2025-08-08,2025-08-11,,eb594b9b9ce1ac84,56cd21af74ffbb80
peer,SERV,10-Q,Risk Factors,revenue_future_performance,,,,True,"Company B provides only generic boilerplate about trade policy risks without addressing its significant customer concentration risk that Company A details extensively, suggesting Company B is downplaying a material revenue concentration risk.",OUST,1.0,0.047991,2025-08-08,2025-08-11,,d16e387e818dc522,a2dcd5ecf61e2429
peer,SERV,10-Q,MD&A,financial_sustainability,,,,True,"Company A provides only vague, generic statements about future capital expenditures without addressing financial sustainability risks, while Company B offers detailed, specific disclosures on tax asset valuation, investment income, and financial flexibility, indicating Company A may be downplaying material financial sustainability risks.",RR,2.0,0.087236,2025-08-08,2025-08-11,,b667b334625ebbf0,b3a6141dabd71111
peer,SERV,10-Q,MD&A,regulatory_legal,,,,True,"Company B provides only generic, minimal disclosure on regulatory and legal risks despite being in the same industry where Company A details specific regulatory threats and intellectual property litigation risks, suggesting Company B may be downplaying material regulatory/legal exposures.",RR,2.0,0.087236,2025-08-08,2025-08-11,,6696406e4b7ed41d,4116ffc0fd8fdb17
peer,SERV,10-Q,MD&A,supply_chain,,,,True,"Company A provides only a vague, minimal statement on supply chain constraints despite being in the same industry where Company B details specific supply chain risks and active management, suggesting Company A is downplaying a clearly material risk.",RR,2.0,0.087236,2025-08-08,2025-08-11,,4d8439f25af3e687,c7e57d7e735b0aa6
peer,EKSO,10-Q,MD&A,cybersecurity_technology,,,,True,"EKSO provides no mention of cybersecurity risks related to its technology platform, while KITT explicitly describes its advanced software capabilities, suggesting EKSO may be downplaying a material cybersecurity risk inherent in its operations.",KITT,1.0,0.013565,2025-07-28,2025-08-11,,d7c92f6755dfb2d2,633557de31af7cd1
peer,EKSO,10-Q,MD&A,regulatory_legal,,,,True,"KITT provides only generic boilerplate about litigation and contingencies without addressing regulatory or reimbursement risks that are clearly material to EKSO's business, suggesting KITT is downplaying a significant regulatory risk.",KITT,1.0,0.013565,2025-07-28,2025-08-11,,26a42a189a3fe046,74a3d1b35cb57fd8
peer,EKSO,10-Q,Risk Factors,operational_product,,,,True,"KITT provides no substantive discussion of product warranty or operational product risks despite being in a related industrial technology sector, while EKSO details active warranty liabilities, cost estimates, and operational challenges, suggesting KITT may be downplaying a material risk.",KITT,1.0,0.013565,2025-07-28,2025-08-11,,92adec12cbe9cba4,944525ff5b8c557b
peer,LII,10-Q,MD&A,financial_sustainability,,,,True,"LII provides minimal discussion on financial sustainability risks and capital expenditure impacts despite significant share repurchases and dividends, whereas AAON offers detailed, quantifiable disclosures on intangible assets, tax impacts, capital expenditures, and financial adjustments, suggesting LII may be downplaying material financial sustainability risks.",AAON,1.0,0.931768,2025-07-23,2025-08-11,,a8b75164fca1ee8b,6aaffb87f10ed356
peer,LII,10-Q,MD&A,geopolitical_macro,,,,True,"AAON provides extensive, specific disclosure on geopolitical risks including tariffs and trade policy impacts that are clearly material to the industry, while LII offers only minimal, generic references, suggesting LII is downplaying a significant industry-wide geopolitical risk.",AAON,1.0,0.931768,2025-07-23,2025-08-11,,c9e3155382b72ac5,a7a2408bee39129b
peer,LII,10-Q,MD&A,human_capital,,,,True,"LII provides minimal and vague disclosure on human capital risks despite noting higher employee-related costs, while AAON offers detailed discussion on compensation plans, labor market challenges, and retention initiatives, suggesting LII may be downplaying a material workforce risk.",AAON,1.0,0.931768,2025-07-23,2025-08-11,,d4da68a99cd3bebe,dc600c8237ff49d0
peer,GTLS,10-Q,MD&A,geopolitical_macro,,,,True,"ACA provides only a generic, broad list of risks with minimal specific discussion of geopolitical or macroeconomic instability, while GTLS explicitly details active, material geopolitical risks including conflicts, sanctions, trade policies, and energy policy impacts, suggesting ACA is downplaying significant geopolitical risks relevant to the industry.",ACA,2.0,3.076375,2025-07-29,2025-08-08,,ab7321573e36c86d,547c109b6693fe14
peer,GTLS,10-Q,MD&A,regulatory_legal,,,,True,"ACA explicitly details the material impact of the OBBBA on its wind and solar tax credits, while GTLS provides only generic tax commentary without addressing these specific regulatory risks critical to ACA's business, suggesting GTLS may be downplaying a material regulatory risk.",ACA,2.0,3.076375,2025-07-29,2025-08-08,,88613525507b8b66,afc68fa6f920e114
peer,GTLS,10-Q,MD&A,supply_chain,,,,True,"ACA provides no mention of supply chain risks despite operating in an industry where GTLS explicitly highlights global supply chain strain due to geopolitical unrest, suggesting ACA may be downplaying a material risk.",ACA,2.0,3.076375,2025-07-29,2025-08-08,,837c800dfe1c574e,ac93c84d36f63e40
peer,SWK,10-Q,MD&A,debt_financing,,,,True,"Company B (SSD) provides minimal detail on its debt financing risks and liquidity compared to Company A (SWK), which discloses extensive information on credit facilities, covenants, ratings, currency exposure, and active debt management, suggesting SSD may be downplaying material debt-related risks.",SSD,2.0,3.975746,2025-07-29,2025-08-08,,eb6d4e8c6e0834e8,2eaf2429df4c95c1
peer,SWK,10-Q,MD&A,supply_chain,,,,True,"SSD provides only a vague, generic statement about supply chain improvements without addressing significant risks or cost impacts that SWK explicitly quantifies and discusses, suggesting SSD may be downplaying material supply chain risks evident in the industry.",SSD,2.0,3.975746,2025-07-29,2025-08-08,,ebfbba532773bc71,14ca01073d86e0a4
peer,SWK,10-Q,Risk Factors,supply_chain,,,,True,"Company B provides near-zero substantive disclosure on supply chain risks despite being in the same industry where Company A details significant and material supply chain vulnerabilities, suggesting Company B is downplaying a clearly material risk.",SSD,2.0,3.975746,2025-07-29,2025-08-08,,d9219a6c1e3fffcb,2f1c2d97dcaa6db2
peer,SNA,10-Q,Risk Factors,operational_product,,,,True,"Company A provides only generic statements about operational improvements without addressing specific product risks that Company B details extensively, suggesting Company A may be downplaying material product-related operational risks.",SSD,1.0,2.288394,2025-07-17,2025-08-08,,59cadf02b655807d,ade726b5be1f67e8
peer,SNA,10-Q,Risk Factors,supply_chain,,,,True,"Company B provides only generic positive statements about supply chain improvements without addressing risks, while Company A discloses specific inventory changes indicating active supply chain challenges, suggesting Company B is downplaying material supply chain risks.",SSD,1.0,2.288394,2025-07-17,2025-08-08,,43b8f4e342916792,2f1c2d97dcaa6db2
peer,XRX,10-Q,MD&A,operational_product,,,,True,"Company B provides only generic statements about operational capacity and service offerings without addressing restructuring or cost realignment risks that Company A explicitly quantifies and discusses, suggesting Company B may be downplaying significant operational product risks.",FTNT,2.0,2.163638,2025-08-07,2025-08-08,,c8bf2b10751a7e25,4f42f27fa88ea1c9
peer,XRX,10-Q,MD&A,supply_chain,,,,True,"XRX provides only a brief, generic statement about its manufacturing facility without addressing active supply chain challenges, while FTNT details significant, quantifiable supply chain risks and impacts, suggesting XRX is downplaying a material industry-wide risk.",FTNT,2.0,2.163638,2025-08-07,2025-08-08,,e867f7a0bedb7d10,3484856052c4143d
peer,XRX,10-Q,Risk Factors,accounting_audit,,,,True,"Company A provides near-zero substantive disclosure on accounting and audit risks despite the materiality of these issues indicated by Company B's detailed discussion, suggesting potential concealment or downplaying of significant financial reporting risks.",FTNT,2.0,2.163638,2025-08-07,2025-08-08,,efff22b1d240bed0,707754cbefbed4ef
peer,XRX,10-Q,Risk Factors,geopolitical_macro,,,,True,"XRX provides only minimal, generic disclosure on geopolitical and macroeconomic risks despite significant international operations, whereas FTNT offers extensive, detailed, and specific risk factors indicating active and material exposure, suggesting XRX is downplaying a clearly material risk.",FTNT,2.0,2.163638,2025-08-07,2025-08-08,,8d1e7a97c951a33f,383819e4fc81f75b
peer,XRX,10-Q,Risk Factors,human_capital,,,,True,"Company A (XRX) provides minimal and generic disclosure on human capital risks despite clear exposure to unionized labor and labor negotiations, whereas Company B (FTNT) offers extensive, detailed discussion on human capital challenges, including retention, recruitment, management turnover, and competitive labor markets, suggesting XRX is downplaying a material risk evident in the industry.",FTNT,2.0,2.163638,2025-08-07,2025-08-08,,989a7bca35ab3443,1ad9af42f9d61a65
peer,ASTE,10-Q,Risk Factors,regulatory_legal,,,,True,"ASTE provides only generic legal risk disclosures with no mention of significant EPA-related legal matters that MTW quantifies as material charges, suggesting ASTE may be downplaying or concealing a material regulatory/legal risk exposure.",MTW,1.0,0.025916,2025-08-06,2025-08-08,,30393dd5fa54043c,6251dde17a054f97
peer,CAT,10-Q,MD&A,financial_sustainability,,,,True,"MTW provides near-zero substantive disclosure on financial sustainability risks compared to CAT's detailed discussion of capital expenditures, pension contributions, dividend policy, and share repurchases, suggesting MTW may be downplaying a material financial risk.",MTW,2.0,4.899272,2025-08-06,2025-08-08,,99edb9bc7a6a15bf,c695e0639386927f
peer,CAT,10-Q,MD&A,supply_chain,,,,True,"MTW provides only a minimal, generic mention of supply chain risk despite clear industry-wide challenges detailed extensively by CAT, suggesting MTW may be downplaying a material risk.",MTW,2.0,4.899272,2025-08-06,2025-08-08,,e7d147b0f386d9c3,7c530503aab907cd
peer,CAT,10-Q,Risk Factors,cost_margin_pressure,,,,True,"MTW provides minimal discussion on cost and margin pressures despite clear evidence from CAT that unfavorable price realization and higher manufacturing costs are materially impacting operating margins across segments, suggesting MTW is downplaying a significant industry-wide risk.",MTW,2.0,4.899272,2025-08-06,2025-08-08,,a0f48a116a46f926,c1aa1dae5140f1a5
peer,CAT,10-Q,Risk Factors,financial_sustainability,,,,True,"MTW provides minimal and generic disclosure on financial sustainability risks despite clear capital allocation and investment activities, whereas CAT offers detailed, quantified, and forward-looking discussion indicating active management of financial sustainability, suggesting MTW may be downplaying a material risk.",MTW,2.0,4.899272,2025-08-06,2025-08-08,,b54db52475b841c8,8b20c18dd0a748c2
peer,CAT,10-Q,Risk Factors,geopolitical_macro,,,,True,"MTW provides only minimal, generic disclosure on tariffs and trade risks despite being in the same industry where CAT quantifies a $1.3-$1.5 billion tariff impact and details active mitigation efforts, suggesting MTW is downplaying a clearly material risk.",MTW,2.0,4.899272,2025-08-06,2025-08-08,,1cadd94bb1fa9320,8e5835c87b4f2b4a
peer,GFF,10-Q,MD&A,geopolitical_macro,,,,True,"ACA provides only generic, broad risk factors including geopolitical stability in Mexico, while GFF quantifies and details specific foreign currency impacts and translation adjustments, suggesting ACA is downplaying a clearly material currency risk evident in the industry.",ACA,1.0,1.121676,2025-08-06,2025-08-08,,5a42fbc8da37efb7,547c109b6693fe14
peer,GFF,10-Q,MD&A,regulatory_legal,,,,True,"GFF provides no substantive discussion of the significant regulatory changes affecting tax incentives for renewable energy projects that ACA details, suggesting GFF is downplaying a material regulatory risk relevant to the industry.",ACA,1.0,1.121676,2025-08-06,2025-08-08,,d915bebd278384f5,afc68fa6f920e114
peer,PLOW,10-Q,MD&A,debt_financing,,,,True,"GENC discloses having no debt at all and provides no discussion of debt financing risks, while PLOW details significant debt refinancing, interest expenses, and related risks, suggesting GENC may be downplaying or concealing material debt financing risk exposure if it actually has any debt-related obligations or contingent liabilities.",GENC,2.0,0.037391,2025-08-05,2025-08-08,,70c2fc41384dd6a1,ab08451c0edefc75
peer,PLOW,10-Q,MD&A,operational_product,,,,True,"GENC provides no substantive discussion of operational product risks related to wear and tear or seasonality, unlike PLOW which explicitly addresses these material risks, suggesting GENC may be downplaying a significant industry-wide exposure.",GENC,2.0,0.037391,2025-08-05,2025-08-08,,ed22edc594da060c,f05ceb7c2cf2eea8
peer,BWXT,10-Q,MD&A,financial_sustainability,,,,True,"PSIX provides only generic, forward-looking statements about growth and balance sheet strength without addressing its pension and postretirement funding obligations, while BWXT explicitly discloses significant underfunded benefit obligations and expected contributions, suggesting PSIX may be downplaying a material financial sustainability risk.",PSIX,2.0,0.935706,2025-08-04,2025-08-08,,442faa3e7574f0ba,28721aa8d30e56ff
peer,BWXT,10-Q,MD&A,operational_product,,,,True,"PSIX provides only a generic statement about expanding manufacturing capacity for data centers, while BWXT details extensive operations and risks related to nuclear components and services, indicating PSIX is downplaying significant operational risks inherent in its industry exposure.",PSIX,2.0,0.935706,2025-08-04,2025-08-08,,773318ba980212db,0d7a3fb81cfbbad9
peer,BWXT,10-Q,MD&A,supply_chain,,,,True,"BWXT, a leading supplier in the nuclear industry with complex supply chain needs, provides no substantive discussion of supply chain risks or mitigation efforts, unlike PSIX which details active initiatives and risk management, suggesting BWXT may be downplaying a material supply chain risk.",PSIX,2.0,0.935706,2025-08-04,2025-08-08,,2562a96a0e66ceeb,ed4d0ac8dd21493f
peer,CNH,10-Q,MD&A,supply_chain,,,,True,"MTW provides only a minimal, generic mention of supply chain risks despite clear industry-wide disruptions detailed extensively by CNH, suggesting MTW may be downplaying a material risk affecting its business.",MTW,1.0,1.816211,2025-08-04,2025-08-08,,b8d563d7334faf44,7c530503aab907cd
peer,CNH,10-Q,Risk Factors,financial_sustainability,,,,True,"MTW provides only generic, non-substantive disclosures on financial sustainability while CNH details specific restructuring expenses and impacts, suggesting MTW is downplaying a material financial risk evident in the peer's disclosures.",MTW,1.0,1.816211,2025-08-04,2025-08-08,,1cc2cb150de7f909,8b20c18dd0a748c2
peer,OIS,10-Q,MD&A,financial_sustainability,,,,True,"Company B provides minimal discussion of impairment charges and restructuring risks that are clearly material and extensively disclosed by Company A, suggesting potential downplaying of significant financial sustainability risks.",FET,1.0,0.027392,2025-07-31,2025-08-08,,9442156592c4759d,874d4ad3c4f25d99
peer,VMI,10-Q,MD&A,supply_chain,,,,True,"ACA provides no mention of supply chain risks or mitigation despite industry-wide challenges, while VMI discloses an active supplier finance program indicating material supply chain considerations.",ACA,1.0,2.121601,2025-07-31,2025-08-08,,baac04705cd8bcef,ac93c84d36f63e40
peer,BC,10-Q,MD&A,financial_sustainability,,,,True,"PSIX provides minimal discussion on financial sustainability risks despite being in the same industry where BC details significant restructuring costs and capital strategy, suggesting PSIX may be downplaying material financial risks.",PSIX,2.0,0.714818,2025-07-30,2025-08-08,,c3f2da4515861b9b,28721aa8d30e56ff
peer,BC,10-Q,MD&A,geopolitical_macro,,,,True,"PSIX provides only minimal, generic disclosure on tariff and geopolitical risks despite being in the same industry where BC details extensive, specific impacts and exposures, suggesting PSIX may be downplaying a clearly material risk.",PSIX,2.0,0.714818,2025-07-30,2025-08-08,,489fe7f4527b5167,890ca5fde35119f9
peer,CMCO,10-Q,MD&A,financial_sustainability,,,,True,"MTW provides near-zero disclosure on financial sustainability risks and capital expenditures, while CMCO offers detailed, substantive discussion including goodwill impairment, pension obligations, asbestos liabilities, and capital expenditure plans, suggesting MTW is downplaying material financial sustainability risks evident in the industry.",MTW,2.0,0.033785,2025-07-30,2025-08-08,,0b531251b94c20d5,c695e0639386927f
peer,CMCO,10-Q,MD&A,regulatory_legal,,,,True,"MTW provides minimal and vague disclosure on a significant EPA legal matter while CMCO offers detailed, specific, and quantified discussion of multiple substantial regulatory and legal risks, suggesting MTW is downplaying a material regulatory/legal risk.",MTW,2.0,0.033785,2025-07-30,2025-08-08,,9fedbf399a363eb1,0f4c85726b382e40
peer,CMCO,10-Q,MD&A,supply_chain,,,,True,"MTW provides only a generic mention of tariffs without addressing active supply chain challenges or mitigation efforts, unlike CMCO which details specific supply chain risks and responses, suggesting MTW may be downplaying a material supply chain risk.",MTW,2.0,0.033785,2025-07-30,2025-08-08,,e13bad0d793b9b44,7c530503aab907cd
peer,RGR,10-Q,MD&A,geopolitical_macro,,,,True,"RGR provides only generic boilerplate on geopolitical and macro risks without addressing specific impacts like tariffs or defense sales fluctuations that NPK explicitly quantifies and discusses, suggesting RGR is downplaying material geopolitical risks affecting its business.",NPK,2.0,0.438038,2025-07-30,2025-08-08,,7d6575ce926b5564,cd452116bc894681
peer,WRAP,10-Q,MD&A,financial_sustainability,,,,True,"POWW provides only generic strategic and operational updates without substantive discussion of financial sustainability risks, while WRAP details specific accounting judgments, impairments, and a high-cost preferred stock dividend, indicating active financial risks that POWW appears to downplay or conceal.",POWW,1.0,0.119879,2025-08-14,2025-08-08,,b71b2b3cd653b04b,4856b4984dfc8e13
peer,OUST,10-Q,MD&A,accounting_audit,,,,True,"SERV appears to downplay the risk related to critical accounting estimates by providing only generic boilerplate about the JOBS Act transition period, while OUST offers detailed disclosure on the nature and impact of critical accounting estimates, suggesting SERV may be concealing material estimation risks inherent to its financial reporting.",SERV,1.0,0.242286,2025-08-11,2025-08-08,,de99aba053eb578f,753ed234f0f04f10
peer,OUST,10-Q,MD&A,financial_sustainability,,,,True,"Company A discusses significant valuation allowances on deferred tax assets indicating financial sustainability concerns, while Company B provides only generic statements about capital expenditures without addressing clear tax asset risks, suggesting potential downplaying of a material financial risk.",SERV,1.0,0.242286,2025-08-11,2025-08-08,,449e846e2d237cc4,b667b334625ebbf0
peer,OUST,10-Q,MD&A,supply_chain,,,,True,"SERV provides only a vague, boilerplate statement about supply chain constraints despite being in the same industry where OUST details specific supplier dependencies and mitigation efforts, suggesting SERV is downplaying a clearly material risk.",SERV,1.0,0.242286,2025-08-11,2025-08-08,,d213a30f7271f59a,4d8439f25af3e687
peer,OUST,10-Q,Risk Factors,accounting_audit,,,,True,"SERV provides extensive, detailed disclosures on accounting policies, estimates, and risks, while OUST offers only a brief, generic statement on internal control reporting, suggesting OUST may be downplaying significant accounting and audit risks material to its business.",SERV,1.0,0.242286,2025-08-11,2025-08-08,,5b8928517df26489,2d924bebf4aad881
peer,OUST,10-Q,Risk Factors,financial_sustainability,,,,True,"Company A provides only a generic statement about financial strain from reporting obligations, while Company B offers detailed, specific disclosures on financial sustainability risks including impairment testing, goodwill valuation, and tax impacts, suggesting Company A is downplaying material financial sustainability risks evident in the industry.",SERV,1.0,0.242286,2025-08-11,2025-08-08,,7d9373523929ea82,fd591757974711fd
peer,OUST,10-Q,Risk Factors,geopolitical_macro,,,,True,"SERV provides no substantive discussion of geopolitical risks or trade tensions despite operating internationally, while OUST details active impacts and mitigation efforts, suggesting SERV is downplaying a clearly material industry-wide risk.",SERV,1.0,0.242286,2025-08-11,2025-08-08,,355aca7ae9406541,73a770d2ba4a41f1
peer,XPEL,10-Q,MD&A,financial_sustainability,,,,True,"NPK records a significant goodwill impairment and vendor deposit impairment indicating active financial sustainability risks, while XPEL provides no indication of impairment despite similar goodwill levels, suggesting potential downplaying of impairment risks.",NPK,2.0,0.047724,2025-08-08,2025-08-08,,76a17fbe6920cde4,e934673e4926b45f
peer,XPEL,10-Q,MD&A,human_capital,,,,True,"NPK provides detailed quantification of personnel cost changes indicating active human capital management, while XPEL offers no substantive discussion of human capital risks despite its business exposure, suggesting potential downplaying of this material risk.",NPK,2.0,0.047724,2025-08-08,2025-08-08,,8cd80679ce045e40,7cce68f2771e2c50
peer,XPEL,10-Q,MD&A,supply_chain,,,,True,"NPK provides virtually no discussion of supply chain risks despite being in the same industry where XPEL details multiple material supply chain and trade-related risks, suggesting NPK is downplaying a clearly material risk.",NPK,2.0,0.047724,2025-08-08,2025-08-08,,fa173cb206473fe6,cb9d4d56c6b7f5bd
peer,NNBR,10-Q,MD&A,accounting_audit,,,,True,"NNBR provides only generic references to critical accounting estimates without disclosing any material weaknesses or ongoing remediation efforts, while CVR explicitly details a material weakness in internal control over inventory valuation and its remediation plans, suggesting NNBR may be downplaying a significant risk evident in its peer's disclosure.",CVR,1.0,0.366084,2025-08-07,2025-08-08,,da3b2cd361bfda80,1d35cd22fc782b15
peer,NNBR,10-Q,MD&A,financial_sustainability,,,,True,"NNBR provides almost no substantive discussion on financial sustainability risks while CVR details significant contingent liabilities, valuation allowances, and strategic responses, suggesting NNBR is downplaying material financial risks evident in the industry.",CVR,1.0,0.366084,2025-08-07,2025-08-08,,9ce747aa06deb2ea,c9a8dba6e279f8d0
peer,NNBR,10-Q,MD&A,human_capital,,,,True,"NNBR provides minimal disclosure on human capital risks, only noting lower compensation expense from reduced headcount, while CVR highlights active leadership hiring and customer engagement, suggesting NNBR may be downplaying the strategic importance of human capital management.",CVR,1.0,0.366084,2025-08-07,2025-08-08,,8f2ac6b2b58c91ed,950c72928715c385
peer,GEF,10-Q,MD&A,debt_financing,,,,True,"SLGN provides minimal detail on its debt financing structure and risks despite having $1.4 billion in revolving loans and recent significant debt repayments, whereas GEF offers extensive, specific disclosures on multiple credit agreements, covenants, interest rates, and hedging strategies, suggesting SLGN is downplaying material debt financing risks.",SLGN,1.0,0.729707,2025-08-28,2025-08-07,,86f7c02cd28213d0,65ffc796536553f3
peer,EVLV,10-Q,MD&A,accounting_audit,,,,True,"EVLV discloses extensive material weaknesses, restatements, and an ongoing investigation into revenue recognition issues, while MITK provides only generic, boilerplate discussion of accounting estimates with no mention of any control weaknesses or restatements, suggesting MITK may be downplaying significant accounting and audit risks that appear material in this industry context.",MITK,2.0,0.040627,2025-08-14,2025-08-07,,09a02d39efae7ad5,061104cebfef8a8c
peer,EVLV,10-Q,MD&A,cost_margin_pressure,,,,True,"MITK provides only generic cost and expense changes without discussing cost or margin pressures as a risk, while EVLV explicitly details active and material cost and margin pressures affecting its business, suggesting MITK is downplaying a clearly material industry-wide risk.",MITK,2.0,0.040627,2025-08-14,2025-08-07,,2f8d0de76b6c6252,11797401398bce92
peer,EVLV,10-Q,MD&A,cybersecurity_technology,,,,True,"MITK provides only generic, high-level statements about cybersecurity risks without acknowledging active threats or incidents, while EVLV details specific, ongoing cyber-attacks, vulnerabilities, and operational impacts, suggesting MITK is downplaying material cybersecurity risks evident in the industry.",MITK,2.0,0.040627,2025-08-14,2025-08-07,,5b59603ee16f0ea1,444671d41dad4df6
peer,EVLV,10-Q,MD&A,geopolitical_macro,,,,True,"MITK provides no substantive discussion of geopolitical or macroeconomic risks despite being a peer in the same industry where EVLV details extensive and material exposures, suggesting MITK is downplaying or concealing significant industry-wide geopolitical risks.",MITK,2.0,0.040627,2025-08-14,2025-08-07,,4d0733b60f77ae85,1a21d55523607c98
peer,EVLV,10-Q,MD&A,human_capital,,,,True,"MITK provides only generic expense descriptions with no discussion of human capital risks, while EVLV offers detailed, specific disclosures on critical human capital challenges and their material impact, suggesting MITK is downplaying a clearly material risk.",MITK,2.0,0.040627,2025-08-14,2025-08-07,,4e1c9eca1d53d554,ed0f4534670f7233
peer,EVLV,10-Q,MD&A,operational_product,,,,True,"MITK provides almost no substantive disclosure on operational and product risks despite being in the same industry where EVLV details extensive, specific risks related to product failures, implementation challenges, and technology dependencies, suggesting MITK is downplaying material operational risks.",MITK,2.0,0.040627,2025-08-14,2025-08-07,,5407e70105dd4571,d979d18cb34dc233
peer,EVLV,10-Q,MD&A,regulatory_legal,,,,True,"MITK provides virtually no substantive disclosure on regulatory and legal risks despite being in the same industry where such risks are evidently material and extensively detailed by EVLV, suggesting MITK is downplaying or concealing significant regulatory and legal risk exposures.",MITK,2.0,0.040627,2025-08-14,2025-08-07,,202b82050d5bc103,eca3387e0842cf18
peer,SCKT,10-Q,MD&A,cost_margin_pressure,,,,True,"Company A (SCKT) provides only generic cost-cutting statements without acknowledging inflation or cost pressures explicitly, while Company B (OSS) details active inflation impacts, tariff challenges, and specific cost management efforts, suggesting SCKT is downplaying a clearly material industry-wide cost and margin pressure risk.",OSS,1.0,0.000287,2025-08-14,2025-08-07,,a466b2efe8623d4a,cd0c4432a5953425
peer,SCKT,10-Q,MD&A,financial_sustainability,,,,True,"OSS provides only generic, boilerplate discussion on financial sustainability without addressing material risks like deferred tax assets or net operating loss carryforwards that SCKT explicitly discloses, suggesting OSS may be downplaying a significant financial risk.",OSS,1.0,0.000287,2025-08-14,2025-08-07,,dfc74c8f6d1239cd,f72925de72a89983
peer,CVR,10-Q,MD&A,financial_sustainability,,,,True,"NNBR provides virtually no substantive discussion of financial sustainability risks while CVR offers detailed analysis and quantification, suggesting NNBR is downplaying a material risk evident in the industry.",NNBR,1.0,0.362409,2025-08-08,2025-08-07,,c9a8dba6e279f8d0,9ce747aa06deb2ea
peer,CVR,10-Q,MD&A,human_capital,,,,True,"CVR provides no substantive discussion of human capital risks despite NNBR disclosing material impacts from headcount reductions, suggesting CVR may be downplaying workforce-related risks.",NNBR,1.0,0.362409,2025-08-08,2025-08-07,,950c72928715c385,8f2ac6b2b58c91ed
peer,FTNT,10-Q,MD&A,supply_chain,,,,True,"XRX provides minimal and generic disclosure on supply chain risks despite operating a large manufacturing facility, while FTNT details significant supply chain challenges and financial commitments, suggesting XRX may be downplaying a material risk.",XRX,1.0,1.629389,2025-08-08,2025-08-07,,3484856052c4143d,e867f7a0bedb7d10
peer,FTNT,10-Q,Risk Factors,accounting_audit,,,,True,"XRX provides only a generic disclaimer about auditor involvement without substantive discussion of accounting or audit risks, while FTNT offers detailed disclosure on internal controls, accounting estimates, and risks, suggesting XRX is downplaying a material accounting and audit risk.",XRX,1.0,1.629389,2025-08-08,2025-08-07,,707754cbefbed4ef,efff22b1d240bed0
peer,FTNT,10-Q,Risk Factors,geopolitical_macro,,,,True,"XRX provides only minimal, generic disclosure on geopolitical and macroeconomic risks despite significant international operations, whereas FTNT offers extensive, detailed discussion of these risks, suggesting XRX is downplaying material exposures.",XRX,1.0,1.629389,2025-08-08,2025-08-07,,383819e4fc81f75b,8d1e7a97c951a33f
peer,PAR,10-Q,MD&A,supply_chain,,,,True,"Company B provides no substantive discussion of supply chain risks despite undergoing a significant hardware business transition that likely involves supply chain exposure, suggesting potential downplaying of this material risk.",VYX,1.0,1.894613,2025-08-08,2025-08-07,,4511eaa2eac35870,41f9c80d8f5e2715
peer,SSD,10-Q,MD&A,financial_sustainability,,,,True,"LCUT provides minimal disclosure on capital expenditures and growth investments despite evident goodwill impairment and restructuring costs, suggesting potential downplaying of financial sustainability risks compared to SSD's detailed discussion of investments, operating margins, and shareholder returns.",LCUT,2.0,1.325032,2025-08-08,2025-08-07,,1b05ec591196b8fe,9081774d61026916
peer,SSD,10-Q,Risk Factors,cost_margin_pressure,,,,True,"LCUT provides only generic cost of sales and expense breakdowns without discussing the active and material risk of cost and margin pressure from tariffs, labor, energy, and raw material price increases that SSD explicitly details, suggesting LCUT is downplaying a clearly material industry-wide risk.",LCUT,2.0,1.325032,2025-08-08,2025-08-07,,c1b9c425ef069bd0,02ab9988bddb5971
peer,SSD,10-Q,Risk Factors,regulatory_legal,,,,True,"Company A (SSD) provides only generic, minimal disclosure on legal risks, while Company B (LCUT) details a significant, ongoing environmental legal liability with quantifiable potential costs, suggesting SSD is downplaying a material regulatory/legal risk evident in their shared industry.",LCUT,2.0,1.325032,2025-08-08,2025-08-07,,d9bbe6bf207aaa74,5a65ac5737e543e7
peer,SSD,10-Q,Risk Factors,supply_chain,,,,True,"LCUT provides minimal and generic disclosure about supply chain risks despite relying heavily on third-party suppliers, while SSD explicitly discusses efforts to reduce reliance on outsourced components, suggesting LCUT may be downplaying a material supply chain risk.",LCUT,2.0,1.325032,2025-08-08,2025-08-07,,2f1c2d97dcaa6db2,760f100eaab72231
peer,CRSR,10-Q,MD&A,financial_sustainability,,,,True,"MITK provides no substantive discussion of financial sustainability risks such as deferred tax asset realizability or valuation allowances, which CRSR clearly identifies as a material and active issue affecting its financial condition.",MITK,2.0,0.622699,2025-08-07,2025-08-07,,a23fe074ba6649ea,258c281e481d1884
peer,CRSR,10-Q,MD&A,geopolitical_macro,,,,True,"MITK provides virtually no discussion of geopolitical or macroeconomic risks despite clear exposure to foreign currency fluctuations, while CRSR offers detailed, specific disclosures on tariffs, trade tensions, currency risks, and mitigation efforts, suggesting MITK is downplaying material macroeconomic and geopolitical risks.",MITK,2.0,0.622699,2025-08-07,2025-08-07,,cb7cc991250947ab,1a21d55523607c98
peer,NATL,10-Q,Risk Factors,revenue_future_performance,,,,True,"Company B (VYX) provides only a generic cross-reference to prior risk disclosures without any substantive discussion of revenue future performance risks, while Company A (NATL) offers detailed, segment-level analysis and forward-looking commentary, suggesting VYX is downplaying a clearly material risk to its business.",VYX,2.0,2.362814,2025-08-07,2025-08-07,,fd13573c737a4df2,9988f784101042a3
peer,SMR,10-Q,MD&A,regulatory_legal,,,,True,"JBI provides only a generic statement on regulatory monitoring despite operating in the same industry where SMR details extensive regulatory approvals, suggesting JBI is downplaying a material regulatory risk.",JBI,2.0,1.649283,2025-08-07,2025-08-07,,2c057c9f64804c1c,f91d2116e01cd08b
peer,SMR,10-Q,Risk Factors,debt_financing,,,,True,"SMR provides minimal and generic disclosure on its limited authorized shares impacting capital raising, while JBI offers detailed, active management and quantification of its debt financing risks, suggesting SMR is downplaying a material capital raising risk evident in the industry.",JBI,2.0,1.649283,2025-08-07,2025-08-07,,1b05db4fbf8dfad7,94b033a2a830bc26
peer,SMR,10-Q,Risk Factors,supply_chain,,,,True,"JBI provides only generic, minimal disclosure on supply chain risks despite sourcing some foreign components, while SMR details extensive, critical dependencies on strategic partners and complex agreements essential to its core business, indicating JBI may be downplaying a material supply chain risk evident in the industry.",JBI,2.0,1.649283,2025-08-07,2025-08-07,,05dd72cacfd59286,4d2159f4f9482a2d
peer,VYX,10-Q,Risk Factors,revenue_future_performance,,,,True,"VYX provides no substantive discussion on revenue future performance risks despite NATL detailing active, quantifiable impacts on revenue segments and market pressures, suggesting VYX is downplaying a clearly material risk.",NATL,2.0,1.014862,2025-08-07,2025-08-07,,9988f784101042a3,fd13573c737a4df2
peer,CCK,10-Q,MD&A,accounting_audit,,,,True,"SLGN provides extensive detail on non-GAAP measures and their adjustments but offers no substantive disclosure on critical accounting policies or estimates, unlike CCK, suggesting SLGN may be downplaying the material risk of accounting judgments inherent in its financial reporting.",SLGN,2.0,3.248215,2025-07-29,2025-08-07,,29398e4f8e68a8ba,0f9194d08f6411dc
peer,CCK,10-Q,MD&A,supply_chain,,,,True,"SLGN provides only generic boilerplate about supplier payment terms while CCK details active, material supply chain disruptions including plant idling and raw material sourcing issues, suggesting SLGN is downplaying a clearly material supply chain risk.",SLGN,2.0,3.248215,2025-07-29,2025-08-07,,3597907f493fd878,d60e47144eaa8c24
peer,TRS,10-Q,MD&A,cost_margin_pressure,,,,True,"Company B (PKOH) provides only generic, high-level commentary on cost and margin pressures without acknowledging active inflationary impacts or specific mitigation strategies that Company A (TRS) details extensively, suggesting PKOH may be downplaying material cost inflation risks evident in the industry.",PKOH,2.0,1.725573,2025-07-29,2025-08-07,,ddd76651ae8d1c33,23bcbc9936b4104c
peer,TRS,10-Q,MD&A,supply_chain,,,,True,"PKOH provides only a generic statement about tariffs without substantive discussion of supply chain impacts, while TRS offers detailed, quantifiable information on inventory and payables management, suggesting PKOH may be downplaying a material supply chain risk evident in the industry.",PKOH,2.0,1.725573,2025-07-29,2025-08-07,,1c6ab25427180de6,80f1b00b5edc3e71
peer,MOG-A,10-Q,MD&A,accounting_audit,,,,True,"Company B provides only generic boilerplate about critical accounting policies without discussing revenue recognition or specific accounting methods, while Company A details significant revenue recognition methods under ASC 606, suggesting Company B is downplaying a material accounting risk evident in the industry.",CW,1.0,0.319271,2025-07-25,2025-08-07,,04409f90d7d3fac5,f5b202a47d231da1
peer,MOG-A,10-Q,MD&A,supply_chain,,,,True,"Company B provides minimal and generic discussion of supply chain risks despite operating in defense segments where Company A details specific supply chain constraints and market impacts, suggesting Company B may be downplaying a material risk.",CW,1.0,0.319271,2025-07-25,2025-08-07,,0e9190cd8e8789c2,117b1394b8f19a41
peer,PNR,10-Q,MD&A,regulatory_legal,,,,True,"JBTM provides only generic ESG statements without addressing regulatory or legal risks related to dividend payments, unlike PNR which discloses specific statutory and regulatory limitations, suggesting JBTM is downplaying a material regulatory/legal risk.",JBTM,2.0,2.726334,2025-07-22,2025-08-07,,a6c3d43dbe1cb97e,2a6135a67816b676
peer,AZTA,10-Q,MD&A,debt_financing,,,,True,"AZTA provides minimal disclosure on debt financing risk despite likely exposure, while ACMR offers detailed, quantifiable information on extensive borrowings and associated covenants, suggesting AZTA is downplaying a material risk.",ACMR,1.0,0.024933,2025-08-06,2025-08-07,,c0d0ff8f3edb63c6,50d518b81348e1b8
peer,AZTA,10-Q,MD&A,regulatory_legal,,,,True,"AZTA provides only a minimal, generic mention of governance-related expenses, while ACMR offers extensive, detailed disclosure on significant and specific regulatory, legal, and tax risks related to its mainland China operations, suggesting AZTA is downplaying material regulatory and legal risks that are clearly relevant in the industry.",ACMR,1.0,0.024933,2025-08-06,2025-08-07,,404ffacda904c5da,7890c0da3766dddc
peer,AZTA,10-Q,Risk Factors,accounting_audit,,,,True,"Company B (ACMR) provides near-zero substantive disclosure on internal control weaknesses or material misstatements despite Company A (AZTA) detailing ongoing material weaknesses and remediation efforts, suggesting ACMR may be downplaying significant accounting and audit risks.",ACMR,1.0,0.024933,2025-08-06,2025-08-07,,bedcf2e4d0fb29fd,af389d35aa0db46c
peer,AZTA,10-Q,Risk Factors,human_capital,,,,True,"ACMR provides only a generic statement about stock-based compensation valuation uncertainty, while AZTA offers detailed disclosure on restructuring expenses, stock-based compensation plans, performance conditions, and employee numbers, suggesting ACMR is downplaying a material human capital risk evident in its peer's detailed discussion.",ACMR,1.0,0.024933,2025-08-06,2025-08-07,,f4c8755dd4e1b571,d2c52417a6341799
peer,DBD,10-Q,MD&A,accounting_audit,,,,True,"Company A (DBD) provides only generic boilerplate about accounting policies and controls with no mention of any misstatements or corrections, while Company B (NATL) discloses identified misstatements and restatements, suggesting DBD may be downplaying or concealing accounting risks that appear material in this industry context.",NATL,1.0,1.228081,2025-08-06,2025-08-07,,a067914e400a1e22,7f12d83a2fd2102a
peer,DBD,10-Q,MD&A,financial_sustainability,,,,True,"Company B (NATL) provides only generic, minimal discussion on financial sustainability risks despite clear exposure to significant pension and postretirement obligations, whereas Company A (DBD) offers detailed quantitative disclosures on goodwill, intangible assets, restructuring charges, and severance accruals, indicating active management of financial sustainability risks.",NATL,1.0,1.228081,2025-08-06,2025-08-07,,201b972e730b097f,7b4e793a51c57211
peer,DBD,10-Q,MD&A,regulatory_legal,,,,True,"Company B (VYX) provides minimal and vague disclosure on significant tax law changes and environmental remediation liabilities, while Company A (DBD) offers detailed, quantified, and specific discussion of indirect tax contingencies and legal proceedings, suggesting VYX may be downplaying material regulatory and legal risks.",VYX,2.0,1.831915,2025-08-06,2025-08-07,,f28d652eb1c46ccc,ba5a8473f971edae
peer,DBD,10-Q,MD&A,supply_chain,,,,True,"VYX provides no substantive discussion of supply chain risks despite undergoing a significant hardware business transition likely impacting its supply chain, whereas DBD explicitly addresses material tariff-related supply chain challenges and mitigation efforts.",VYX,2.0,1.831915,2025-08-06,2025-08-07,,00df594a4c4b528b,41f9c80d8f5e2715
peer,GFF,10-Q,MD&A,financial_sustainability,,,,True,"JBI provides only generic boilerplate on financial sustainability and capital allocation, while GFF discloses significant impairments, operational losses, and detailed dividend policies, suggesting JBI is downplaying material financial risks evident in the industry.",JBI,2.0,1.462621,2025-08-06,2025-08-07,,f0315205d2c17ae6,1260b8397a99df37
peer,GFF,10-Q,MD&A,regulatory_legal,,,,True,"JBI provides only a generic statement about monitoring regulations with no substantive detail, while GFF discloses specific material liabilities and regulatory-related financial impacts, suggesting JBI is downplaying significant regulatory and legal risks evident in the industry.",JBI,2.0,1.462621,2025-08-06,2025-08-07,,d915bebd278384f5,f91d2116e01cd08b
peer,GFF,10-Q,Risk Factors,liquidity_solvency,,,,True,"GFF provides minimal discussion on liquidity and solvency risks despite likely exposure, while JBI offers detailed, active management disclosures indicating material liquidity challenges, suggesting GFF may be downplaying a significant risk.",JBI,2.0,1.462621,2025-08-06,2025-08-07,,aaafd58e17fa6493,44555111d1cffdff
peer,GFF,10-Q,Risk Factors,supply_chain,,,,True,"GFF provides only a vague reference to supply chain risks without substantive detail despite clear exposure to international sourcing risks, while JBI offers specific, active management strategies and acknowledges material supply chain vulnerabilities, suggesting GFF is downplaying a material risk.",JBI,2.0,1.462621,2025-08-06,2025-08-07,,f30809dc4c8d30bb,4d2159f4f9482a2d
peer,KAI,10-Q,MD&A,geopolitical_macro,,,,True,"JBTM provides only generic, boilerplate references to tariffs and geopolitical risks without substantive discussion, while KAI details specific tariff impacts, mitigation efforts, and quantifiable effects, suggesting JBTM is downplaying a clearly material risk evident in the industry.",JBTM,1.0,2.877609,2025-08-06,2025-08-07,,bf39199dde15f6e1,fd6cd1dd8759e2e1
peer,KAI,10-Q,MD&A,revenue_future_performance,,,,True,"JBTM provides only generic forward-looking statements without substantive discussion of risks to future revenue performance, while KAI offers detailed, segment-level analysis of current market conditions, demand variability, and specific factors affecting future bookings and revenue, suggesting JBTM is downplaying material risks to its revenue outlook.",JBTM,1.0,2.877609,2025-08-06,2025-08-07,,55408401b34892c3,bcbba29c80964f61
peer,KAI,10-Q,MD&A,supply_chain,,,,True,"JBTM provides only generic mitigation actions without acknowledging ongoing supply chain disruptions or delays that KAI explicitly details, suggesting JBTM may be downplaying a material supply chain risk evident in the industry.",JBTM,1.0,2.877609,2025-08-06,2025-08-07,,ade9883a1d437a7e,fa3bf42cac95d9dd
peer,KAI,10-Q,Risk Factors,accounting_audit,,,,True,"Company B explicitly discloses ongoing material weaknesses in internal controls over financial reporting that could lead to material misstatements, while Company A provides only generic accounting policy descriptions with no mention of control weaknesses despite similar industry exposure, suggesting potential downplaying of significant audit risks.",JBTM,1.0,2.877609,2025-08-06,2025-08-07,,37e8e535b6a22acf,7da5a9827e432133
peer,KAI,10-Q,Risk Factors,financial_sustainability,,,,True,"Company B provides only a vague, boilerplate statement about potential delays in internal controls without quantifying or discussing the material financial risks, while Company A offers detailed financial disclosures and quantifiable impacts, suggesting Company B is downplaying a clearly material financial sustainability risk.",JBTM,1.0,2.877609,2025-08-06,2025-08-07,,be1885b5f7eadde6,3c08e4ff223f98e6
peer,KAI,10-Q,Risk Factors,regulatory_legal,,,,True,"JBTM provides only generic boilerplate about internal controls post-acquisition without substantive discussion of ongoing regulatory or legal risks, while KAI offers detailed, specific disclosures on tax risks, litigation, and regulatory developments, suggesting JBTM is downplaying material regulatory/legal risks relevant to its business.",JBTM,1.0,2.877609,2025-08-06,2025-08-07,,70b7f846db50f263,162225d1ccc1cd92
peer,OMCL,10-Q,MD&A,regulatory_legal,,,,True,"OMCL provides only a brief, generic statement about enforceable agreements, while OSS offers detailed disclosures on litigation, indemnities, and contingencies, suggesting OMCL is downplaying material legal risks evident in the industry.",OSS,1.0,0.019084,2025-08-06,2025-08-07,,d4e8ad381f6fc2a9,0d67e4dd9c7d7763
peer,OMCL,10-Q,MD&A,supply_chain,,,,True,"OMCL provides minimal and generic disclosure on supply chain risks despite industry-wide evidence from OSS of significant, quantifiable supply chain disruptions and tariff impacts, suggesting OMCL may be downplaying a material risk.",OSS,1.0,0.019084,2025-08-06,2025-08-07,,9014ee99ef49fb1d,7960480b8910394e
peer,ACLS,10-Q,MD&A,operational_product,,,,True,"ACMR provides detailed quantification and discussion of warranty liabilities, a key operational product risk, while ACLS omits any mention of warranty or product liability risks despite similar industry exposure, suggesting potential downplaying of this material risk.",ACMR,2.0,0.154621,2025-08-05,2025-08-07,,f7a74994efd98892,d5bba51535a8b618
peer,ACLS,10-Q,MD&A,regulatory_legal,,,,True,"ACMR provides extensive, detailed disclosure on regulatory and legal risks related to its mainland China operations, including ongoing investigations, tax uncertainties, and geopolitical risks, while ACLS offers only minimal, generic tax-related commentary, suggesting ACLS may be downplaying significant regulatory and legal risks material to its business.",ACMR,2.0,0.154621,2025-08-05,2025-08-07,,c04878a5a3843c6a,7890c0da3766dddc
peer,BALL,10-Q,MD&A,supply_chain,,,,True,"SLGN provides only generic, superficial commentary on supply chain risks despite being in the same industry where supplier concentration and disruption are clearly material, suggesting potential downplaying of a significant risk that Ball explicitly acknowledges and details.",SLGN,2.0,3.679301,2025-08-05,2025-08-07,,06a9e37c71405c86,d60e47144eaa8c24
peer,ETN,10-Q,MD&A,supply_chain,,,,True,"Company B provides no mention of supply chain risks despite its defense segments likely facing significant supply chain challenges, suggesting potential downplaying or concealment compared to Company A's explicit discussion of a supply chain finance program.",CW,1.0,4.081361,2025-08-05,2025-08-07,,d14095fdbc252189,117b1394b8f19a41
peer,HLMN,10-Q,MD&A,regulatory_legal,,,,True,"LCUT mentions a significant legal settlement gain and ongoing legal expenses indicating active legal risk, while HLMN provides no substantive discussion of legal or regulatory risks despite being in the same industry, suggesting potential downplaying of material legal risks.",LCUT,1.0,0.446619,2025-08-05,2025-08-07,,dfb722b82fd3ad33,9e3863f9a9f7cb59
peer,HLMN,10-Q,Risk Factors,supply_chain,,,,True,"LCUT provides minimal and generic disclosure on supply chain risks despite being in the same industry where HLMN details significant reliance on foreign suppliers and active mitigation strategies, suggesting LCUT may be downplaying a material supply chain risk.",LCUT,1.0,0.446619,2025-08-05,2025-08-07,,c28ed9c8fbe82a68,760f100eaab72231
peer,MWA,10-Q,MD&A,financial_sustainability,,,,True,"Company B provides minimal disclosure on financial sustainability risks despite its significant dividend payments and capital expenditures, whereas Company A offers detailed discussion on dividends, share repurchases, pension obligations, and capital expenditures, suggesting Company B may be downplaying material financial sustainability risks.",WTS,2.0,0.170906,2025-08-05,2025-08-07,,f56d4b48eaca6319,4b547e9b91d02aa0
peer,MWA,10-Q,MD&A,supply_chain,,,,True,"WTS provides only generic boilerplate on supply chain risks despite industry-wide disruptions detailed by MWA, suggesting WTS may be downplaying a material risk affecting its operations.",WTS,2.0,0.170906,2025-08-05,2025-08-07,,6f4ab758cfbb0bcf,932c5d91243552a6
peer,NVT,10-Q,MD&A,accounting_audit,,,,True,"NVT provides only a generic statement about critical accounting policies without discussing specific estimates or assumptions, while JBTM offers detailed disclosures on critical accounting estimates and methodologies, suggesting NVT may be downplaying the material risks inherent in its accounting judgments.",JBTM,2.0,1.812679,2025-08-01,2025-08-07,,d8380c1678d9877f,1d573280283790e6
peer,NVT,10-Q,MD&A,human_capital,,,,True,"Company B provides minimal and generic discussion on human capital risks despite its industry exposure, while Company A details specific strategic initiatives, suggesting Company B may be downplaying a material risk.",JBTM,2.0,1.812679,2025-08-01,2025-08-07,,868a2345558d2036,a9ceb041642594f3
peer,NVT,10-Q,MD&A,regulatory_legal,,,,True,"JBTM provides only generic ESG statements with no mention of regulatory or tax risks that NVT details as materially impacting its effective tax rate and operations, suggesting JBTM is downplaying or concealing significant regulatory/legal risks evident in the industry.",JBTM,2.0,1.812679,2025-08-01,2025-08-07,,f387e2262c15836b,2a6135a67816b676
peer,SPXC,10-Q,MD&A,financial_sustainability,,,,True,"NNBR provides near-zero substance on financial sustainability risks related to intangible amortization and credit risk, while SPXC offers detailed, specific disclosures indicating active management and material exposure, suggesting NNBR may be downplaying a clearly material risk.",NNBR,2.0,2.574383,2025-08-01,2025-08-07,,a4afde2de7e4b0e1,9ce747aa06deb2ea
peer,SPXC,10-Q,Risk Factors,financial_sustainability,,,,True,"Company A provides detailed disclosures on goodwill, intangible assets, and debt related to acquisitions and financial sustainability, while Company B offers only a brief, generic mention of tax and tariff risks without substantive discussion, suggesting Company B is downplaying a material financial sustainability risk evident in the industry.",NNBR,2.0,2.574383,2025-08-01,2025-08-07,,1618a82e91adec64,4fde46d3a8073a13
peer,SPXC,10-Q,Risk Factors,regulatory_legal,,,,True,"NNBR provides only a generic cross-reference to legal proceedings without substantive discussion, while SPXC offers detailed, specific disclosures on multiple active legal and environmental risks, suggesting NNBR is downplaying material regulatory and legal risks evident in the industry.",NNBR,2.0,2.574383,2025-08-01,2025-08-07,,c944f8e22c08dcf4,2fcb945a21f01b68
peer,CR,10-Q,MD&A,operational_product,,,,True,"Company B provides no mention of operational disruptions or natural disaster impacts despite being in the same industry and timeframe where Company A reports material hurricane-related losses, suggesting potential downplaying or concealment of such risks.",WTS,1.0,0.188319,2025-07-31,2025-08-07,,82de3e32769c59b1,2ce3e996415e1f39
peer,LECO,10-Q,MD&A,financial_sustainability,,,,True,"NNBR provides almost no substantive discussion of financial sustainability risks while LECO details significant rationalization charges, capital allocation priorities, and share repurchase programs, suggesting NNBR is downplaying a material risk evident in the industry.",NNBR,2.0,3.928888,2025-07-31,2025-08-07,,37cdd744d3be4155,9ce747aa06deb2ea
peer,LECO,10-Q,Risk Factors,regulatory_legal,,,,True,"NNBR provides only a generic cross-reference to legal proceedings without any substantive discussion of asbestos-related claims, while LECO details extensive asbestos litigation exposure, suggesting NNBR may be downplaying a material legal risk evident in the industry.",NNBR,2.0,3.928888,2025-07-31,2025-08-07,,1df497a646b42175,2fcb945a21f01b68
peer,PBI,10-Q,MD&A,regulatory_legal,,,,True,"PBI provides only a generic statement with no detail on regulatory changes despite VYX disclosing a significant new law impacting tax provisions, suggesting PBI may be downplaying material regulatory risks.",VYX,2.0,0.019438,2025-07-31,2025-08-07,,20cdda56bb6d11d8,ba5a8473f971edae
peer,HAYW,10-Q,MD&A,financial_sustainability,,,,True,"TNC provides only a generic statement about striving for financial sustainability without substantive discussion, while HAYW offers detailed financial data and disclosures indicating active management of financial risks, suggesting TNC is downplaying a material financial sustainability risk.",TNC,2.0,1.206666,2025-07-30,2025-08-07,,57515a323aeb4b5c,ba79bbd430d83cb7
peer,HAYW,10-Q,MD&A,operational_product,,,,True,"TNC provides only generic statements about managing operational challenges without any quantitative warranty reserve disclosures or specific cost details that HAYW clearly reports, suggesting TNC may be downplaying a material operational product risk evident in the industry.",TNC,2.0,1.206666,2025-07-30,2025-08-07,,f49474d5e8c2f943,690b56fd2126c489
peer,HAYW,10-Q,MD&A,regulatory_legal,,,,True,"TNC provides only a generic disclosure about an accounting standards update with no mention of active or material legal proceedings, while HAYW details significant ongoing litigation and related financial impacts, suggesting TNC is downplaying or concealing material legal risks evident in the same industry.",TNC,2.0,1.206666,2025-07-30,2025-08-07,,1055371c34a6cac3,5f3088674ce65d7a
peer,HAYW,10-Q,Risk Factors,financial_sustainability,,,,True,"TNC provides only a generic statement about financial performance without addressing the material risk of product liability insurance coverage that HAYW explicitly discusses, suggesting TNC may be downplaying a significant financial sustainability risk.",TNC,2.0,1.206666,2025-07-30,2025-08-07,,fa24940db2147dee,91fd7b788bcc52ee
peer,HAYW,10-Q,Risk Factors,operational_product,,,,True,"TNC provides only generic positive statements about innovation without addressing operational or product risks that HAYW explicitly details, suggesting TNC may be downplaying significant product-related risks.",TNC,2.0,1.206666,2025-07-30,2025-08-07,,94a156f1bbc67ec6,d432a8f007d84e6e
peer,HAYW,10-Q,Risk Factors,regulatory_legal,,,,True,"TNC provides only a generic cross-reference to legal proceedings without discussing regulatory and product liability risks that HAYW details extensively, suggesting TNC may be downplaying material legal and regulatory risks relevant to their industry.",TNC,2.0,1.206666,2025-07-30,2025-08-07,,8f973605c5de8fda,a0c837ae216212d3
peer,LOGI,10-Q,MD&A,supply_chain,,,,True,"LOGI provides only minimal, generic disclosure on supply chain commitments despite clear industry-wide supply chain challenges detailed extensively by CRSR, suggesting LOGI may be downplaying a material risk.",CRSR,2.0,1.706801,2025-07-30,2025-08-07,,6168138c713bc873,afdaa6f7ff2b2035
peer,LOGI,10-Q,MD&A,accounting_audit,,,,True,"XRX provides only generic boilerplate about non-GAAP measures and derivative accounting without discussing critical accounting estimates, while LOGI details specific critical accounting policies and their impact, suggesting XRX is downplaying material accounting and audit risks relevant to its business.",XRX,1.0,0.815422,2025-07-30,2025-08-07,,644037da774f8c9b,644372a5f760a510
peer,LOGI,10-Q,MD&A,supply_chain,,,,True,"XRX provides minimal and generic disclosure about supply chain risks despite operating a large manufacturing facility, while LOGI details substantial non-cancelable purchase commitments, suggesting XRX may be downplaying material supply chain exposure.",XRX,1.0,0.815422,2025-07-30,2025-08-07,,6168138c713bc873,e867f7a0bedb7d10
peer,MTRN,10-Q,MD&A,supply_chain,,,,True,"PKOH provides only a generic statement about mitigating tariff costs without discussing inventory or supply chain challenges, while MTRN details active inventory management, suggesting PKOH may be downplaying material supply chain risks.",PKOH,2.0,2.782162,2025-07-30,2025-08-07,,6188d52b9569255e,80f1b00b5edc3e71
peer,ANET,10-Q,MD&A,accounting_audit,,,,True,"ANET provides only a brief, generic mention of significant accounting estimates without detail, while FFIV offers extensive, specific disclosures on critical accounting policies and fair value measurements, suggesting ANET may be downplaying the materiality of accounting and audit risks.",FFIV,1.0,1.909427,2025-08-06,2025-08-06,,a717e143f652772b,479b9b01d103ae68
peer,ANET,10-Q,MD&A,debt_financing,,,,True,"ANET provides no substantive disclosure on its debt financing or credit facilities despite industry norms, while FFIV details its credit agreements, interest rates, and maturity, suggesting ANET is downplaying a material debt financing risk.",FFIV,1.0,1.909427,2025-08-06,2025-08-06,,77125103768df833,529ed7901c2436e7
peer,ANET,10-Q,MD&A,geopolitical_macro,,,,True,"FFIV provides only generic, boilerplate statements on geopolitical and macroeconomic risks despite clear industry-wide exposure demonstrated by ANET's detailed discussion of export controls, sanctions, and tax law changes, suggesting FFIV is downplaying material geopolitical risks affecting its business.",FFIV,1.0,1.909427,2025-08-06,2025-08-06,,07f3a88c39655ff8,bc6f304157df135e
peer,ANET,10-Q,MD&A,liquidity_solvency,,,,True,"ANET provides minimal and generic disclosure on liquidity and solvency risks despite being in the same industry where FFIV details extensive, quantifiable liquidity metrics and active management of cash flows, suggesting ANET may be downplaying a material risk.",FFIV,1.0,1.909427,2025-08-06,2025-08-06,,6f0e182dcb9fa251,da9bb7cc6fc29e49
peer,ANET,10-Q,MD&A,operational_product,,,,True,"FFIV provides detailed disclosure on warranty obligations and restructuring related to product operations, while ANET offers only generic statements about operational disruptions without addressing product-related risks, suggesting potential downplaying of material warranty and operational risks.",FFIV,1.0,1.909427,2025-08-06,2025-08-06,,a90a019e705e7b0e,1069b50112b1532e
peer,ANET,10-Q,MD&A,revenue_future_performance,,,,True,"Company A (ANET) provides detailed qualitative risk disclosures about potential adverse impacts on future revenue performance, while Company B (FFIV) offers only quantitative revenue and contract data without discussing risks to future revenue, suggesting FFIV may be downplaying material risks to its future revenue performance.",FFIV,1.0,1.909427,2025-08-06,2025-08-06,,fa44a29ab824e1c5,a5242fc617e89c4e
peer,ANET,10-Q,MD&A,supply_chain,,,,True,"FFIV provides only generic purchase commitment details without discussing supply chain risks, while ANET explicitly addresses significant supply chain disruptions from geopolitical, natural disaster, and health epidemic risks, suggesting FFIV is downplaying material supply chain vulnerabilities.",FFIV,1.0,1.909427,2025-08-06,2025-08-06,,4dfaecd16cdc89ae,4af6acc9fff89a72
peer,ASYS,10-Q,MD&A,supply_chain,,,,True,"VELO acknowledges active supply chain disruptions causing premium costs and unfavorable terms, while ASYS provides only generic commentary on supply chain resiliency without addressing current material supply chain challenges impacting sales and backlog.",VELO,1.0,0.015545,2025-08-06,2025-08-06,,a0b535c1bb65c0c7,4cd1c8b33afc940b
peer,ASYS,10-Q,Risk Factors,financial_sustainability,,,,True,"VELO provides only a generic dilution risk statement with no substantive discussion of financial sustainability risks, while ASYS details significant goodwill and asset impairments indicating material financial sustainability challenges, suggesting VELO is downplaying a clearly material risk.",VELO,1.0,0.015545,2025-08-06,2025-08-06,,970689bafb4d7979,53e6d035a4191159
peer,ASYS,10-Q,Risk Factors,geopolitical_macro,,,,True,"ASYS provides minimal and generic disclosure on geopolitical and macro risks despite operating in foreign markets, while VELO offers detailed, specific discussion of trade policies, tariffs, and political tensions, suggesting ASYS may be downplaying material geopolitical risks affecting its business.",VELO,1.0,0.015545,2025-08-06,2025-08-06,,e0dcf8597138019a,e013a2bea84dac00
peer,ASYS,10-Q,Risk Factors,regulatory_legal,,,,True,"VELO provides extensive, detailed disclosure on regulatory compliance risks including anti-corruption and export controls, while ASYS offers only minimal, generic legal proceedings disclosure despite operating in the same industry, suggesting ASYS may be downplaying significant regulatory risks.",VELO,1.0,0.015545,2025-08-06,2025-08-06,,2b2f76518366b0d6,8789a4b137e91bd1
peer,ASYS,10-Q,Risk Factors,revenue_future_performance,,,,True,"VELO provides only vague, generic statements about sales delays and uncertainty without quantifying or detailing the material impact on revenue, while ASYS explicitly discloses lowered guidance, specific market weaknesses, and quantifiable impacts on future performance, suggesting VELO is downplaying a clearly material revenue risk.",VELO,1.0,0.015545,2025-08-06,2025-08-06,,92c5b8e488424d32,a316b8d7a6206e6f
peer,AZTA,10-Q,MD&A,cost_margin_pressure,,,,True,"VECO explicitly discusses tariff-related cost pressures as an ongoing and quantifiable risk impacting gross margins, while AZTA provides no mention of tariffs or similar cost pressures despite operating in the same industry, suggesting AZTA may be downplaying a material cost risk.",VECO,2.0,0.142281,2025-08-06,2025-08-06,,c66401a0fb8d38f1,381bc1988b06c5c3
peer,AZTA,10-Q,MD&A,geopolitical_macro,,,,True,"AZTA provides minimal discussion of geopolitical risks and tariffs despite significant international revenue, while VECO explicitly details tariff impacts and declining China engagement, suggesting AZTA may be downplaying material trade and geopolitical risks.",VECO,2.0,0.142281,2025-08-06,2025-08-06,,5393c6f21329b44b,bd53d8a71502a119
peer,CRCT,10-Q,MD&A,supply_chain,,,,True,"VECO provides only generic statements about supply chain risks without acknowledging ongoing challenges or quantifiable impacts, unlike CRCT which explicitly discusses active global supply chain challenges affecting costs, suggesting VECO may be downplaying a material risk.",VECO,2.0,0.13044,2025-08-06,2025-08-06,,235e45340fb6ec83,5ec453fe06cd4c8a
peer,DNOW,10-Q,MD&A,geopolitical_macro,,,,True,"INVX provides minimal discussion of geopolitical risks despite clear exposure to commodity price volatility and foreign exchange impacts that DNOW addresses in detail, suggesting potential downplaying of material geopolitical risk.",INVX,2.0,0.210562,2025-08-06,2025-08-06,,f10cb475d7987cc1,bc19fde7df2ccde9
peer,DNOW,10-Q,Risk Factors,cost_margin_pressure,,,,True,"INVX provides minimal discussion on cost and margin pressures despite its business likely being exposed to commodity price fluctuations, unlike DNOW which details specific commodity price impacts and cost changes, suggesting INVX may be downplaying a material risk.",INVX,2.0,0.210562,2025-08-06,2025-08-06,,6d2a843655f6295c,ba56b26ea4c6b6a7
peer,DNOW,10-Q,Risk Factors,geopolitical_macro,,,,True,"INVX provides almost no substantive discussion of geopolitical and macroeconomic risks, including foreign currency and tariff impacts, despite being a peer in the same industry where DNOW details these as active, material risks affecting operations and earnings.",INVX,2.0,0.210562,2025-08-06,2025-08-06,,db77c7bb31d51648,9ec1046c111c2791
peer,DNOW,10-Q,Risk Factors,operational_product,,,,True,"INVX provides only a minimal, generic statement about equipment rental without addressing operational or integration risks that DNOW details extensively, suggesting INVX may be downplaying significant operational risks evident in the industry.",INVX,2.0,0.210562,2025-08-06,2025-08-06,,5538a447727f3d88,e5243c6bb7cc645c
peer,DNOW,10-Q,Risk Factors,supply_chain,,,,True,"INVX provides minimal discussion on supply chain risks despite operating a complex international supply chain, whereas DNOW offers detailed insights on supply chain management and risk mitigation, suggesting INVX may be downplaying a material supply chain risk.",INVX,2.0,0.210562,2025-08-06,2025-08-06,,47ef96986d5e6786,2424d5436ece8823
peer,ERII,10-Q,Risk Factors,geopolitical_macro,,,,True,"ASYS provides only generic, boilerplate language with no mention of tariffs or trade tensions despite operating in international markets, while ERII details specific and material risks from U.S.-China trade policies, suggesting ASYS is downplaying a clearly relevant geopolitical risk.",ASYS,1.0,0.044532,2025-08-06,2025-08-06,,64dd189e1f917e3b,e0dcf8597138019a
peer,ERII,10-Q,MD&A,geopolitical_macro,,,,True,"ERII provides no substantive discussion of geopolitical or macroeconomic risks despite VELO explicitly detailing active impacts from international conflicts and tariffs, suggesting ERII is downplaying a clearly material industry-wide risk.",VELO,2.0,0.046416,2025-08-06,2025-08-06,,29bc4ba3ea40ce21,f46a313f4daaa20e
peer,ESAB,10-Q,MD&A,accounting_audit,,,,True,"SYM provides minimal disclosure on critical accounting policies despite its complex revenue recognition issues, suggesting potential downplaying of significant accounting risks that ESAB explicitly addresses.",SYM,2.0,1.569906,2025-08-06,2025-08-06,,1bf599606b0dfbb1,5135a714bae8a8bd
peer,ESAB,10-Q,MD&A,cost_margin_pressure,,,,True,"SYM provides only generic cost descriptions without addressing tariff or trade policy impacts that ESAB identifies as materially affecting costs and margins, suggesting SYM is downplaying a clearly material industry-wide risk.",SYM,2.0,1.569906,2025-08-06,2025-08-06,,39c1ee1a6c883375,2b92533ecb702af3
peer,ESAB,10-Q,MD&A,debt_financing,,,,True,"SYM provides minimal discussion of debt financing risk despite significant investing and financing activities, suggesting potential downplaying compared to ESAB's detailed disclosure on debt capacity, interest rates, and covenant compliance.",SYM,2.0,1.569906,2025-08-06,2025-08-06,,9052f12700dcf0bf,b2a3ed5cf60c7c5b
peer,ESAB,10-Q,MD&A,financial_sustainability,,,,True,"SYM provides extensive, detailed discussion of financial performance metrics and adjustments indicating active management of financial sustainability risks, while ESAB offers only a generic, minimal statement, suggesting possible downplaying of a material financial sustainability risk.",SYM,2.0,1.569906,2025-08-06,2025-08-06,,8fa75e9d907ac6fc,d6a1a1553d587b21
peer,ESAB,10-Q,MD&A,geopolitical_macro,,,,True,"SYM provides virtually no discussion of geopolitical or macroeconomic risks despite being a peer in the same industry where ESAB details extensive impacts from geopolitical tensions, tariffs, and currency fluctuations, suggesting SYM is downplaying or concealing material risks.",SYM,2.0,1.569906,2025-08-06,2025-08-06,,3f9a98aedf6b14e7,4f390fa850affeb1
peer,FFIV,10-Q,MD&A,accounting_audit,,,,True,"DGII provides only generic boilerplate about critical accounting estimates and non-GAAP measures without substantive discussion of specific accounting policies or risks, while FFIV offers detailed, specific disclosures on fair value measurements and critical accounting policies, suggesting DGII is downplaying material accounting and audit risks relevant to its business.",DGII,2.0,0.356275,2025-08-06,2025-08-06,,479b9b01d103ae68,17bbb232bf77cb46
peer,FFIV,10-Q,MD&A,regulatory_legal,,,,True,"DGII provides minimal and generic disclosure on litigation and tax risks despite evidence that such risks materially affect the industry, while FFIV offers detailed, specific, and ongoing litigation and tax risk disclosures, suggesting DGII is downplaying material regulatory and legal risks.",DGII,2.0,0.356275,2025-08-06,2025-08-06,,86a96f0328ce0d80,5e4005b43aa9017b
peer,INVX,10-Q,MD&A,financial_sustainability,,,,True,"DNOW provides minimal discussion on asset impairments and financial risks despite being in the same industry where INVX reports active, quantifiable impairments and detailed capital expenditure considerations, suggesting DNOW may be downplaying material financial sustainability risks.",DNOW,1.0,0.076578,2025-08-06,2025-08-06,,8c78e212a0b66ef1,25811ad98ba0b697
peer,INVX,10-Q,Risk Factors,geopolitical_macro,,,,True,"INVX provides no substantive discussion of geopolitical or macroeconomic risks despite DNOW detailing significant exposure to energy market volatility, tariffs, and foreign currency risks, suggesting INVX is downplaying material industry-wide risks.",DNOW,1.0,0.076578,2025-08-06,2025-08-06,,9ec1046c111c2791,db77c7bb31d51648
peer,INVX,10-Q,Risk Factors,operational_product,,,,True,"INVX provides near-zero substance on operational product risks while DNOW details complex, material merger integration risks, suggesting INVX is downplaying a significant operational risk evident in the industry.",DNOW,1.0,0.076578,2025-08-06,2025-08-06,,e5243c6bb7cc645c,5538a447727f3d88
peer,INVX,10-Q,Risk Factors,revenue_future_performance,,,,True,"INVX provides minimal discussion on future revenue risks and industry exposure, while DNOW offers detailed, quantifiable analysis of market conditions and their impact, suggesting INVX may be downplaying material risks to its future revenue performance.",DNOW,1.0,0.076578,2025-08-06,2025-08-06,,4c20816201d78a17,da7987daa8e66afd
peer,RRX,10-Q,MD&A,financial_sustainability,,,,True,"ESAB provides only a generic, boilerplate statement about financial uncertainty, while RRX offers detailed, specific financial data and forward-looking assessments, suggesting ESAB is downplaying a clearly material financial sustainability risk evident in the peer's disclosure.",ESAB,2.0,3.302317,2025-08-06,2025-08-06,,11260f91658f2260,8fa75e9d907ac6fc
peer,RRX,10-Q,MD&A,supply_chain,,,,True,"ESAB provides only generic boilerplate about supply chain risks despite operating globally and facing tariffs, while RRX details specific, material supply chain challenges affecting key markets, suggesting ESAB may be downplaying a significant risk.",ESAB,2.0,3.302317,2025-08-06,2025-08-06,,7242086cc901d1e2,e6cbf30edc5330ed
peer,SYM,10-Q,MD&A,financial_sustainability,,,,True,"ESAB provides only a generic disclaimer about variability in results without substantive discussion of financial sustainability risks, while SYM offers detailed analysis and quantification, suggesting ESAB is downplaying a material financial risk evident in the industry.",ESAB,1.0,0.632074,2025-08-06,2025-08-06,,d6a1a1553d587b21,8fa75e9d907ac6fc
peer,SYM,10-Q,MD&A,geopolitical_macro,,,,True,"SYM provides almost no substantive discussion of geopolitical risks despite clear industry-wide impacts detailed extensively by ESAB, suggesting SYM is downplaying a material risk to its international operations.",ESAB,1.0,0.632074,2025-08-06,2025-08-06,,4f390fa850affeb1,3f9a98aedf6b14e7
peer,SYM,10-Q,MD&A,human_capital,,,,True,"ESAB provides only generic boilerplate on workforce-related costs and restructuring without substantive detail, while SYM offers detailed, quantifiable disclosures on employee-related costs, headcount changes, and restructuring charges, suggesting ESAB is downplaying a material human capital risk evident in the industry.",ESAB,1.0,0.632074,2025-08-06,2025-08-06,,1486755cc1219519,607b585fa5c19891
peer,VELO,10-Q,MD&A,debt_financing,,,,True,"ASYS provides minimal and generic disclosure on debt financing despite being in the same industry, while VELO details significant recent debt transactions, high-interest convertible notes, and explicit near-term financing needs, indicating ASYS is downplaying a material debt risk evident in its peer.",ASYS,1.0,0.002573,2025-08-06,2025-08-06,,82219faf2dadb748,64573f9f4a669893
peer,VELO,10-Q,MD&A,operational_product,,,,True,ASYS provides only generic statements about operational continuity without addressing specific manufacturing or supply chain risks that are clearly material given VELO's detailed disclosure of operational improvements and manufacturing challenges.,ASYS,1.0,0.002573,2025-08-06,2025-08-06,,ba637d613bdc2191,d78fc0d6d70f9826
peer,VELO,10-Q,Risk Factors,debt_financing,,,,True,"ASYS provides minimal discussion of debt financing risks despite having significant debt obligations, while VELO explicitly details substantial near-term financing needs and associated risks, suggesting ASYS may be downplaying its debt financing risk exposure.",ASYS,1.0,0.002573,2025-08-06,2025-08-06,,55b5cd70921c42a3,841ebbe7771f73b6
peer,VELO,10-Q,Risk Factors,financial_sustainability,,,,True,"VELO provides only a brief, generic dilution risk disclosure, while ASYS details significant ongoing financial impairments and goodwill write-downs, indicating material financial sustainability risks that VELO appears to be downplaying or concealing.",ASYS,1.0,0.002573,2025-08-06,2025-08-06,,53e6d035a4191159,970689bafb4d7979
peer,VELO,10-Q,Risk Factors,geopolitical_macro,,,,True,"ASYS provides only minimal, generic disclosure on geopolitical and macro risks despite operating internationally, while VELO offers detailed, specific discussion of trade policies, tariffs, political tensions, and corruption risks, suggesting ASYS is downplaying material geopolitical risks relevant to its business.",ASYS,1.0,0.002573,2025-08-06,2025-08-06,,e013a2bea84dac00,e0dcf8597138019a
peer,VELO,10-Q,Risk Factors,human_capital,,,,True,"VELO discusses active and material risks related to workforce reductions and employee attrition, while ASYS only discloses boilerplate severance contract terms, suggesting it downplays significant human capital risks that are likely relevant given industry conditions.",ASYS,1.0,0.002573,2025-08-06,2025-08-06,,cb3755a1ee37ff06,5f6006708247d846
peer,VELO,10-Q,Risk Factors,regulatory_legal,,,,True,"ASYS provides only generic boilerplate on legal risks without addressing specific regulatory compliance risks that VELO details extensively, suggesting ASYS may be downplaying significant anti-corruption and trade control risks material to the industry.",ASYS,1.0,0.002573,2025-08-06,2025-08-06,,8789a4b137e91bd1,2b2f76518366b0d6
peer,ACLS,10-Q,MD&A,accounting_audit,,,,True,"VECO provides minimal discussion on critical accounting estimates compared to ACLS's detailed disclosure, suggesting VECO may be downplaying the material risk of accounting judgments and estimates.",VECO,1.0,0.129768,2025-08-05,2025-08-06,,16514b7ce2b69e06,7f85b1c71d774945
peer,ACLS,10-Q,MD&A,cost_margin_pressure,,,,True,"VECO explicitly discusses tariff-related cost pressures as an active and quantifiable threat to gross margins, while ACLS provides no mention of tariffs or similar cost pressures despite similar industry exposure, suggesting ACLS may be downplaying a material risk.",VECO,1.0,0.129768,2025-08-05,2025-08-06,,211ab80eb5bbbd14,381bc1988b06c5c3
peer,ACLS,10-Q,MD&A,human_capital,,,,True,"VECO provides only generic boilerplate on human capital and R&D investment despite operating in the same industry where ACLS details significant personnel costs and compensation trends, suggesting VECO is downplaying a material human capital risk.",VECO,1.0,0.129768,2025-08-05,2025-08-06,,df8acabe20927b79,9741d02b1c84d7c8
peer,ATEN,10-Q,MD&A,financial_sustainability,,,,True,"DGII provides no discussion of financial sustainability or dividend policy despite its clear exposure, while ATEN offers detailed disclosure on dividends, financing, and contractual obligations, suggesting DGII is downplaying a material financial sustainability risk.",DGII,1.0,0.00549,2025-08-05,2025-08-06,,caf684d1e510cbcf,8cd17650f4c1603f
peer,ATEN,10-Q,MD&A,regulatory_legal,,,,True,"DGII quantifies and explicitly discloses significant litigation reserves and related financial impacts, while ATEN provides only generic boilerplate about litigation risk without any quantification, suggesting ATEN may be downplaying a material legal risk evident in its peer's disclosures.",DGII,1.0,0.00549,2025-08-05,2025-08-06,,3c24f0afae6c5b3c,5e4005b43aa9017b
peer,ATEN,10-Q,MD&A,supply_chain,,,,True,"ATEN provides only a generic statement about outsourcing manufacturing without addressing supply chain risks, while DGII discusses specific supply chain impacts and demand fluctuations, suggesting ATEN may be downplaying a material supply chain risk.",DGII,1.0,0.00549,2025-08-05,2025-08-06,,500e349f019a8860,9023733043ec840a
peer,ATEN,10-Q,Risk Factors,cost_margin_pressure,,,,True,"DGII provides only a vague, generic statement about operational efficiency without addressing cost or margin pressures from tariffs or supply chain issues that ATEN explicitly discusses, suggesting DGII may be downplaying a material risk evident in the industry.",DGII,1.0,0.00549,2025-08-05,2025-08-06,,3e7d66dad2926b1e,c6a8c00a99074286
peer,EML,10-Q,MD&A,cost_margin_pressure,,,,True,"ACU provides only generic, boilerplate statements about tariffs and inflationary cost risks without quantifying or discussing actual impacts, while EML details specific cost changes, margin effects, and restructuring charges, suggesting ACU is downplaying a clearly material cost and margin pressure risk evident in the industry.",ACU,1.0,0.030973,2025-08-05,2025-08-06,,2bbc56524cda3030,2c8262d4e93940e5
peer,HLIO,10-Q,MD&A,geopolitical_macro,,,,True,"Company B (CXT) provides only generic boilerplate on geopolitical and tariff risks despite being in the same industry where Company A (HLIO) details specific tariff impacts, exposures, and operational responses, suggesting CXT is downplaying a clearly material risk.",CXT,2.0,0.108447,2025-08-05,2025-08-06,,b799093709d1d908,c59c9c9be51f0bac
peer,HY,10-Q,MD&A,cost_margin_pressure,,,,True,"DNOW provides only generic, uncertain statements about tariff impacts without quantifying or detailing cost pressures, while HY explicitly details significant tariff-driven cost increases and active mitigation strategies, suggesting DNOW is downplaying a clearly material cost and margin pressure risk.",DNOW,2.0,0.237554,2025-08-05,2025-08-06,,e819014580550b0a,e1987401a5503d27
peer,HY,10-Q,MD&A,financial_sustainability,,,,True,"DNOW provides minimal and generic disclosure on financial sustainability risks despite industry-wide indications of restructuring charges and capital expenditure commitments evident in HY's detailed discussion, suggesting potential downplaying of material financial risks.",DNOW,2.0,0.237554,2025-08-05,2025-08-06,,279257da6214580c,25811ad98ba0b697
peer,PLOW,10-Q,MD&A,operational_product,,,,True,"ASTE provides no discussion of operational or product risks related to seasonality or wear and tear despite being a peer in the same industry where PLOW explicitly addresses these material risks, suggesting ASTE may be downplaying a clearly relevant operational risk.",ASTE,1.0,0.025707,2025-08-05,2025-08-06,,ed22edc594da060c,f3250b9d34ff404d
peer,SEI,10-Q,Risk Factors,accounting_audit,,,,True,"INVX provides no substantive discussion of risks related to accounting methods or audit issues despite complex acquisition accounting, while SEI explicitly details risks from Convertible Senior Notes accounting, suggesting INVX is downplaying material accounting risks.",INVX,1.0,0.05553,2025-08-01,2025-08-06,,cff4325ebc12ad94,70fbdab855aa5688
peer,SEI,10-Q,Risk Factors,cost_margin_pressure,,,,True,"INVX provides no substantive discussion of cost or margin pressures from trade policies or tariffs despite SEI highlighting these as active and material risks, suggesting INVX is downplaying a clearly industry-wide threat.",INVX,1.0,0.05553,2025-08-01,2025-08-06,,eaba8956e6920dac,ba56b26ea4c6b6a7
peer,SEI,10-Q,Risk Factors,geopolitical_macro,,,,True,"INVX provides no substantive disclosure on geopolitical or trade risks despite being in the same industry where SEI details active tariff impacts, suggesting INVX is downplaying a material industry-wide risk.",INVX,1.0,0.05553,2025-08-01,2025-08-06,,515299e04714e44d,9ec1046c111c2791
peer,SEI,10-Q,Risk Factors,liquidity_solvency,,,,True,"INVX provides extensive quantitative liquidity and covenant compliance details, while SEI offers only generic, boilerplate risk statements about potential liquidity shortfalls without substantive disclosure, suggesting SEI may be downplaying a material liquidity risk evident in the peer's detailed discussion.",INVX,1.0,0.05553,2025-08-01,2025-08-06,,6c6bb1e5307aa2b5,9ddbedee014b1a1f
peer,SEI,10-Q,Risk Factors,revenue_future_performance,,,,True,"INVX provides only generic, boilerplate forward-looking statements with no specific discussion of risks to future revenue performance, while SEI details multiple material, specific risks related to a major asset and customer concentration, suggesting INVX is downplaying significant revenue risks.",INVX,1.0,0.05553,2025-08-01,2025-08-06,,632cdadcb7897434,4c20816201d78a17
peer,PBI,10-Q,MD&A,financial_sustainability,,,,True,"Company A provides minimal discussion on financial sustainability risks such as tax rates, goodwill impairment, restructuring charges, and debt, which Company B details extensively, suggesting Company A may be downplaying material financial risks.",DBD,1.0,0.012217,2025-07-31,2025-08-06,,54bc0372dd8543d7,201b972e730b097f
peer,PBI,10-Q,MD&A,regulatory_legal,,,,True,"PBI provides only a generic statement with no substantive detail on regulatory or legal risks, while DBD discloses specific ongoing legal proceedings, quantifies potential indirect tax liabilities, and discusses outcomes, suggesting PBI is downplaying material regulatory and legal risks evident in the industry.",DBD,1.0,0.012217,2025-07-31,2025-08-06,,20cdda56bb6d11d8,f28d652eb1c46ccc
peer,WHD,10-Q,MD&A,human_capital,,,,True,"WHD provides near-zero substance on human capital risks while DNOW discloses a specific, material commitment related to retention payments, suggesting WHD may be downplaying a significant human capital risk.",DNOW,1.0,0.12698,2025-07-31,2025-08-06,,8c19fc4c34094f42,a98ee9587ed18f0f
peer,WHD,10-Q,MD&A,regulatory_legal,,,,True,"DNOW provides near-zero substantive disclosure on litigation and regulatory risks that are clearly material to WHD's business, suggesting potential downplaying of these risks.",DNOW,1.0,0.12698,2025-07-31,2025-08-06,,af54d86bc7db5be8,d42507e424ccc839
peer,WHD,10-Q,Risk Factors,regulatory_legal,,,,True,"DNOW provides only generic boilerplate about litigation risks related to mergers without addressing ongoing or specific legal disputes, while WHD discloses detailed, material litigation matters and contingent liabilities, suggesting DNOW is downplaying significant legal risks evident in the industry.",DNOW,1.0,0.12698,2025-07-31,2025-08-06,,17f6a364dfb639f2,3a0590a47ba0b44b
peer,WHD,10-Q,MD&A,geopolitical_macro,,,,True,"INVX, operating in the same industry with global exposure, provides only generic statements on geopolitical risks and foreign exchange impacts, while WHD details specific tariff actions and their direct market effects, suggesting INVX is downplaying material geopolitical and macroeconomic risks affecting its business.",INVX,2.0,0.165709,2025-07-31,2025-08-06,,4356eaeb6529e6a4,bc19fde7df2ccde9
peer,WHD,10-Q,Risk Factors,cost_margin_pressure,,,,True,"INVX provides minimal discussion on cost and margin pressures despite its exposure, while WHD details specific tariff impacts, volume effects, and legal expenses, suggesting INVX is downplaying a material risk evident in the industry.",INVX,2.0,0.165709,2025-07-31,2025-08-06,,9f6d8c805e7f2f13,ba56b26ea4c6b6a7
peer,WHD,10-Q,Risk Factors,geopolitical_macro,,,,True,"INVX provides no substantive discussion of geopolitical or macro risks despite operating in the same industry where WHD details significant exposures including tariffs, geopolitical volatility, and international expansion challenges, suggesting INVX is downplaying a clearly material risk.",INVX,2.0,0.165709,2025-07-31,2025-08-06,,1bb5e44277986872,9ec1046c111c2791
peer,WHD,10-Q,Risk Factors,operational_product,,,,True,"INVX provides only a minimal, generic statement about renting drilling equipment without discussing operational risks or integration challenges that WHD details extensively, suggesting INVX is downplaying material operational and integration risks evident in the industry.",INVX,2.0,0.165709,2025-07-31,2025-08-06,,c99f57eba99b3376,e5243c6bb7cc645c
peer,CMCO,10-Q,MD&A,regulatory_legal,,,,True,"ASTE provides only a minimal, generic statement on regulatory/legal risks related to governmental actions, while CMCO offers detailed, specific disclosures on multiple active legal and regulatory risks, indicating ASTE is downplaying material exposures evident in the industry.",ASTE,1.0,0.025384,2025-07-30,2025-08-06,,9fedbf399a363eb1,f633a60fb4137fcd
peer,DELL,10-Q,MD&A,financial_sustainability,,,,True,"OMCL provides only a generic statement about R&D investments without addressing financial sustainability risks, while DELL offers detailed disclosures on capital allocation, cash flows, and financial flexibility, suggesting OMCL is downplaying a material financial sustainability risk evident in the industry.",OMCL,2.0,0.992788,2025-09-08,2025-08-06,,f0f6cf565c07ee71,12e31b33a9e31048
peer,DELL,10-Q,MD&A,regulatory_legal,,,,True,"OMCL provides only a vague, generic statement about enforceable agreements with no substantive discussion of tax risks, while DELL offers detailed, specific disclosures about significant tax legislation changes and their impacts, suggesting OMCL is downplaying a clearly material regulatory risk.",OMCL,2.0,0.992788,2025-09-08,2025-08-06,,ee583cbc404852fd,d4e8ad381f6fc2a9
peer,NDSN,10-Q,MD&A,cost_margin_pressure,,,,True,"NDSN provides minimal discussion on cost and margin pressures despite clear margin declines, while ESAB explicitly details tariff impacts, supply chain disruptions, and quantifies cost increases, suggesting NDSN is downplaying a material industry-wide risk.",ESAB,1.0,1.371914,2025-08-21,2025-08-06,,fbe7fbd6653c51c7,39c1ee1a6c883375
peer,NDSN,10-Q,MD&A,debt_financing,,,,True,"SYM provides minimal discussion of debt financing risk despite significant acquisitions and potential financing needs, while NDSN offers detailed disclosure on debt levels, interest expense, and credit facilities, suggesting SYM may be downplaying its debt financing risk exposure.",SYM,2.0,1.617155,2025-08-21,2025-08-06,,abc6b5dffdbcda84,b2a3ed5cf60c7c5b
peer,NDSN,10-Q,MD&A,geopolitical_macro,,,,True,"SYM provides no substantive discussion of geopolitical or macroeconomic risks despite operating in the same industry where NDSN details active impacts from tariffs, currency fluctuations, and geopolitical unrest, suggesting SYM is downplaying material risks.",SYM,2.0,1.617155,2025-08-21,2025-08-06,,3e4f166ae9c63206,4f390fa850affeb1
peer,SCKT,10-Q,MD&A,financial_sustainability,,,,True,"OMCL provides no substantive discussion of financial sustainability risks related to deferred tax assets or net operating losses, unlike SCKT which details these material tax asset considerations, suggesting OMCL may be downplaying a significant financial risk.",OMCL,2.0,0.019214,2025-08-14,2025-08-06,,dfc74c8f6d1239cd,12e31b33a9e31048
peer,SCKT,10-Q,Risk Factors,liquidity_solvency,,,,True,"OMCL provides only a generic, minimal disclosure on liquidity and solvency risks despite industry-wide exposure, while SCKT offers detailed, specific risks and scenarios indicating active management and material impact, suggesting OMCL is downplaying a clearly material risk.",OMCL,2.0,0.019214,2025-08-14,2025-08-06,,32ffd8e4839d44f2,a95006bc007451b3
peer,FET,10-Q,MD&A,geopolitical_macro,,,,True,"INVX provides only generic, boilerplate references to geopolitical and commodity price volatility without discussing specific impacts or risks, while FET details active, quantifiable effects such as tariff impacts, foreign exchange fluctuations, and market activity declines, suggesting INVX is downplaying material geopolitical and macroeconomic risks evident in the industry.",INVX,2.0,0.093981,2025-08-08,2025-08-06,,8ccb322f754fc3f6,bc19fde7df2ccde9
peer,MTW,10-Q,MD&A,regulatory_legal,,,,True,"ASTE provides only generic boilerplate on regulatory/legal risks related to governmental actions, while MTW discloses specific, quantifiable legal costs and settlements with the EPA, suggesting ASTE is downplaying a clearly material regulatory/legal risk evident in the industry.",ASTE,1.0,0.045168,2025-08-08,2025-08-06,,0f4c85726b382e40,f633a60fb4137fcd
peer,MTW,10-Q,Risk Factors,regulatory_legal,,,,True,"ASTE provides only generic boilerplate on legal risks despite being in the same industry and timeframe where MTW discloses specific, material legal costs related to EPA matters, suggesting ASTE may be downplaying or concealing similar regulatory legal risks.",ASTE,1.0,0.045168,2025-08-08,2025-08-06,,6251dde17a054f97,30393dd5fa54043c
peer,ACMR,10-Q,MD&A,debt_financing,,,,True,"AZTA provides only generic boilerplate about potential financing risks despite having no current debt, while ACMR discloses extensive, detailed, and active debt financing arrangements, indicating AZTA is downplaying a material risk related to its financing strategy.",AZTA,1.0,0.072783,2025-08-07,2025-08-06,,50d518b81348e1b8,c0d0ff8f3edb63c6
peer,ACMR,10-Q,MD&A,regulatory_legal,,,,True,"Company B (AZTA) provides virtually no substantive disclosure on regulatory and legal risks, while Company A (ACMR) offers detailed, specific, and material information about significant regulatory, tax, and legal exposures, suggesting AZTA is downplaying or concealing material regulatory/legal risks evident in the industry.",AZTA,1.0,0.072783,2025-08-07,2025-08-06,,7890c0da3766dddc,404ffacda904c5da
peer,ACMR,10-Q,Risk Factors,accounting_audit,,,,True,"Company A (ACMR) provides minimal disclosure on internal control weaknesses and changes, while Company B (AZTA) details multiple ongoing material weaknesses, their impacts, and comprehensive remediation plans, suggesting ACMR may be downplaying significant internal control risks that are clearly material in this industry.",AZTA,1.0,0.072783,2025-08-07,2025-08-06,,af389d35aa0db46c,bedcf2e4d0fb29fd
peer,ACMR,10-Q,Risk Factors,debt_financing,,,,True,"AZTA discloses no outstanding debt and minimal risk related to debt financing despite operating in the same industry as ACMR, which details significant borrowings and associated covenants, suggesting AZTA may be downplaying its debt financing risk exposure.",AZTA,1.0,0.072783,2025-08-07,2025-08-06,,9d20b721e7bc0040,3da2dcdc971eac7e
peer,ACMR,10-Q,Risk Factors,operational_product,,,,True,"Company B provides only generic operational efficiency and restructuring disclosures without addressing product-related operational risks that Company A explicitly details, suggesting potential downplaying of material product operational risks.",AZTA,1.0,0.072783,2025-08-07,2025-08-06,,79e146d64047f50f,a226cc72821ab17c
peer,LCUT,10-Q,MD&A,cost_margin_pressure,,,,True,"ACU provides only generic, boilerplate statements about tariff risks without quantifying impacts or describing mitigation efforts, while LCUT details active management strategies and quantifies margin effects, suggesting ACU is downplaying a clearly material cost and margin pressure risk.",ACU,2.0,0.10848,2025-08-07,2025-08-06,,7a50df379b2c2900,2c8262d4e93940e5
peer,OSS,10-Q,MD&A,regulatory_legal,,,,True,"OMCL provides only a minimal, generic statement about enforceable agreements, while OSS offers detailed disclosures on litigation, indemnities, and contingent liabilities, suggesting OMCL is downplaying significant legal and regulatory risks material to its business.",OMCL,2.0,0.019016,2025-08-07,2025-08-06,,0d67e4dd9c7d7763,d4e8ad381f6fc2a9
peer,VYX,10-Q,MD&A,regulatory_legal,,,,True,"Company VYX provides minimal and vague disclosure on significant regulatory and legal risks, while peer DBD offers detailed, specific, and quantifiable information on multiple active legal and tax contingencies, suggesting VYX is downplaying material regulatory/legal risks.",DBD,1.0,1.014102,2025-08-07,2025-08-06,,ba5a8473f971edae,f28d652eb1c46ccc
peer,VYX,10-Q,MD&A,supply_chain,,,,True,"VYX provides minimal discussion on supply chain risks despite undergoing a significant hardware business transition, while DBD explicitly details active mitigation strategies for tariff-related supply chain challenges, suggesting VYX may be downplaying material supply chain risks.",DBD,1.0,1.014102,2025-08-07,2025-08-06,,41f9c80d8f5e2715,00df594a4c4b528b
peer,WTS,10-Q,MD&A,geopolitical_macro,,,,True,"Company B (CXT) provides only generic, boilerplate statements on geopolitical and macroeconomic risks, including tariffs and trade policies, without substantive discussion of their material impact, whereas Company A (WTS) offers detailed, quantifiable disclosures on tariff impacts, foreign exchange effects, and geopolitical uncertainties, suggesting CXT is downplaying a clearly material risk to its business.",CXT,2.0,0.290158,2025-08-07,2025-08-06,,47164b89a0697cd7,c59c9c9be51f0bac
peer,WFRD,10-Q,MD&A,financial_sustainability,,,,True,"DNOW provides only generic statements minimizing financial risks related to foreign operations and tax benefits, while WFRD discloses detailed, quantifiable exposures and active risk mitigation strategies, suggesting DNOW may be downplaying material financial sustainability risks evident in the industry.",DNOW,2.0,0.805571,2025-07-23,2025-08-06,,07ae80d1b21271e4,25811ad98ba0b697
peer,WFRD,10-Q,Risk Factors,revenue_future_performance,,,,True,"DNOW provides only generic, boilerplate discussion of revenue risks tied to industry activity without quantifying or detailing the material declines in rig counts, completions, and regional impacts that WFRD explicitly discloses, suggesting DNOW is downplaying a clearly material risk to its revenue performance.",DNOW,2.0,0.805571,2025-07-23,2025-08-06,,8502ab1481cb1ab8,da7987daa8e66afd
peer,NTIC,10-Q,MD&A,accounting_audit,,,,True,"ACU discloses a material weakness in internal controls over financial reporting and ongoing remediation efforts, while NTIC provides no mention of any such issues despite similar industry exposure, suggesting NTIC may be downplaying or concealing significant audit-related risks.",ACU,2.0,0.018247,2025-07-11,2025-08-06,,6e1ec43d6d137110,b786823e43d4277a
peer,NTIC,10-Q,MD&A,operational_product,,,,True,"ACU provides only a generic statement about product returns with no substantive discussion of operational product risks, while NTIC details specific product-related risks and strategic responses, suggesting ACU may be downplaying material operational product risks relevant to its business.",ACU,2.0,0.018247,2025-07-11,2025-08-06,,daaece44e4826678,88ff59060f664b78
peer,NTIC,10-Q,MD&A,regulatory_legal,,,,True,"ACU provides near-zero substance on legal risks despite being in the same industry where NTIC discloses active monitoring and contingent liabilities, suggesting ACU may be downplaying material legal risks.",ACU,2.0,0.018247,2025-07-11,2025-08-06,,3384187d2d243a7a,4e8d9f1e6cb82bfb
peer,AZZ,10-Q,Risk Factors,liquidity_solvency,,,,True,"GFF provides only a minimal, generic statement on liquidity risk despite likely material exposure, while AZZ offers detailed, substantive disclosure on liquidity and capital resources, suggesting GFF is downplaying a significant risk.",GFF,1.0,0.049524,2025-07-09,2025-08-06,,cb6cbd5de5ad6944,aaafd58e17fa6493
peer,CCK,10-Q,MD&A,regulatory_legal,,,,True,"Company B provides detailed disclosure on litigation and environmental liabilities, while Company A offers only generic tax rate discussion without addressing legal or environmental risks, suggesting Company A may be downplaying material regulatory and legal risks evident in the industry.",BALL,1.0,1.630054,2025-07-29,2025-08-05,,bd5f086597bea1e0,105fe3ca0e66db09
peer,CCK,10-Q,MD&A,supply_chain,,,,True,"BALL provides only generic boilerplate about supplier concentration without addressing active supply chain disruptions or inflationary pressures that CCK explicitly discusses, suggesting BALL may be downplaying a material supply chain risk evident in the industry.",BALL,1.0,1.630054,2025-07-29,2025-08-05,,3597907f493fd878,06a9e37c71405c86
peer,CECO,10-Q,MD&A,geopolitical_macro,,,,True,"FTEK provides minimal and generic disclosure on geopolitical and macroeconomic risks despite clear exposure to foreign exchange impacts, whereas CECO offers detailed, specific discussion of these risks and their business implications, suggesting FTEK is downplaying a material risk.",FTEK,2.0,1.088697,2025-07-29,2025-08-05,,1c9e4535ec0b6bd6,9ff8c934900ad4f7
peer,ZWS,10-Q,MD&A,regulatory_legal,,,,True,"ZWS provides no substantive disclosure on legal and regulatory risks despite GHM detailing active asbestos litigation and compliance investigations, suggesting ZWS may be downplaying material legal risks.",GHM,2.0,0.633187,2025-07-29,2025-08-05,,46907e57f41356a2,7a50b49b9864065a
peer,ACU,10-Q,MD&A,geopolitical_macro,,,,True,"CIX provides only a brief, generic mention of tariff-related risk mitigation without discussing ongoing or material impacts, while ACU details significant adverse effects on sales and supply chains from tariffs and geopolitical tensions, suggesting CIX is downplaying a clearly material risk.",CIX,2.0,0.019619,2025-08-06,2025-08-05,,50ef59a41de14b35,a3110460eef42eed
peer,CRCT,10-Q,MD&A,regulatory_legal,,,,True,"Company B provides no discussion of legal or regulatory risks despite the peer disclosing active legal proceedings risk, suggesting potential concealment of material legal exposure.",ACLS,1.0,0.129045,2025-08-06,2025-08-05,,806385bd0e663822,c04878a5a3843c6a
peer,DGII,10-Q,MD&A,supply_chain,,,,True,"ATEN provides only a generic statement about outsourcing manufacturing without discussing supply chain risks, while DGII details active supply chain impacts on demand and inventory, suggesting ATEN is downplaying a material supply chain risk.",ATEN,1.0,0.013053,2025-08-06,2025-08-05,,9023733043ec840a,500e349f019a8860
peer,VECO,10-Q,MD&A,geopolitical_macro,,,,True,"ACLS provides minimal discussion on tariffs and geopolitical risks despite operating in the same semiconductor industry where VECO details active impacts on costs, customer engagement, and revenue decline, suggesting ACLS may be downplaying a material risk.",ACLS,1.0,0.071663,2025-08-06,2025-08-05,,bd53d8a71502a119,781ad04ba47c325a
peer,CIX,10-Q,Risk Factors,liquidity_solvency,,,,True,"Company A provides detailed cash flow data and discusses liquidity impacts explicitly, while Company B offers only a generic boilerplate statement about risk factors affecting liquidity, suggesting potential downplaying of a material liquidity risk.",EML,2.0,0.023295,2025-08-05,2025-08-05,,1a6763ad1739d5fe,9b3c85643c41ea04
peer,HLIO,10-Q,MD&A,geopolitical_macro,,,,True,"MWA provides only generic and boilerplate statements on geopolitical and macroeconomic risks despite clear exposure to tariffs, inflation, and foreign currency impacts, whereas HLIO offers detailed, specific disclosures on tariff impacts, trade relations, and quantifiable effects, suggesting MWA is downplaying a material risk evident in its peer's disclosures.",MWA,1.0,0.094369,2025-08-05,2025-08-05,,b799093709d1d908,dd81496489eef4e9
peer,HLIO,10-Q,MD&A,regulatory_legal,,,,True,"HLIO provides minimal and generic disclosure on regulatory and legal risks despite being in an industry where MWA details extensive ongoing legal, environmental, and tax-related contingencies, suggesting HLIO may be downplaying material regulatory and legal risks.",MWA,1.0,0.094369,2025-08-05,2025-08-05,,e111877e68fdd3db,761bc15f28ebde96
peer,HLIO,10-Q,MD&A,supply_chain,,,,True,"HLIO provides only a minimal mention of its import sources with no discussion of supply chain risks, while MWA details active, material supply chain disruptions including geopolitical impacts and mitigation efforts, suggesting HLIO is downplaying a clearly material industry-wide risk.",MWA,1.0,0.094369,2025-08-05,2025-08-05,,22783cd385670220,6f4ab758cfbb0bcf
peer,ITW,10-Q,MD&A,accounting_audit,,,,True,"ZBRA provides only generic boilerplate on accounting pronouncements with no substantive discussion of inventory accounting changes, while ITW details a significant and material change from LIFO to FIFO affecting financial results, suggesting ZBRA is downplaying a material accounting risk evident in the industry.",ZBRA,2.0,3.71438,2025-08-01,2025-08-05,,e9702c91308804fd,0bb4fffdca3582ab
peer,IR,10-Q,MD&A,supply_chain,,,,True,"Company B, despite clear exposure to supply chain risks including supplier dependence and global economic conditions, provides only generic, broad risk factors without substantive discussion, while Company A offers specific details on supply chain finance programs and active monitoring of tariffs, suggesting Company B is downplaying a material supply chain risk.",ZBRA,2.0,2.093751,2025-07-31,2025-08-05,,20661f8f3a8b0387,36f24ca0405950fb
peer,PRLB,10-Q,MD&A,debt_financing,,,,True,"Company A (PRLB) provides almost no substantive disclosure on debt financing risks despite clear material debt maturity and refinancing challenges extensively detailed by Company B (VATE), indicating potential downplaying of a significant going concern risk.",VATE,1.0,0.450606,2025-07-31,2025-08-05,,fea25a0812ad5b12,cc5af4ff98fea539
peer,PRLB,10-Q,MD&A,regulatory_legal,,,,True,"PRLB provides minimal and generic disclosure on regulatory and legal risks despite being in an industry where VATE details extensive ongoing legal proceedings and tax uncertainties, suggesting PRLB may be downplaying material legal and regulatory risks.",VATE,1.0,0.450606,2025-07-31,2025-08-05,,735ed1a5e75e35c9,73c122aea2f6c50a
peer,TEX,10-Q,MD&A,human_capital,,,,True,"Company B provides minimal and vague disclosure on human capital risks despite clear evidence from Company A that compensation and integration costs related to acquisitions materially impact expenses, suggesting Company B may be downplaying significant workforce-related risks.",HY,2.0,0.349402,2025-07-31,2025-08-05,,f5a9819cbcaa06d6,7ad081b8d09af13d
peer,TEX,10-Q,MD&A,regulatory_legal,,,,True,"Company B provides no substantive discussion of regulatory and legal risks despite being in the same industry where Company A details extensive tax, environmental, and legal contingencies, suggesting Company B is downplaying material regulatory exposures.",HY,2.0,0.349402,2025-07-31,2025-08-05,,8bed333c5d8128d2,dc5c7754da5bade9
peer,GTES,10-Q,MD&A,supply_chain,,,,True,"ZBRA provides a detailed, explicit discussion of supply chain risks including supplier dependency and global economic conditions, while GTES offers only a brief, generic mention of tariff impacts and supply chain adjustments, suggesting GTES may be downplaying broader supply chain vulnerabilities that are clearly material to its industrial exposure.",ZBRA,1.0,0.318801,2025-07-30,2025-08-05,,8d0ece96bea4c596,36f24ca0405950fb
peer,TKR,10-Q,MD&A,accounting_audit,,,,True,"Company B provides only boilerplate references to new accounting pronouncements without discussing critical accounting policies or estimates, while Company A offers substantive disclosure on critical accounting policies and estimates, suggesting Company B may be downplaying a material accounting risk.",ZBRA,2.0,0.768774,2025-07-30,2025-08-05,,43fd4d85fdbb1ee0,0bb4fffdca3582ab
peer,TKR,10-Q,MD&A,financial_sustainability,,,,True,"Company B provides minimal discussion on financial sustainability risks and capital allocation beyond share repurchases, while Company A offers detailed disclosures on capital expenditures, pension obligations, and adjusted EBITDA, suggesting Company B may be downplaying material financial sustainability risks.",ZBRA,2.0,0.768774,2025-07-30,2025-08-05,,186fa7f58a873be5,cb72f6956191d3f2
peer,TKR,10-Q,MD&A,revenue_future_performance,,,,True,"Company A (TKR) explicitly discloses a material risk of declining revenues due to lower demand and tariff impacts, while Company B (ZBRA) reports consistent revenue growth and improved demand trends without acknowledging any downside risks, suggesting potential downplaying of revenue risk by ZBRA despite industry-wide headwinds.",ZBRA,2.0,0.768774,2025-07-30,2025-08-05,,656cc22cd1e70448,bd2e05265d6ed0f1
peer,PPIH,10-Q,MD&A,financial_sustainability,,,,True,"FTEK provides only generic, minimal disclosure on financial sustainability risks despite clear capital expenditure commitments, while PPIH offers detailed, specific information on leases, impairments, and liabilities, suggesting FTEK is downplaying a material financial sustainability risk.",FTEK,1.0,0.264781,2025-09-15,2025-08-05,,ef12b93010c0da79,3d37ae5bb4bc9fee
peer,PPIH,10-Q,MD&A,geopolitical_macro,,,,True,"FTEK provides only minimal, generic disclosure on foreign exchange and geopolitical risks despite operating internationally, whereas PPIH offers detailed, specific discussion of tax and currency exposures, suggesting FTEK is downplaying a material risk.",FTEK,1.0,0.264781,2025-09-15,2025-08-05,,d346075ee39ca356,9ff8c934900ad4f7
peer,TPCS,10-Q,MD&A,financial_sustainability,,,,True,"Company B provides extensive financial detail but lacks any substantive discussion of financial sustainability risks or valuation allowances on deferred tax assets, unlike Company A which explicitly addresses material risks to financial sustainability including valuation allowances and operating losses, suggesting Company B may be downplaying its financial sustainability risk.",VATE,2.0,0.790927,2025-08-21,2025-08-05,,3fdf075013d0ac36,e0ab8c012f1f6881
peer,TPCS,10-Q,MD&A,operational_product,,,,True,"VATE provides minimal and indirect discussion of operational product risks despite evident exposure to fabrication and quality control issues, while TPCS offers detailed disclosure of its manufacturing processes and quality controls, suggesting VATE may be downplaying material operational risks.",VATE,2.0,0.790927,2025-08-21,2025-08-05,,80d5210bf7317028,0df20b56691422fa
peer,TPCS,10-Q,MD&A,regulatory_legal,,,,True,"TPCS provides only minimal, boilerplate compliance statements on regulatory certifications while VATE discloses extensive, detailed ongoing legal and regulatory risks, suggesting TPCS is downplaying material legal and regulatory risks evident in the industry.",VATE,2.0,0.790927,2025-08-21,2025-08-05,,ffde8e1edefb0e01,73c122aea2f6c50a
peer,AREB,10-Q,MD&A,geopolitical_macro,,,,True,"AREB provides near-zero substantive discussion on geopolitical and macroeconomic risks despite clear industry-wide tariff and trade uncertainties detailed extensively by HLIO, suggesting potential downplaying of material risks.",HLIO,1.0,0.257403,2025-08-13,2025-08-05,,9d38b45e7affc7e7,b799093709d1d908
peer,AREB,10-Q,MD&A,human_capital,,,,True,"AREB provides only a generic statement unrelated to human capital risks, while HLIO details active workforce restructuring, leadership changes, and associated costs, indicating AREB is downplaying a material human capital risk evident in the industry.",HLIO,1.0,0.257403,2025-08-13,2025-08-05,,a9c4d7b752c354a1,2d1332e730907d58
peer,AREB,10-Q,MD&A,geopolitical_macro,,,,True,"Company A (AREB) provides minimal and generic discussion of geopolitical and macroeconomic risks despite industry-wide evidence from peer MWA that these are active, quantifiable threats impacting operations and financials.",MWA,2.0,0.411299,2025-08-13,2025-08-05,,9d38b45e7affc7e7,dd81496489eef4e9
peer,AREB,10-Q,MD&A,human_capital,,,,True,"AREB provides near-zero substantive disclosure on human capital risks despite being in an industry where workforce and leadership transitions are evidently material, as shown by MWA's detailed discussion of leadership changes, stock-based compensation, and workforce investments.",MWA,2.0,0.411299,2025-08-13,2025-08-05,,a9c4d7b752c354a1,a40665e232bcf308
peer,AREB,10-Q,MD&A,operational_product,,,,True,"MWA provides detailed disclosure on operational disruptions, warranty risks, and manufacturing inefficiencies, while AREB offers only product descriptions with no mention of operational or product risk exposures, suggesting AREB may be downplaying material operational risks inherent in product safety and warranty management.",MWA,2.0,0.411299,2025-08-13,2025-08-05,,d4cafc1cc7e41a3a,c6f042e88d99f6af
peer,AREB,10-Q,MD&A,regulatory_legal,,,,True,"Company A provides minimal and generic discussion on regulatory and legal risks despite clear industry-wide regulatory challenges highlighted by Company B's detailed and specific disclosures, suggesting potential downplaying of material legal risks.",MWA,2.0,0.411299,2025-08-13,2025-08-05,,6043fa91b7146039,761bc15f28ebde96
peer,GTEC,10-Q,MD&A,accounting_audit,,,,True,"GHM provides minimal disclosure on accounting and audit risks despite evident auditor resignations and investigations, while GTEC offers detailed accounting policies and disclosures, suggesting GHM is downplaying a material audit risk.",GHM,1.0,0.038802,2025-08-13,2025-08-05,,c7707b9dfdaf9859,d229ce5b1e691477
peer,GTEC,10-Q,MD&A,operational_product,,,,True,"GHM provides almost no substantive discussion of operational product risks despite being a peer in industrial equipment, suggesting possible concealment or downplaying of material operational product risks that GTEC explicitly details.",GHM,1.0,0.038802,2025-08-13,2025-08-05,,22352d946175af5f,37b9529d148bff16
peer,GTEC,10-Q,MD&A,supply_chain,,,,True,"GHM acknowledges sole-source supply risks and potential global disruptions explicitly, while GTEC provides minimal detail and no discussion of supply chain vulnerabilities despite reliance on a single manufacturing facility, suggesting possible downplaying of material supply chain risks.",GHM,1.0,0.038802,2025-08-13,2025-08-05,,26bf1fd983d078bf,f86a309dc3cead72
peer,ACA,10-Q,MD&A,financial_sustainability,,,,True,"Company B (VATE) shows significant accumulated deficits, unrecognized losses on investments, and dividend accruals indicating financial distress, yet provides no substantive discussion of financial sustainability risks, unlike Company A (ACA) which clearly details capital expenditures, dividends, and share repurchase programs, suggesting VATE is downplaying material financial sustainability risks.",VATE,2.0,2.976688,2025-08-08,2025-08-05,,a62ff842e2474cf2,e0ab8c012f1f6881
peer,ACA,10-Q,MD&A,regulatory_legal,,,,True,"Company A provides detailed, specific disclosure on regulatory changes directly impacting its core business, while Company B offers only generic, boilerplate legal risk language despite clear exposure to regulatory and legal challenges, suggesting potential downplaying of material risks.",VATE,2.0,2.976688,2025-08-08,2025-08-05,,afc68fa6f920e114,73c122aea2f6c50a
peer,GENC,10-Q,MD&A,financial_sustainability,,,,True,"PLOW provides detailed discussion on financial sustainability risks including impairment charges, capital expenditures, and factors affecting demand, while GENC offers only generic lease and impairment accounting notes with no substantive discussion of financial sustainability risks, suggesting potential downplaying of material financial risks.",PLOW,1.0,0.026909,2025-08-08,2025-08-05,,18af148b86b6b67d,0d943593e60a8eb9
peer,GENC,10-Q,MD&A,operational_product,,,,True,"GENC provides no discussion of weather-related operational risks or product wear despite being in the same industry where PLOW explicitly identifies heavy snowfall as a material factor affecting product usage and lifecycle, suggesting GENC may be downplaying a clearly relevant risk.",PLOW,1.0,0.026909,2025-08-08,2025-08-05,,f05ceb7c2cf2eea8,ed22edc594da060c
peer,GENC,10-Q,MD&A,regulatory_legal,,,,True,"PLOW provides near-zero substantive disclosure on regulatory and legal risks compared to GENC's detailed discussion, suggesting PLOW is downplaying a material risk evident in the industry.",PLOW,1.0,0.026909,2025-08-08,2025-08-05,,d9b7c07142f8e844,bcc61624d363197d
peer,SSD,10-Q,MD&A,supply_chain,,,,True,"SSD provides only generic statements about improving efficiencies and reducing reliance on outsourced products, while HLMN explicitly quantifies its supply chain exposure and actively discusses mitigating risks from tariffs, suggesting SSD may be downplaying a material supply chain risk.",HLMN,1.0,0.950579,2025-08-08,2025-08-05,,14ca01073d86e0a4,4b513c6aef871fa6
peer,SSD,10-Q,Risk Factors,cost_margin_pressure,,,,True,"HLMN provides only minimal, generic disclosure on tariff-related cost pressures despite being in the same industry where SSD details active price increases, cost impacts, and margin effects, suggesting HLMN is downplaying a clearly material risk.",HLMN,1.0,0.950579,2025-08-08,2025-08-05,,c1b9c425ef069bd0,3a93427b106327d9
peer,SSD,10-Q,Risk Factors,supply_chain,,,,True,"Company A provides minimal disclosure on supply chain risks despite industry-wide exposure evident from Company B's detailed discussion of sourcing, tariffs, and mitigation strategies, suggesting potential downplaying of a material risk.",HLMN,1.0,0.950579,2025-08-08,2025-08-05,,2f1c2d97dcaa6db2,c28ed9c8fbe82a68
peer,ACMR,10-Q,MD&A,regulatory_legal,,,,True,"Company B provides near-zero substance on tax and regulatory risks that are clearly material and extensively disclosed by Company A, suggesting potential downplaying of significant international tax and regulatory exposures.",ACLS,2.0,0.138531,2025-08-07,2025-08-05,,7890c0da3766dddc,c04878a5a3843c6a
peer,ACMR,10-Q,MD&A,supply_chain,,,,True,"ACMR provides detailed disclosure on supply chain risks, including strategic inventory buildup and reliance on key suppliers in China, while ACLS offers only generic statements about mitigating tariffs without substantive discussion of supply chain vulnerabilities, suggesting potential downplaying of material supply chain risks.",ACLS,2.0,0.138531,2025-08-07,2025-08-05,,d002ffb1a0115d5a,a68df065fa61fb4e
peer,JBI,10-Q,MD&A,financial_sustainability,,,,True,"VATE provides extensive quantitative disclosures on its financial sustainability challenges, including accumulated deficits, dividend accruals, and unrecognized losses, while JBI offers only generic, high-level statements about capital allocation without addressing evident financial risks, suggesting JBI is downplaying material financial sustainability risks apparent in the industry.",VATE,2.0,0.470861,2025-08-07,2025-08-05,,1260b8397a99df37,e0ab8c012f1f6881
peer,JBI,10-Q,MD&A,geopolitical_macro,,,,True,"VATE provides only generic, minimal discussion of geopolitical and macroeconomic risks despite clear industry-wide exposure shown by JBI's detailed disclosure on tariffs, trade restrictions, and currency impacts, suggesting VATE may be downplaying material risks.",VATE,2.0,0.470861,2025-08-07,2025-08-05,,10d3da26cc0a6175,7f7263d6fd7f6f38
peer,JBI,10-Q,MD&A,regulatory_legal,,,,True,"JBI provides only a generic statement on regulatory monitoring with no substantive discussion of legal risks, while VATE offers detailed, specific disclosures on ongoing legal proceedings, tax uncertainties, and litigation risks, suggesting JBI is downplaying material legal and regulatory risks evident in the industry.",VATE,2.0,0.470861,2025-08-07,2025-08-05,,f91d2116e01cd08b,73c122aea2f6c50a
peer,LCUT,10-Q,MD&A,financial_sustainability,,,,True,"EML provides minimal discussion of financial sustainability risks and restructuring impacts despite clear evidence of operational changes, whereas LCUT offers detailed disclosure on significant goodwill impairment, restructuring costs, and tax impacts, suggesting EML may be downplaying material financial risks.",EML,1.0,0.091207,2025-08-07,2025-08-05,,9081774d61026916,380e4ccdff7998a8
peer,LCUT,10-Q,Risk Factors,liquidity_solvency,,,,True,"EML provides only a generic boilerplate statement on liquidity and solvency risks, while LCUT offers detailed, specific disclosures about its borrowing arrangements, covenants, and seasonal impacts, suggesting EML is downplaying a material liquidity risk evident in the industry.",EML,1.0,0.091207,2025-08-07,2025-08-05,,422cc19d3d743e60,9b3c85643c41ea04
peer,PSIX,10-Q,MD&A,financial_sustainability,,,,True,"PSIX provides only generic, optimistic statements about financial sustainability while BWXT discloses specific, material pension underfunding and funding obligations, suggesting PSIX is downplaying a significant financial risk evident in the industry.",BWXT,2.0,0.668962,2025-08-08,2025-08-04,,28721aa8d30e56ff,442faa3e7574f0ba
peer,PSIX,10-Q,MD&A,regulatory_legal,,,,True,"BWXT provides only generic references to regulatory and legal obligations without substantive discussion of environmental regulatory risks that PSIX explicitly details, suggesting BWXT may be downplaying a material regulatory risk evident in the industry.",BWXT,2.0,0.668962,2025-08-08,2025-08-04,,674765032a533fa2,3cf499c14be38443
peer,PSIX,10-Q,MD&A,supply_chain,,,,True,"BWXT provides no substantive discussion of supply chain risks despite operating in a complex nuclear supply environment, while PSIX actively details initiatives and risk mitigation, suggesting BWXT may be downplaying a material supply chain risk.",BWXT,2.0,0.668962,2025-08-08,2025-08-04,,ed4d0ac8dd21493f,2562a96a0e66ceeb
peer,CAT,10-Q,MD&A,cost_margin_pressure,,,,True,"CNH provides only generic, high-level commentary on cost and volume impacts without quantifying or explicitly discussing unfavorable price realization and manufacturing cost pressures that CAT details extensively, suggesting CNH may be downplaying a clearly material margin pressure risk evident in the industry.",CNH,1.0,3.68008,2025-08-06,2025-08-04,,cf45967f2cb357f2,733825c9adacb059
peer,CAT,10-Q,MD&A,geopolitical_macro,,,,True,"CNH provides only generic, high-level statements on geopolitical and tariff risks without quantifying impacts, while CAT details specific tariff costs, segment impacts, and mitigation efforts, suggesting CNH is downplaying a clearly material risk evident in the industry.",CNH,1.0,3.68008,2025-08-06,2025-08-04,,8dc15effc15993c2,ea31f4a3cfcfb2dc
peer,CAT,10-Q,Risk Factors,accounting_audit,,,,True,"Company A (CAT) provides minimal disclosure on accounting and audit risks, while Company B (CNH) explicitly details a material weakness in internal controls over financial reporting, indicating CAT may be downplaying a significant risk evident in its peer's disclosures.",CNH,1.0,3.68008,2025-08-06,2025-08-04,,0621b98e44a51213,f108d99c1199b71f
peer,CAT,10-Q,Risk Factors,geopolitical_macro,,,,True,"CNH provides only generic, boilerplate geopolitical risk disclosures despite being in the same industry and likely exposed to tariff and trade risks that CAT quantifies in detail, suggesting CNH is downplaying a clearly material risk.",CNH,1.0,3.68008,2025-08-06,2025-08-04,,1cadd94bb1fa9320,a45dcf5aa1ce339a
peer,CAT,10-Q,Risk Factors,operational_product,,,,True,"CNH provides detailed remediation plans and controls for inventory management risks, while CAT offers no substantive disclosure on operational product risks despite similar industry exposure, suggesting CAT may be downplaying a material operational risk.",CNH,1.0,3.68008,2025-08-06,2025-08-04,,efec5328019ebaca,547214ae98ff7f3c
peer,CMI,10-Q,MD&A,geopolitical_macro,,,,True,"BWXT provides only minimal, generic disclosure on geopolitical and macro risks despite its significant exposure as a U.S. government contractor, whereas CMI offers detailed, specific discussion of trade disruptions, tariffs, regulatory changes, and currency impacts, indicating BWXT is downplaying a clearly material risk.",BWXT,1.0,3.699322,2025-08-05,2025-08-04,,6aaf290b8c0450ab,cf2ce0ddb456ca1f
peer,CMI,10-Q,MD&A,supply_chain,,,,True,"BWXT provides no substantive discussion of supply chain risks despite operating in a complex, supply-sensitive nuclear industry, suggesting potential downplaying compared to CMI's detailed disclosure.",BWXT,1.0,3.699322,2025-08-05,2025-08-04,,a216e9a56d91ad09,2562a96a0e66ceeb
peer,BC,10-Q,MD&A,financial_sustainability,,,,True,"Company A (BC) provides no substantive discussion of its pension and postretirement benefit obligations or related financial risks, while Company B (BWXT) explicitly quantifies significant underfunded obligations and expected contributions, suggesting BC may be downplaying a material financial sustainability risk evident in the industry.",BWXT,1.0,0.58194,2025-07-30,2025-08-04,,c3f2da4515861b9b,442faa3e7574f0ba
peer,BC,10-Q,MD&A,geopolitical_macro,,,,True,"BWXT provides only minimal, generic disclosure on geopolitical and macro risks despite its clear exposure as a U.S. Government contractor, whereas BC offers detailed, specific discussion of multiple material macroeconomic and geopolitical risks affecting its business.",BWXT,1.0,0.58194,2025-07-30,2025-08-04,,489fe7f4527b5167,cf2ce0ddb456ca1f
peer,INVX,10-Q,Risk Factors,financial_sustainability,,,,True,"Company B provides only minimal, generic disclosure on financial sustainability risks related to convertible notes, while Company A offers detailed, specific discussion of acquisition accounting, goodwill, impairments, and share repurchase plans, indicating Company B is downplaying material financial sustainability risks evident in the industry.",SEI,2.0,0.090361,2025-08-06,2025-08-01,,cf068603560767af,635c86360d55b8e5
peer,INVX,10-Q,Risk Factors,geopolitical_macro,,,,True,"INVX provides no substantive discussion of geopolitical or trade risks despite SEI detailing active tariff impacts and uncertainties, suggesting INVX is downplaying a material industry-wide risk.",SEI,2.0,0.090361,2025-08-06,2025-08-01,,9ec1046c111c2791,515299e04714e44d
peer,KAI,10-Q,MD&A,geopolitical_macro,,,,True,"NVT provides only generic, boilerplate statements on tariffs and geopolitical risks despite clear industry-wide impacts detailed extensively by KAI, suggesting NVT is downplaying a material risk affecting its business.",NVT,2.0,3.460402,2025-08-06,2025-08-01,,bf39199dde15f6e1,40c25ff8c9237344
peer,MAS,10-Q,MD&A,accounting_audit,,,,True,"OFLX provides only minimal, boilerplate disclosure about new accounting standards without any substantive discussion, while MAS offers detailed, specific information on adoption and impacts, suggesting OFLX may be downplaying material accounting and audit risks.",OFLX,2.0,4.04477,2025-07-31,2025-08-01,,3aa83a963e6bb4a5,f89c05e296b4507f
peer,MAS,10-Q,MD&A,debt_financing,,,,True,"Company B provides only minimal, generic disclosure about its debt financing with no substantive detail despite having a line of credit, while its peer Company A offers extensive, specific information on credit agreements, covenants, borrowings, and risks, suggesting Company B is downplaying a material financing risk.",OFLX,2.0,4.04477,2025-07-31,2025-08-01,,f009dc088d9d1510,1623d2a66b06b673
peer,MAS,10-Q,MD&A,geopolitical_macro,,,,True,"OFLX provides only minimal, transactional-level foreign currency commentary without addressing broader geopolitical or macroeconomic risks that MAS identifies as materially impacting costs and operations, suggesting OFLX may be downplaying significant geopolitical risks affecting its business.",OFLX,2.0,4.04477,2025-07-31,2025-08-01,,3516f8a496b1c0e5,45486b6c416cf9ed
peer,MAS,10-Q,MD&A,operational_product,,,,True,"OFLX provides no mention of product safety risks or liabilities despite operating in a product market where MAS explicitly acknowledges such material risks, suggesting OFLX may be downplaying or concealing exposure to product safety and liability issues.",OFLX,2.0,4.04477,2025-07-31,2025-08-01,,5e6f765a20d28df9,952e168f8dc92d26
peer,OIS,10-Q,MD&A,geopolitical_macro,,,,True,"SEI provides only a brief, generic mention of geopolitical risk without detailing specific impacts or ongoing issues, while OIS offers extensive, concrete disclosures on tariffs, sanctions, military conflicts, and their direct effects, suggesting SEI is downplaying a clearly material geopolitical risk to its business.",SEI,2.0,0.065395,2025-07-31,2025-08-01,,e9733bffb764d6a1,89e7fbf5f2fd6e97
peer,OIS,10-Q,MD&A,operational_product,,,,True,"SEI provides minimal disclosure on operational product risks despite operating in a similar industrial sector where OIS details significant facility consolidations, service exits, and related charges, suggesting SEI may be downplaying material operational challenges.",SEI,2.0,0.065395,2025-07-31,2025-08-01,,0b2f5853c078e6a9,c260940db8e9c626
peer,NTIC,10-Q,MD&A,debt_financing,,,,True,"OFLX provides minimal disclosure on its debt financing risk despite having a $15 million line of credit, while NTIC offers detailed, active management and amendment information indicating material exposure, suggesting OFLX is downplaying a clearly material financing risk.",OFLX,1.0,0.017726,2025-07-11,2025-08-01,,a4fe48a81bef742f,1623d2a66b06b673
peer,NTIC,10-Q,MD&A,geopolitical_macro,,,,True,"OFLX provides only minimal, generic disclosure on foreign currency and geopolitical risks despite operating in multiple foreign jurisdictions, whereas NTIC offers detailed, specific discussion of geopolitical risks, tariffs, currency exposures, and active impacts on its business, suggesting OFLX is downplaying material geopolitical and macroeconomic risks.",OFLX,1.0,0.017726,2025-07-11,2025-08-01,,531e7bdfb5117aed,45486b6c416cf9ed
peer,NTIC,10-Q,MD&A,supply_chain,,,,True,"OFLX provides only generic, boilerplate statements about its manufacturing locations and distribution network without addressing supply chain disruptions or inflation risks that NTIC explicitly identifies as materially affecting earnings.",OFLX,1.0,0.017726,2025-07-11,2025-08-01,,c0f5ca6332667b57,f18e2c8f12bbc409
peer,NTIC,10-Q,Risk Factors,cost_margin_pressure,,,,True,"OFLX provides minimal and generic disclosure on cost and margin pressures despite clear exposure to raw material purchase obligations, whereas NTIC offers detailed, quantifiable discussion of inflation, tariffs, cost increases, and mitigation strategies, suggesting OFLX is downplaying a material industry-wide risk.",OFLX,1.0,0.017726,2025-07-11,2025-08-01,,a68b52efac68836a,0f59ab056fe13c4b
peer,NTIC,10-Q,Risk Factors,geopolitical_macro,,,,True,"OFLX provides only minimal, generic disclosure on foreign currency and geopolitical risks despite operating internationally, while NTIC offers detailed, specific discussion of tariffs, geopolitical tensions, and their material impacts, suggesting OFLX is downplaying significant industry-wide geopolitical and currency risks.",OFLX,1.0,0.017726,2025-07-11,2025-08-01,,197f604e2e2eed5c,24ea02f2bc7bd716
peer,WDC,10-K,MD&A,liquidity_solvency,,,,True,"STX provides minimal and generic disclosure on liquidity and solvency risks despite operating in the same industry where WDC details significant, quantifiable cash flow and debt management risks, suggesting STX may be downplaying material liquidity risks.",STX,1.0,1.351263,2025-08-14,2025-08-01,,6279be41fccb44cc,48fd3c73034cfc16
peer,WDC,10-K,Risk Factors,geopolitical_macro,,,,True,"STX provides minimal and generic disclosure on geopolitical and macroeconomic risks despite operating internationally, whereas WDC offers detailed, specific discussion of trade policies, tariffs, geopolitical tensions, and their direct impacts, suggesting STX is downplaying material risks evident in the industry.",STX,1.0,1.351263,2025-08-14,2025-08-01,,f3368d3e3976b2b9,35df76c0dc71400e
peer,WDC,10-K,Risk Factors,supply_chain,,,,True,"STX provides minimal discussion of supply chain risks despite clear exposure to single-source suppliers and significant purchase obligations, whereas WDC offers a detailed, comprehensive disclosure of supply chain vulnerabilities and impacts, suggesting STX may be downplaying a material risk.",STX,1.0,1.351263,2025-08-14,2025-08-01,,507caed8593bd947,51f3913caa38734c
peer,FGI,10-Q,MD&A,accounting_audit,,,,True,"OFLX provides only minimal, boilerplate disclosure about evaluating new accounting standards without discussing critical accounting policies or estimates, while FGI offers detailed, substantive discussion indicating active management of significant accounting risks, suggesting OFLX is downplaying a material accounting risk.",OFLX,1.0,0.057778,2025-08-13,2025-08-01,,81cda987ce4650ee,f89c05e296b4507f
peer,FGI,10-Q,MD&A,debt_financing,,,,True,"OFLX provides minimal detail and reports no borrowings despite having a $15 million credit line, while FGI discloses active borrowings, covenant breaches, and lender negotiations, suggesting OFLX may be downplaying its debt financing risk exposure.",OFLX,1.0,0.057778,2025-08-13,2025-08-01,,3c7cf53536ffa662,1623d2a66b06b673
peer,FGI,10-Q,MD&A,geopolitical_macro,,,,True,"OFLX provides no substantive discussion of tariff or trade-related geopolitical risks despite operating internationally, while FGI explicitly details tariff uncertainties and their adverse impacts, suggesting OFLX may be downplaying a material industry-wide risk.",OFLX,1.0,0.057778,2025-08-13,2025-08-01,,14014dcae7703eb3,45486b6c416cf9ed
peer,FGI,10-Q,MD&A,supply_chain,,,,True,"OFLX provides only generic, boilerplate descriptions of its supply chain and distribution without acknowledging recent supply chain challenges that FGI explicitly discusses, suggesting OFLX may be downplaying a material industry-wide risk.",OFLX,1.0,0.057778,2025-08-13,2025-08-01,,827035b1c48a4c89,f18e2c8f12bbc409
peer,FGI,10-Q,Risk Factors,cost_margin_pressure,,,,True,"OFLX provides no substantive discussion of cost or margin pressures related to tariffs or supply chain risks that FGI clearly identifies as materially adverse, suggesting OFLX may be downplaying a significant industry-wide risk.",OFLX,1.0,0.057778,2025-08-13,2025-08-01,,5c8c8d7d4327f98e,0f59ab056fe13c4b
peer,FGI,10-Q,Risk Factors,debt_financing,,,,True,"FGI appears to be downplaying its significant debt covenant non-compliance and associated refinancing risks by not fully quantifying or contextualizing the material threat, unlike OFLX which provides detailed, transparent disclosure on its credit facilities and compliance status.",OFLX,1.0,0.057778,2025-08-13,2025-08-01,,1dabe9da0f5c2932,3f74bf162affcd36
peer,FGI,10-Q,Risk Factors,geopolitical_macro,,,,True,"Company B provides no substantive discussion of geopolitical risks or tariffs despite being a peer in the same industry where Company A details significant and material tariff-related risks, suggesting Company B is downplaying or concealing this exposure.",OFLX,1.0,0.057778,2025-08-13,2025-08-01,,325dd883d03e940d,24ea02f2bc7bd716
peer,FGI,10-Q,Risk Factors,liquidity_solvency,,,,True,"Company B (OFLX) provides only generic liquidity disclosures with no mention of financial covenant pressures or going concern risks that Company A (FGI) explicitly details, suggesting OFLX may be downplaying material liquidity and solvency risks evident in the industry.",OFLX,1.0,0.057778,2025-08-13,2025-08-01,,151fa9f2b6b8f908,2267ee4143f272e8
peer,FGI,10-Q,Risk Factors,revenue_future_performance,,,,True,"Company B provides no discussion of tariff-related risks or pricing impacts on future revenues despite operating in the same industry where Company A explicitly acknowledges tariffs could reduce demand and competitiveness, suggesting Company B may be downplaying a material risk.",OFLX,1.0,0.057778,2025-08-13,2025-08-01,,954de0d1e42475cd,133edadf0e2502c3
peer,BW,10-Q,MD&A,debt_financing,,,,True,"Company B provides minimal and generic disclosure on debt financing risk despite having a $15 million credit line, while Company A offers detailed, active management and refinancing of substantial debt, suggesting Company B is downplaying a material financing risk.",OFLX,1.0,0.307509,2025-08-11,2025-08-01,,3c10aa7ed36b68ab,1623d2a66b06b673
peer,BW,10-Q,MD&A,supply_chain,,,,True,"Company B provides only generic operational descriptions without acknowledging supply chain risks, while Company A explicitly discusses cost increases and disruptions, suggesting Company B is downplaying a material supply chain risk evident in the industry.",OFLX,1.0,0.307509,2025-08-11,2025-08-01,,3af2fc6588466346,f18e2c8f12bbc409
peer,CVR,10-Q,MD&A,accounting_audit,,,,True,"SPXC provides only generic boilerplate on critical accounting policies and estimates, while CVR discloses a specific material weakness in internal control over inventory valuation and detailed remediation plans, suggesting SPXC is downplaying a clearly material accounting risk evident in the peer's disclosure.",SPXC,2.0,2.842563,2025-08-08,2025-08-01,,1d35cd22fc782b15,856f2fabdd3dee32
peer,CVR,10-Q,MD&A,supply_chain,,,,True,"CVR provides no substantive discussion of supply chain risks despite its manufacturing operations, while SPXC explicitly addresses material sourcing challenges and geopolitical impacts, suggesting CVR may be downplaying a material supply chain risk.",SPXC,2.0,2.842563,2025-08-08,2025-08-01,,b9e494f3df59dd26,d9d2886cf0c1d0e7
peer,JBTM,10-Q,MD&A,accounting_audit,,,,True,"NVT provides only generic boilerplate on critical accounting estimates while JBTM offers detailed, specific disclosures on significant assumptions and methodologies, suggesting NVT is downplaying a material risk evident in their shared industry.",NVT,1.0,1.514175,2025-08-07,2025-08-01,,1d573280283790e6,d8380c1678d9877f
peer,JBTM,10-Q,MD&A,regulatory_legal,,,,True,"JBTM provides only generic ESG statements with no mention of specific regulatory or legal tax risks that NVT details as materially impacting its effective tax rate and operations, suggesting JBTM may be downplaying significant regulatory/legal risks relevant to its industry.",NVT,1.0,1.514175,2025-08-07,2025-08-01,,2a6135a67816b676,f387e2262c15836b
peer,NNBR,10-Q,Risk Factors,cost_margin_pressure,,,,True,"SPXC provides only a generic statement about pro forma results without discussing cost or margin pressures, while NNBR details specific cost impacts, raw material price volatility, and strategic responses, suggesting SPXC is downplaying a clearly material industry-wide risk.",SPXC,2.0,2.544599,2025-08-07,2025-08-01,,712ef6c189e404c4,e45aa0236831f068
peer,NNBR,10-Q,Risk Factors,financial_sustainability,,,,True,"SPXC provides extensive, detailed disclosures on financial sustainability risks including goodwill impairment, debt structure, and pension liabilities, while NNBR offers only a brief, generic mention of tariff impacts and tax accruals, suggesting NNBR may be downplaying material financial sustainability risks evident in the industry.",SPXC,2.0,2.544599,2025-08-07,2025-08-01,,4fde46d3a8073a13,1618a82e91adec64
peer,NNBR,10-Q,Risk Factors,geopolitical_macro,,,,True,"SPXC provides minimal and generic disclosure on geopolitical and macroeconomic risks despite operating internationally, while NNBR details specific trade risks, tariffs, and their material impacts, suggesting SPXC is downplaying a clearly material industry-wide risk.",SPXC,2.0,2.544599,2025-08-07,2025-08-01,,a8fb7c1936762c46,2bec463f837b30c1
peer,NNBR,10-Q,Risk Factors,regulatory_legal,,,,True,"NNBR provides only a minimal, boilerplate reference to legal proceedings while SPXC offers detailed, specific disclosures on multiple active legal, environmental, and tax risks, suggesting NNBR is downplaying material regulatory and legal risks evident in the industry.",SPXC,2.0,2.544599,2025-08-07,2025-08-01,,2fcb945a21f01b68,c944f8e22c08dcf4
peer,DE,10-Q,MD&A,regulatory_legal,,,,True,"AGCO provides only generic boilerplate on legal risks while Deere discloses a specific, material antitrust lawsuit directly impacting its business, suggesting AGCO is downplaying a similarly material regulatory/legal risk.",AGCO,1.0,3.866956,2025-08-28,2025-07-31,,4779441bcbd26226,bf565dd48965d4fd
peer,TPCS,10-Q,MD&A,debt_financing,,,,True,"PRLB provides almost no substantive disclosure on debt financing risks despite being in the same industry, while TPCS details active covenant violations, refinancing activities, and potential lender actions, suggesting PRLB is downplaying a material risk.",PRLB,1.0,0.605967,2025-08-21,2025-07-31,,70d3b0f7a02f1466,fea25a0812ad5b12
peer,TPCS,10-Q,MD&A,financial_sustainability,,,,True,"PRLB provides extensive quantitative detail on financial assets, liabilities, and segment expenses indicating active management of financial sustainability risks, while TPCS offers only generic statements about financial condition and deferred tax assets without substantive discussion, suggesting potential downplaying of material financial sustainability risks.",PRLB,1.0,0.605967,2025-08-21,2025-07-31,,3fdf075013d0ac36,cb347a0c522ecd52
peer,TPCS,10-Q,MD&A,geopolitical_macro,,,,True,"PRLB provides extensive detail on foreign currency risks and their financial impacts, while TPCS, despite being heavily defense-focused and likely exposed to geopolitical risks, offers only generic macroeconomic and political risk statements without substantive discussion, suggesting potential downplaying of material geopolitical risk.",PRLB,1.0,0.605967,2025-08-21,2025-07-31,,ab297f22fa038f70,5ba37f936879d5e7
peer,GPUS,10-Q,MD&A,geopolitical_macro,,,,True,"Company A provides only a brief, generic mention of geopolitical and macroeconomic uncertainty affecting demand, while Company B offers a detailed, explicit discussion of multiple active geopolitical risks, including trade tariffs, military conflicts, sanctions, and regulatory changes, indicating Company A is downplaying significant industry-wide geopolitical risks.",OIS,2.0,0.104172,2025-08-15,2025-07-31,,970475b885ceaa8a,e9733bffb764d6a1
peer,GPUS,10-Q,MD&A,supply_chain,,,,True,"Company B provides only a generic statement about raw materials without addressing supply chain risks, while Company A discloses a specific operational risk related to utility grid demand, suggesting Company B may be downplaying material supply chain vulnerabilities.",OIS,2.0,0.104172,2025-08-15,2025-07-31,,2db9de30ef3fadd8,f897474ef79f4ac9
peer,ACA,10-Q,MD&A,supply_chain,,,,True,"VMI provides only a generic mention of a supplier finance program without addressing supply chain risks, while ACA discusses active customer demand trends indicating supply chain health, suggesting VMI may be downplaying material supply chain risks.",VMI,1.0,1.50992,2025-08-08,2025-07-31,,ac93c84d36f63e40,baac04705cd8bcef
peer,FET,10-Q,MD&A,accounting_audit,,,,True,"FET provides near-zero substance on critical accounting policies despite being in the same industry as OIS, which actively discusses these policies and recent pronouncements, suggesting FET may be downplaying an important risk.",OIS,1.0,0.025532,2025-08-08,2025-07-31,,f5df018f97ca9fd0,5b0d40f7f4badab7
peer,FET,10-Q,MD&A,operational_product,,,,True,"Company A provides only a vague, minimal statement on equipment utilization without addressing significant operational actions, while Company B details extensive facility exits, workforce reductions, and restructuring charges, suggesting Company A is downplaying material operational risks evident in the industry.",OIS,1.0,0.025532,2025-08-08,2025-07-31,,b4728d301f82aaae,0b2f5853c078e6a9
peer,JBI,10-Q,MD&A,debt_financing,,,,True,"PRLB provides almost no substantive discussion of debt financing risk despite it being a material and actively managed aspect of JBI's business, suggesting PRLB is downplaying a clearly material risk.",PRLB,1.0,0.337382,2025-08-07,2025-07-31,,b146d7360dfac705,fea25a0812ad5b12
peer,JBI,10-Q,MD&A,financial_sustainability,,,,True,"Company B (PRLB) provides extensive quantitative detail on intangible assets, amortization, segment expenses, and capital expenditures indicating active financial sustainability risks, while Company A (JBI) offers only generic, high-level statements about capital allocation and M&A costs without substantive discussion of financial sustainability challenges, suggesting potential downplaying of material financial risks.",PRLB,1.0,0.337382,2025-08-07,2025-07-31,,1260b8397a99df37,cb347a0c522ecd52
peer,SMR,10-Q,MD&A,debt_financing,,,,True,"PRLB provides near-zero substantive disclosure on debt financing and liquidity risks despite being a peer in the same industry where SMR details active capital raising, financing activities, and credit support arrangements, suggesting PRLB may be downplaying material financing risks.",PRLB,1.0,1.647979,2025-08-07,2025-07-31,,230f86ffc4a9f1b3,fea25a0812ad5b12
peer,SMR,10-Q,MD&A,financial_sustainability,,,,True,"Company A (SMR) provides only a minimal, vague mention of a one-time charge without substantive discussion of ongoing financial sustainability risks, while Company B (PRLB) offers detailed, quantifiable disclosures on intangible assets, amortization, segment expenses, and investments, indicating active management of financial sustainability risks; this asymmetry suggests SMR is downplaying a material financial sustainability risk evident in the industry.",PRLB,1.0,1.647979,2025-08-07,2025-07-31,,a3cbb55f2e35f7e5,cb347a0c522ecd52
peer,SMR,10-Q,MD&A,regulatory_legal,,,,True,"PRLB provides only generic tax risk boilerplate despite being in the same regulatory environment where SMR details active, material regulatory approvals, suggesting PRLB is downplaying significant regulatory/legal risks.",PRLB,1.0,1.647979,2025-08-07,2025-07-31,,2c057c9f64804c1c,735ed1a5e75e35c9
peer,WTS,10-Q,MD&A,operational_product,,,,True,"WTS provides no mention of natural disaster risks or related operational impacts despite CR disclosing specific hurricane damage and associated costs, suggesting WTS may be downplaying a material operational risk.",CR,1.0,0.123193,2025-08-07,2025-07-31,,2ce3e996415e1f39,82de3e32769c59b1
peer,DNOW,10-Q,MD&A,cost_margin_pressure,,,,True,"WHD explicitly quantifies and discusses elevated tariff expenses and their direct negative impact on profitability, while DNOW only vaguely mentions tariff uncertainties without acknowledging current material cost pressures, suggesting DNOW is downplaying a clearly active and quantifiable risk.",WHD,1.0,0.207515,2025-08-06,2025-07-31,,e1987401a5503d27,00ad2101242ceaf4
peer,DNOW,10-Q,Risk Factors,supply_chain,,,,True,"WHD provides minimal and generic disclosure on supply chain risks despite operating in oil and gas regions and investing in supply chain diversification, whereas DNOW offers detailed discussion on supply chain management, inventory strategies, and market catalysts, suggesting WHD may be downplaying a material supply chain risk.",WHD,1.0,0.207515,2025-08-06,2025-07-31,,47ef96986d5e6786,14ede44119cda67a
peer,VATE,10-Q,MD&A,debt_financing,,,,True,"Company B provides virtually no substantive disclosure on debt financing risks despite Company A detailing extensive, material debt refinancing challenges and substantial doubt about going concern, indicating Company B is downplaying a clearly material risk.",PRLB,1.0,0.501738,2025-08-05,2025-07-31,,cc5af4ff98fea539,fea25a0812ad5b12
peer,VATE,10-Q,MD&A,liquidity_solvency,,,,True,"Company A (VATE) discloses substantial doubt about its ability to continue as a going concern with detailed liquidity covenant breaches and reliance on uncertain asset sales and refinancing, while Company B (PRLB) presents a strong liquidity position with sufficient cash and operating cash flow, indicating that VATE is actively revealing a material liquidity risk that PRLB is not downplaying but simply not exposed to.",PRLB,1.0,0.501738,2025-08-05,2025-07-31,,cb3c3ec0252057f7,16104ea4371942cd
peer,ITW,10-Q,MD&A,operational_product,,,,True,"Company A (ITW) provides only generic, positive statements about operational excellence without acknowledging any risks or costs, while Company B (IR) explicitly discloses significant restructuring and transformation costs, indicating active operational challenges that ITW appears to be downplaying or concealing.",IR,1.0,2.371601,2025-08-01,2025-07-31,,bdb684b1fb451fae,e320e2f1764928f7
peer,SEI,10-Q,MD&A,human_capital,,,,True,"OIS provides only a generic cross-reference with no substantive discussion of human capital costs or risks, while SEI details significant increases in salaries, benefits, and related expenses, suggesting OIS is downplaying a material cost risk evident in the industry.",OIS,2.0,0.091029,2025-08-01,2025-07-31,,8c48ddf800133d75,cf1d1f53f59a17c6
peer,SEI,10-Q,MD&A,supply_chain,,,,True,"OIS provides only a generic mention of raw materials without addressing supply chain risks, while SEI details specific supply chain constraints and their impact, suggesting OIS may be downplaying a material supply chain risk.",OIS,2.0,0.091029,2025-08-01,2025-07-31,,293d7bfa82a7a61b,f897474ef79f4ac9
peer,SEI,10-Q,Risk Factors,accounting_audit,,,,True,"OIS provides only generic boilerplate about accounting controls and recent pronouncements without addressing the material accounting risks related to Convertible Senior Notes that SEI explicitly discloses, suggesting OIS is downplaying a clearly material accounting risk.",OIS,2.0,0.091029,2025-08-01,2025-07-31,,cff4325ebc12ad94,f7cd249151e7df1f
peer,SEI,10-Q,Risk Factors,geopolitical_macro,,,,True,"OIS provides no substantive discussion of tariffs or trade measures despite clear exposure to international operations and currency risks, suggesting downplaying of a material geopolitical trade risk that SEI explicitly addresses.",OIS,2.0,0.091029,2025-08-01,2025-07-31,,515299e04714e44d,167e789a61e2759d
peer,SEI,10-Q,Risk Factors,regulatory_legal,,,,True,"Company B provides only a generic, minimal disclosure on legal and regulatory risks despite being in the same industry where Company A details specific lawsuits and regulatory challenges, suggesting Company B may be downplaying material legal risks.",OIS,2.0,0.091029,2025-08-01,2025-07-31,,ff27d7e68fe31922,5af351d01ce32bc7
peer,VMI,10-Q,MD&A,accounting_audit,,,,True,"VMI provides only a minimal, boilerplate mention of non-GAAP measures with no substantive discussion of critical accounting estimates or audit risks, while PRLB offers detailed disclosures on accounting estimates, recent pronouncements, fair value hierarchy, and critical accounting policies, suggesting VMI is downplaying significant accounting and audit risks material to its financial reporting.",PRLB,2.0,3.674874,2025-07-31,2025-07-31,,c5a80603a977a66c,492d8448cf9844bd
peer,VMI,10-Q,MD&A,debt_financing,,,,True,"PRLB provides almost no substantive disclosure on debt financing risks despite being a peer in the same industry where VMI details extensive debt structure, covenants, and credit rating considerations, suggesting PRLB is downplaying a material risk.",PRLB,2.0,3.674874,2025-07-31,2025-07-31,,6503f72f5f04a3ca,fea25a0812ad5b12
peer,VMI,10-Q,MD&A,geopolitical_macro,,,,True,"PRLB provides only generic foreign currency translation disclosures without addressing broader geopolitical and macroeconomic risks that VMI identifies as actively impacting its business, suggesting PRLB may be downplaying material macroeconomic and geopolitical risks.",PRLB,2.0,3.674874,2025-07-31,2025-07-31,,baa6fdf4f65beb42,5ba37f936879d5e7
peer,FLS,10-Q,MD&A,operational_product,,,,True,"ITT provides minimal and generic disclosure on operational and product risks despite being in a similar industrial aftermarket business where FLS details active programs addressing product complexity and operational excellence, suggesting ITT may be downplaying material operational risks.",ITT,1.0,1.293938,2025-07-30,2025-07-31,,6a676fb66a108cdc,f1298eb1ce29ea94
peer,FLS,10-Q,MD&A,regulatory_legal,,,,True,"FLS provides minimal disclosure on regulatory and legal risks related to the OBBBA, while ITT offers extensive, detailed discussion of multiple regulatory, tax, environmental, and legal risks, suggesting FLS may be downplaying significant exposures.",ITT,1.0,1.293938,2025-07-30,2025-07-31,,a2d4ec8f50819391,f8a5715a61894823
peer,FLS,10-Q,MD&A,supply_chain,,,,True,"Company B provides minimal and generic disclosure on supply chain risks despite indicating increased complexity and uncertainty, while Company A details numerous specific supply chain challenges and their potential impacts, suggesting Company B is downplaying a material risk evident in the industry.",ITT,1.0,1.293938,2025-07-30,2025-07-31,,73ae9448960bac64,c119d427f91f3d9f
peer,IEX,10-Q,MD&A,human_capital,,,,True,"ITT provides minimal discussion on human capital risks despite acknowledging skilled labor shortages impacting manufacturing, whereas IEX offers detailed disclosures on severance, restructuring, and compensation, suggesting ITT may be downplaying a material workforce risk.",ITT,1.0,0.697113,2025-07-30,2025-07-31,,1688c9a3356c6cc0,1b1b17deb3a8573a
peer,GTLS,10-Q,MD&A,accounting_audit,,,,True,"VMI provides only a generic statement about non-GAAP measures without discussing critical accounting estimates, while GTLS details significant judgment areas, suggesting VMI is downplaying material accounting and audit risks relevant to its financial reporting.",VMI,1.0,2.728413,2025-07-29,2025-07-31,,30b5efa1f99f91ef,c5a80603a977a66c
peer,GTLS,10-Q,MD&A,human_capital,,,,True,"GTLS provides only generic boilerplate on human capital costs while VMI discloses significant severance expenses tied to organizational realignments, suggesting GTLS may be downplaying active workforce-related risks.",VMI,1.0,2.728413,2025-07-29,2025-07-31,,71d7c8019b079aeb,024335eae1a805c1
peer,GTLS,10-Q,MD&A,regulatory_legal,,,,True,"VMI provides minimal disclosure on a legal risk with vague impact and no quantification, while GTLS offers extensive, detailed discussion of regulatory and legal risks including specific conditions, potential impacts, and mitigation efforts, suggesting VMI may be downplaying a material legal risk.",VMI,1.0,2.728413,2025-07-29,2025-07-31,,88613525507b8b66,6c2ec1cdb9be95f9
peer,GTLS,10-Q,MD&A,supply_chain,,,,True,"VMI provides only a generic description of a supplier finance program without addressing supply chain risks, while GTLS explicitly discusses geopolitical unrest impacting global supply chains, suggesting VMI is downplaying a material industry-wide supply chain risk.",VMI,1.0,2.728413,2025-07-29,2025-07-31,,837c800dfe1c574e,baac04705cd8bcef
peer,GRC,10-Q,MD&A,human_capital,,,,True,"Company B (ITT) briefly acknowledges skilled labor shortages and higher labor costs, while Company A (GRC) omits any mention of labor market challenges despite being in the same industry, suggesting potential downplaying of a material human capital risk by ITT's peer.",ITT,2.0,1.733856,2025-07-28,2025-07-31,,3c54fd8ab07a4c3c,1b1b17deb3a8573a
peer,GRC,10-Q,MD&A,regulatory_legal,,,,True,"GRC provides only a minimal, generic statement on legal proceedings despite industry-wide regulatory and environmental risks that ITT details extensively, suggesting GRC is downplaying material regulatory and legal risks.",ITT,2.0,1.733856,2025-07-28,2025-07-31,,ec2818eb00a9e8db,f8a5715a61894823
peer,GGG,10-Q,MD&A,regulatory_legal,,,,True,"Company A (GGG) provides only a generic boilerplate cautionary statement with no substantive discussion of regulatory or legal risks, while Company B (ITT) offers detailed, specific disclosures on multiple active legal and environmental risks, suggesting GGG is downplaying material regulatory/legal exposures evident in the industry.",ITT,1.0,0.529819,2025-07-23,2025-07-31,,4040e61580b2a29a,f8a5715a61894823
peer,TRS,10-Q,MD&A,accounting_audit,,,,True,"MTRN provides only generic boilerplate on critical accounting policies without substantive discussion, while TRS offers detailed disclosures on new accounting pronouncements, fair value measurements, income taxes, and critical accounting judgments, suggesting MTRN is downplaying material accounting and audit risks relevant to its business.",MTRN,1.0,0.930727,2025-07-29,2025-07-30,,66cbcee5d85f5b51,1b54a8a48fc3b0ee
peer,TRS,10-Q,MD&A,human_capital,,,,True,"MTRN provides only a minimal, generic explanation of SG&A expense changes related to human capital costs, while TRS offers detailed, quantifiable disclosures on realignment costs, equity awards, and employee-related expenses, suggesting MTRN may be downplaying material human capital risks.",MTRN,1.0,0.930727,2025-07-29,2025-07-30,,d8e4ced45d58ae04,ae4f4f4b19999359
peer,TRS,10-Q,MD&A,operational_product,,,,True,"MTRN provides no discussion of operational or product-related risks despite being in the same industry where TRS highlights significant volatility impacting operations, suggesting MTRN is downplaying a clearly material operational risk.",MTRN,1.0,0.930727,2025-07-29,2025-07-30,,4e8c689300ff1503,7e6e5d3cb89bdcff
peer,GGG,10-Q,MD&A,regulatory_legal,,,,True,"GGG provides only a generic forward-looking statement disclaimer with no substantive discussion of legal or regulatory risks, while IEX details active, material legal proceedings and tax-related regulatory impacts, suggesting GGG is downplaying significant regulatory and legal risks evident in the industry.",IEX,2.0,0.760089,2025-07-23,2025-07-30,,4040e61580b2a29a,5d78ba138f47407e
peer,AZZ,10-Q,MD&A,financial_sustainability,,,,True,"MTRN provides only generic, boilerplate statements about capital expenditures and dividends without addressing significant capital commitments or financial risks that AZZ explicitly discloses, suggesting MTRN may be downplaying material financial sustainability risks.",MTRN,2.0,0.191907,2025-07-09,2025-07-30,,f825dd7dff0d08e0,29f62e5af7b8d67b
peer,AZZ,10-Q,MD&A,geopolitical_macro,,,,True,"AZZ provides minimal and vague discussion on geopolitical and macroeconomic risks despite being in an industry clearly affected by such factors, whereas MTRN offers a detailed and explicit assessment of these risks, suggesting AZZ may be downplaying material exposures.",MTRN,2.0,0.191907,2025-07-09,2025-07-30,,d382b272feb643c8,f219e05b6f345330
peer,FTNT,10-Q,Risk Factors,financial_sustainability,,,,True,"FTNT provides extensive, detailed disclosures on multiple financial sustainability risks including fixed costs, insurance gaps, tax liabilities, and restructuring impacts, while LOGI offers only a brief, generic mention of tax reform impacts, suggesting LOGI may be downplaying significant financial sustainability risks evident in the industry.",LOGI,2.0,1.764525,2025-08-08,2025-07-30,,1f59597aef4cb326,338d900d62f2fc4d
peer,FTNT,10-Q,Risk Factors,geopolitical_macro,,,,True,"Company B (LOGI) provides only a narrow discussion focused on tax law changes, while Company A (FTNT) extensively details broad and material geopolitical and macroeconomic risks directly impacting its global operations, suggesting LOGI is downplaying significant geopolitical and macroeconomic risks relevant to its industry exposure.",LOGI,2.0,1.764525,2025-08-08,2025-07-30,,383819e4fc81f75b,02829e080711a9f8
peer,FTNT,10-Q,Risk Factors,revenue_future_performance,,,,True,"Company B provides near-zero substance on revenue future performance risk, while Company A extensively details numerous active, material factors affecting revenue variability, suggesting Company B is downplaying a clearly material risk.",LOGI,2.0,1.764525,2025-08-08,2025-07-30,,27a3beae5c935716,a1c9b65fe447d401
peer,GENC,10-Q,MD&A,regulatory_legal,,,,True,"Company A (GENC) provides only generic, boilerplate disclosure on regulatory and legal risks with no mention of active, material litigation or contingent liabilities, whereas Company B (CMCO) details extensive, quantifiable legal exposures including asbestos, product liability, and complex tax litigation, suggesting GENC is downplaying significant industry-wide legal risks.",CMCO,2.0,0.061852,2025-08-08,2025-07-30,,d9b7c07142f8e844,9fedbf399a363eb1
peer,NPK,10-Q,MD&A,geopolitical_macro,,,,True,"RGR provides only generic boilerplate on geopolitical and macro risks despite clear industry exposure, while NPK details specific impacts such as tariffs and defense sales, suggesting RGR is downplaying material geopolitical risks.",RGR,1.0,0.103318,2025-08-08,2025-07-30,,cd452116bc894681,7d6575ce926b5564
peer,NPK,10-Q,MD&A,supply_chain,,,,True,"NPK provides minimal and vague disclosure on supply chain risks despite operating in a segment likely affected by vendor and material supply issues, whereas RGR offers detailed, specific risks and impacts, suggesting NPK may be downplaying a material supply chain risk.",RGR,1.0,0.103318,2025-08-08,2025-07-30,,cb9d4d56c6b7f5bd,b1b29008079dbe5b
peer,PSIX,10-Q,MD&A,financial_sustainability,,,,True,"PSIX provides only generic, high-level statements about growth and balance sheet strength without addressing material financial risks or restructuring impacts that BC explicitly quantifies and discusses, suggesting PSIX may be downplaying significant financial sustainability risks evident in the industry.",BC,1.0,0.522744,2025-08-08,2025-07-30,,28721aa8d30e56ff,c3f2da4515861b9b
peer,PSIX,10-Q,MD&A,regulatory_legal,,,,True,"Company B provides minimal and generic disclosure on environmental regulatory risks despite being in the same industry where Company A details specific regulatory bodies and related legal settlements, suggesting Company B may be downplaying a material risk.",BC,1.0,0.522744,2025-08-08,2025-07-30,,674765032a533fa2,492231207a5b5c38
peer,XPEL,10-Q,MD&A,financial_sustainability,,,,True,"RGR provides detailed discussion on capital expenditures, dividend policy, and insurance self-insurance practices indicating active financial sustainability management, while XPEL offers only generic goodwill and asset descriptions without addressing financial sustainability risks, suggesting potential downplaying of material financial sustainability risks.",RGR,1.0,0.037562,2025-08-08,2025-07-30,,76a17fbe6920cde4,02c19081000368fd
peer,XPEL,10-Q,MD&A,geopolitical_macro,,,,True,"RGR provides only generic boilerplate on geopolitical and macro risks despite being in an industry highly sensitive to such factors, while XPEL offers specific, detailed disclosures indicating active management of these risks, suggesting RGR is downplaying a material risk.",RGR,1.0,0.037562,2025-08-08,2025-07-30,,1e54dbf492f0b4d3,7d6575ce926b5564
peer,MIDD,10-Q,MD&A,financial_sustainability,,,,True,"Company B (HAYW) provides extensive detailed financial disclosures and discusses specific financial risks and hedging strategies, while Company A (MIDD) offers only minimal qualitative commentary on financial sustainability, suggesting potential downplaying of material financial risks.",HAYW,1.0,3.167271,2025-08-07,2025-07-30,,79140548c250b2dd,57515a323aeb4b5c
peer,MIDD,10-Q,MD&A,regulatory_legal,,,,True,"Company A (MIDD) provides no substantive disclosure on legal and regulatory risks despite being in the same industry where Company B (HAYW) details multiple active, material litigation matters and contingent liabilities, suggesting MIDD is downplaying significant legal risks.",HAYW,1.0,3.167271,2025-08-07,2025-07-30,,14bebb2afeb9cbca,1055371c34a6cac3
peer,MIDD,10-Q,MD&A,supply_chain,,,,True,"HAYW provides only generic operational details without acknowledging ongoing supply chain constraints that MIDD explicitly identifies as negatively impacting its business, suggesting HAYW may be downplaying a material industry-wide supply chain risk.",HAYW,1.0,3.167271,2025-08-07,2025-07-30,,30a6aab1513e436b,0c1b1e6146f9db46
peer,TNC,10-Q,MD&A,financial_sustainability,,,,True,"Company A (TNC) provides only a generic statement about striving for financial sustainability with no substantive detail, while Company B (HAYW) offers extensive, detailed financial disclosures indicating active management and material financial risks, suggesting TNC is downplaying a clearly material financial sustainability risk.",HAYW,2.0,1.103584,2025-08-07,2025-07-30,,ba79bbd430d83cb7,57515a323aeb4b5c
peer,TNC,10-Q,MD&A,operational_product,,,,True,"TNC provides only generic statements on operational and product challenges without quantifying warranty costs or related financial impacts, whereas HAYW discloses detailed, quantifiable warranty reserves and expenses, suggesting TNC may be downplaying a material operational risk evident in the industry.",HAYW,2.0,1.103584,2025-08-07,2025-07-30,,690b56fd2126c489,f49474d5e8c2f943
peer,TNC,10-Q,MD&A,regulatory_legal,,,,True,"TNC provides only a generic disclosure about a recent accounting standard update, while HAYW details extensive ongoing litigation and legal risks material to its business, suggesting TNC is downplaying or concealing significant regulatory and legal risks.",HAYW,2.0,1.103584,2025-08-07,2025-07-30,,5f3088674ce65d7a,1055371c34a6cac3
peer,TNC,10-Q,Risk Factors,financial_sustainability,,,,True,"Company A provides no substantive discussion of financial sustainability risks despite the peer highlighting specific insurance-related financial risks, suggesting potential concealment of material financial vulnerabilities.",HAYW,2.0,1.103584,2025-08-07,2025-07-30,,91fd7b788bcc52ee,fa24940db2147dee
peer,TNC,10-Q,Risk Factors,operational_product,,,,True,"TNC provides only generic positive statements about innovation without addressing significant operational product risks that HAYW explicitly details, suggesting TNC may be downplaying material risks related to AI product performance and recalls.",HAYW,2.0,1.103584,2025-08-07,2025-07-30,,d432a8f007d84e6e,94a156f1bbc67ec6
peer,TNC,10-Q,Risk Factors,regulatory_legal,,,,True,"TNC provides only a generic reference to legal proceedings with no substantive discussion of regulatory or product liability risks that HAYW details extensively, suggesting TNC may be downplaying material legal and regulatory risks evident in their industry.",HAYW,2.0,1.103584,2025-08-07,2025-07-30,,a0c837ae216212d3,8f973605c5de8fda
peer,XRX,10-Q,MD&A,operational_product,,,,True,"LOGI provides only generic mitigation steps without quantifying or acknowledging material restructuring costs that XRX explicitly details, suggesting LOGI may be downplaying significant operational product risks evident in the industry.",LOGI,1.0,1.063842,2025-08-07,2025-07-30,,c8bf2b10751a7e25,b830bd0be30a9f96
peer,XRX,10-Q,MD&A,supply_chain,,,,True,"XRX provides minimal disclosure on supply chain risks despite operating a large manufacturing facility in Mexico, while LOGI details substantial non-cancelable purchase commitments indicating active supply chain exposure, suggesting XRX may be downplaying material supply chain risks.",LOGI,1.0,1.063842,2025-08-07,2025-07-30,,e867f7a0bedb7d10,6168138c713bc873
peer,XRX,10-Q,Risk Factors,revenue_future_performance,,,,True,"LOGI provides minimal and generic disclosure on a material acquisition-related risk that XRX details extensively, suggesting LOGI may be downplaying significant integration and revenue realization risks.",LOGI,1.0,1.063842,2025-08-07,2025-07-30,,0bfc44fa9c58b6cb,a1c9b65fe447d401
peer,ASTE,10-Q,MD&A,operational_product,,,,True,"CMCO provides detailed discussion on product-related operational risks including warranties, service integration, and strategic acquisitions, while ASTE offers only minimal, unrelated restructuring charge details, suggesting ASTE is downplaying material operational product risks evident in the industry.",CMCO,2.0,0.03789,2025-08-06,2025-07-30,,f3250b9d34ff404d,462869abe213198b
peer,ASTE,10-Q,MD&A,regulatory_legal,,,,True,"ASTE provides only a generic statement about monitoring compliance with governmental actions, while CMCO discloses extensive, detailed, and quantifiable legal and regulatory risks including ongoing litigation, asbestos liabilities, and environmental matters, suggesting ASTE is downplaying material regulatory and legal risks evident in the industry.",CMCO,2.0,0.03789,2025-08-06,2025-07-30,,f633a60fb4137fcd,9fedbf399a363eb1
peer,AXON,10-Q,MD&A,geopolitical_macro,,,,True,"RGR provides only generic boilerplate on geopolitical and macro risks despite clear exposure, while AXON discloses detailed, quantifiable impacts including foreign currency losses and investment valuation changes, suggesting RGR is downplaying a material risk.",RGR,1.0,4.390567,2025-08-05,2025-07-30,,193a5ad6725cf2c0,7d6575ce926b5564
peer,AXON,10-Q,MD&A,regulatory_legal,,,,True,"AXON provides no substantive discussion of regulatory and legal risks related to its operations, while RGR explicitly details multiple regulatory exposures and potential impacts, suggesting AXON is downplaying material regulatory risks evident in the industry.",RGR,1.0,4.390567,2025-08-05,2025-07-30,,d60127b0dca893b5,96ff8f46a8955777
peer,AXON,10-Q,MD&A,supply_chain,,,,True,"AXON provides virtually no substantive discussion of supply chain risks despite being in an industry where such risks are clearly material, unlike RGR which details specific supply chain dependencies and risks, suggesting AXON is downplaying a material risk.",RGR,1.0,4.390567,2025-08-05,2025-07-30,,6cf727ce4aeba7fd,b1b29008079dbe5b
peer,CMI,10-Q,MD&A,financial_sustainability,,,,True,"Company B provides only generic, boilerplate discussion of financial sustainability without addressing pension funding or dividend increases, while Company A details material pension funding status and dividend policies, suggesting Company B is downplaying significant financial sustainability risks.",BC,2.0,3.802546,2025-08-05,2025-07-30,,dfe6b59459c77ea8,c3f2da4515861b9b
peer,CMI,10-Q,MD&A,geopolitical_macro,,,,True,"Company B provides only generic, boilerplate statements on geopolitical and macroeconomic risks including tariffs and currency fluctuations, while Company A offers detailed, specific disclosures on tariff impacts, regulatory settlements, currency effects, and segment-level impacts, indicating Company B is downplaying material risks evident in the industry.",BC,2.0,3.802546,2025-08-05,2025-07-30,,6aaf290b8c0450ab,489fe7f4527b5167
peer,CMI,10-Q,Risk Factors,cost_margin_pressure,,,,True,"Company B provides only a generic statement about limited ability to recover cost increases, while Company A details active tariff-related cost impacts, mitigation efforts, and quantifiable effects on margins and EBITDA, suggesting Company B is downplaying a clearly material cost and margin pressure risk evident in the industry.",BC,2.0,3.802546,2025-08-05,2025-07-30,,c6a380f31e49471a,2f517e12d73eea31
peer,CMI,10-Q,Risk Factors,financial_sustainability,,,,True,"Company B provides only a vague, generic statement about financial risks while Company A offers detailed, specific disclosures on pension funding, dividend policy, capital expenditures, and joint venture obligations, suggesting Company B is downplaying material financial sustainability risks.",BC,2.0,3.802546,2025-08-05,2025-07-30,,ea79ff06d008325d,449609fac68e0055
peer,ZBRA,10-Q,MD&A,supply_chain,,,,True,"GTES provides minimal and generic disclosure on supply chain risks despite industry-wide challenges highlighted by ZBRA, suggesting potential downplaying of a material risk.",GTES,1.0,0.538583,2025-08-05,2025-07-30,,36f24ca0405950fb,8d0ece96bea4c596
peer,BWXT,10-Q,MD&A,financial_sustainability,,,,True,"Company B provides no substantive discussion of financial sustainability risks such as pension obligations or long-term liabilities, which are material and actively disclosed by peer Company A, suggesting potential downplaying of a key financial risk.",BC,1.0,0.71512,2025-08-04,2025-07-30,,442faa3e7574f0ba,c3f2da4515861b9b
peer,BWXT,10-Q,MD&A,operational_product,,,,True,"Company B provides no substantive discussion of operational or product risks in its MD&A despite being a peer in the industrial sector, suggesting potential concealment or downplaying of material operational risks that Company A explicitly details.",BC,1.0,0.71512,2025-08-04,2025-07-30,,773318ba980212db,3978b9b4bea74b13
peer,CNH,10-Q,MD&A,supply_chain,,,,True,"CMCO provides only generic, positive statements about supply chain management without acknowledging ongoing disruptions or risks that CNH explicitly details as materially affecting their business, suggesting CMCO may be downplaying a clearly material industry-wide supply chain risk.",CMCO,2.0,1.836531,2025-08-04,2025-07-30,,b8d563d7334faf44,e13bad0d793b9b44
peer,ITT,10-Q,MD&A,accounting_audit,,,,True,"FLS provides only minimal, generic disclosure on critical accounting estimates and audit oversight, while ITT offers detailed, specific discussion of accounting changes, estimates, and audit committee involvement, suggesting FLS is downplaying a material accounting and audit risk.",FLS,2.0,0.840801,2025-07-31,2025-07-30,,8dc13b0a2cc482e2,86a784fdca9c8cb4
peer,ITT,10-Q,MD&A,regulatory_legal,,,,True,"FLS provides only a minimal, generic statement about evaluating the tax reform impact, while ITT offers detailed disclosure on multiple tax risks, ongoing examinations, and environmental liabilities, suggesting FLS is downplaying significant regulatory and legal risks material to the industry.",FLS,2.0,0.840801,2025-07-31,2025-07-30,,f8a5715a61894823,a2d4ec8f50819391
peer,ITT,10-Q,Risk Factors,geopolitical_macro,,,,True,"FLS provides extensive, quantified disclosure on foreign currency risk, a key geopolitical macro risk, while ITT omits any mention of foreign exchange exposure, suggesting ITT is downplaying a material industry-wide risk.",FLS,2.0,0.840801,2025-07-31,2025-07-30,,ca9eb9ff15bcbd8c,ee0897a31e8690bd
peer,XYL,10-Q,MD&A,supply_chain,,,,True,"XYL provides only a minimal, generic mention of supply chain delays despite being in the same industry where FLS details extensive, specific supply chain risks and mitigation efforts, suggesting XYL is downplaying a clearly material risk.",FLS,2.0,3.7169,2025-07-31,2025-07-30,,cf57098709be0fed,73ae9448960bac64
peer,XYL,10-Q,Risk Factors,debt_financing,,,,True,"FLS provides only a minimal, generic statement on credit risk exposure without discussing its own debt financing or access to capital markets, unlike XYL which details its debt levels, repayments, interest expenses, and financing risks, suggesting FLS may be downplaying a material debt financing risk.",FLS,2.0,3.7169,2025-07-31,2025-07-30,,c1791b6cb9ad5b50,0b4d447a327512a6
peer,XYL,10-Q,Risk Factors,financial_sustainability,,,,True,"FLS provides only a generic, boilerplate statement on financial risks while XYL discloses specific, quantifiable restructuring costs and detailed financial management actions, suggesting FLS is downplaying a material financial sustainability risk evident in the industry.",FLS,2.0,3.7169,2025-07-31,2025-07-30,,cc9c8723302bb062,a322d2cf1e83c352
peer,XYL,10-Q,Risk Factors,revenue_future_performance,,,,True,"FLS provides only a generic reference to forward-looking statements without substantive discussion of revenue future performance risks, while XYL offers detailed, quantifiable analysis of revenue growth drivers and risks, suggesting FLS is downplaying a material risk evident in the industry.",FLS,2.0,3.7169,2025-07-31,2025-07-30,,24796694a50bf226,4406ca638bf346be
peer,XYL,10-Q,MD&A,supply_chain,,,,True,"XYL provides only a vague, minimal mention of supply chain delays without addressing active risks or mitigation, while IEX details specific supply chain challenges and concrete actions taken, suggesting XYL is downplaying a material supply chain risk evident in the industry.",IEX,1.0,3.521259,2025-07-31,2025-07-30,,cf57098709be0fed,0637de8b29f9991b
peer,FLS,10-Q,MD&A,regulatory_legal,,,,True,"FLS provides minimal and vague disclosure on regulatory and legal risks despite industry-wide active legal and regulatory challenges detailed extensively by IEX, suggesting potential downplaying of material risks.",IEX,2.0,1.496337,2025-07-30,2025-07-30,,a2d4ec8f50819391,5d78ba138f47407e
peer,FLS,10-Q,MD&A,supply_chain,,,,True,"IEX provides only a minimal, generic statement on supply chain risks despite industry-wide challenges detailed extensively by FLS, suggesting IEX may be downplaying a material risk.",IEX,2.0,1.496337,2025-07-30,2025-07-30,,73ae9448960bac64,0637de8b29f9991b
peer,IEX,10-Q,MD&A,regulatory_legal,,,,True,"FLS provides minimal and vague disclosure on regulatory and legal risks compared to IEX's detailed discussion of multiple active legal and tax issues, suggesting FLS may be downplaying material regulatory risks.",FLS,2.0,0.792917,2025-07-30,2025-07-30,,5d78ba138f47407e,a2d4ec8f50819391
peer,IEX,10-Q,MD&A,supply_chain,,,,True,"IEX provides minimal and generic disclosure on supply chain risks despite being in the same industry where FLS details extensive, specific, and quantifiable supply chain challenges and mitigation strategies, suggesting IEX may be downplaying a material risk.",FLS,2.0,0.792917,2025-07-30,2025-07-30,,0637de8b29f9991b,73ae9448960bac64
peer,TKR,10-Q,MD&A,regulatory_legal,,,,True,"FLS provides only a minimal, generic statement about evaluating the OBBBA impact, while TKR details multiple specific regulatory and financial risks related to the legislation, suggesting FLS is downplaying a clearly material regulatory and tax risk.",FLS,1.0,0.686138,2025-07-30,2025-07-30,,809a1fc24f4e6304,a2d4ec8f50819391
peer,BALL,10-Q,MD&A,regulatory_legal,,,,True,"CCK provides detailed discussion on tax law changes and their potential impacts, while Ball offers only generic boilerplate on legal and environmental contingencies without addressing significant tax regulatory risks, suggesting Ball may be downplaying a material regulatory risk.",CCK,1.0,1.112157,2025-08-05,2025-07-29,,105fe3ca0e66db09,bd5f086597bea1e0
peer,FTEK,10-Q,MD&A,geopolitical_macro,,,,True,"FTEK provides minimal and generic disclosure on geopolitical and foreign exchange risks despite clear evidence from CECO that these are active, material risks affecting international operations and financial results in the industry.",CECO,2.0,1.077382,2025-08-05,2025-07-29,,9ff8c934900ad4f7,1c9e4535ec0b6bd6
peer,MTRN,10-Q,MD&A,operational_product,,,,True,"Company A provides only generic R&D expense description with no mention of operational risks, while Company B explicitly discusses significant operational challenges affecting efficiency, suggesting Company A is downplaying material operational risks.",TRS,1.0,1.832934,2025-07-30,2025-07-29,,7e6e5d3cb89bdcff,4e8c689300ff1503
peer,MTRN,10-Q,MD&A,regulatory_legal,,,,True,"TRS provides extensive, detailed disclosure on significant asbestos-related liabilities and litigation risks, while MTRN offers no mention of asbestos or related legal risks despite being in the same industry, suggesting MTRN is downplaying a material regulatory/legal risk evident in its peer's disclosures.",TRS,1.0,1.832934,2025-07-30,2025-07-29,,002a1d1e977e8323,cda96824516d1772
peer,DOV,10-Q,MD&A,geopolitical_macro,,,,True,"DOV provides near-zero substance on geopolitical and macroeconomic risks that are clearly material to NOV's business, suggesting DOV is downplaying significant industry-wide geopolitical and market volatility threats.",NOV,2.0,0.698315,2025-07-24,2025-07-29,,47e719ea34687847,237e02e1098b40a7
peer,BKR,10-Q,MD&A,regulatory_legal,,,,True,"NOV provides detailed disclosure on significant legal and regulatory costs and reserves, while BKR offers only a generic emissions reduction commitment with no mention of related regulatory or legal risks, suggesting BKR may be downplaying material regulatory/legal risks affecting its operations.",NOV,2.0,5.143369,2025-07-23,2025-07-29,,cede6ba06230c1d2,a74753a17bc83b80
peer,BKR,10-Q,MD&A,supply_chain,,,,True,"BKR provides only a generic statement about rig activity without addressing the significant rig count fluctuations that NOV quantifies, suggesting BKR is downplaying a material supply chain risk evident in industry-wide rig count changes.",NOV,2.0,5.143369,2025-07-23,2025-07-29,,e6e17d3777760ea9,9d8b1d126e90c68d
peer,WFRD,10-Q,MD&A,supply_chain,,,,True,"NOV provides no substantive discussion of supply chain risks despite industry-wide challenges highlighted by WFRD, suggesting potential downplaying of a material risk.",NOV,1.0,0.620643,2025-07-23,2025-07-29,,6fa51d34c1dc1aba,9d8b1d126e90c68d
peer,WFRD,10-Q,Risk Factors,debt_financing,,,,True,"Company B provides only a generic boilerplate statement about furnishing debt instruments upon request, while Company A offers detailed, substantive disclosures on its debt financing, indicating Company B is downplaying a clearly material risk.",NOV,1.0,0.620643,2025-07-23,2025-07-29,,bad877f0f735faf7,f3195ad630f6569f
peer,SNA,10-Q,Risk Factors,revenue_future_performance,,,,True,"Company B provides only a generic, boilerplate statement on competitive risks without substantive discussion, while Company A offers detailed, quantifiable disclosures on sales performance and market challenges, suggesting Company B is downplaying a clearly material risk to its revenue future performance.",SWK,2.0,2.863181,2025-07-17,2025-07-29,,0970705595710f47,c6355520b28222c8
peer,SNA,10-Q,Risk Factors,supply_chain,,,,True,"Company A provides only minimal inventory data with no discussion of supply chain risks, while Company B details extensive, specific supply chain vulnerabilities including geopolitical risks and material shortages, suggesting Company A is downplaying a clearly material industry-wide risk.",SWK,2.0,2.863181,2025-07-17,2025-07-29,,43b8f4e342916792,d9219a6c1e3fffcb
peer,PPIH,10-Q,MD&A,accounting_audit,,,,True,"PPIH discloses multiple material weaknesses in internal control over financial reporting and ongoing remediation efforts, while CECO provides only generic assurances of effective controls with no mention of material weaknesses, suggesting CECO may be downplaying significant control risks evident in its peer's disclosures.",CECO,2.0,0.844045,2025-09-15,2025-07-29,,63c0da8eb7d9be2d,c9b625afc7183600
peer,PPIH,10-Q,MD&A,financial_sustainability,,,,True,"CECO provides near-zero substantive disclosure on financial sustainability risks that PPIH addresses with detailed inventory, lease, and goodwill assessments, suggesting CECO is downplaying a material risk evident in the industry.",CECO,2.0,0.844045,2025-09-15,2025-07-29,,ef12b93010c0da79,75a69171a9463904
peer,PPIH,10-Q,MD&A,human_capital,,,,True,"CECO provides only generic, minimal disclosure on human capital despite increased headcount for growth, while PPIH details significant executive compensation changes and agreements, suggesting CECO may be downplaying material human capital risks.",CECO,2.0,0.844045,2025-09-15,2025-07-29,,6641f1ba9098832c,32d84dbc17141ec9
peer,PPIH,10-Q,MD&A,supply_chain,,,,True,"PPIH provides no substantive discussion of supply chain risks despite industry-wide challenges highlighted by CECO, suggesting potential concealment of a material risk.",CECO,2.0,0.844045,2025-09-15,2025-07-29,,04a297b897b75f4a,7c6f9b6b4a2c9370
peer,PPIH,10-Q,Risk Factors,accounting_audit,,,,True,"PPIH discloses multiple material weaknesses in internal controls over financial reporting and ongoing remediation efforts, while CECO claims effective controls with no material weaknesses or changes, suggesting PPIH is transparent about significant risks that CECO appears to downplay or conceal despite being a peer in the same industry.",CECO,2.0,0.844045,2025-09-15,2025-07-29,,c4f8a2df86be8b2f,5f2effc215c19a5c
peer,GEF,10-Q,MD&A,geopolitical_macro,,,,True,"CCK provides only generic, boilerplate statements about geopolitical risks and trade impacts without acknowledging active, material effects, while GEF details specific foreign exchange exposures, hedging strategies, and quantifiable impacts, suggesting CCK is downplaying a clearly material geopolitical risk to its global operations.",CCK,2.0,2.967747,2025-08-28,2025-07-29,,86162ef9d114708c,b82726d2fbbfcf46
peer,PKOH,10-Q,MD&A,cost_margin_pressure,,,,True,"Company A (PKOH) provides minimal discussion of cost and margin pressures, largely attributing changes to sales volume and generic cost-containment, while Company B (TRS) offers detailed, specific disclosures on inflation, raw material volatility, tariffs, labor costs, and active mitigation strategies, suggesting PKOH is downplaying significant industry-wide cost and margin risks.",TRS,1.0,1.939019,2025-08-07,2025-07-29,,23bcbc9936b4104c,ddd76651ae8d1c33
peer,PKOH,10-Q,MD&A,supply_chain,,,,True,"TRS provides detailed, quantifiable discussion of supply chain impacts and inventory management, while PKOH offers only a vague, minimal statement about tariffs, suggesting PKOH may be downplaying a material supply chain risk evident in the industry.",TRS,1.0,1.939019,2025-08-07,2025-07-29,,80f1b00b5edc3e71,1c6ab25427180de6
peer,SLGN,10-Q,MD&A,revenue_future_performance,,,,True,"CCK provides only generic forward-looking disclaimers without substantive discussion of revenue risks despite clear industry growth challenges highlighted by SLGN, suggesting potential downplaying of material revenue performance risks.",CCK,2.0,2.606808,2025-08-07,2025-07-29,,39dbefcd2e04b385,47544a1fb77d68e8
peer,SLGN,10-Q,MD&A,supply_chain,,,,True,"SLGN provides only a generic statement about negotiating payment terms while CCK details active management of significant supply chain disruptions and specific operational impacts, suggesting SLGN is downplaying a clearly material risk.",CCK,2.0,2.606808,2025-08-07,2025-07-29,,d60e47144eaa8c24,3597907f493fd878
peer,AP,10-Q,MD&A,human_capital,,,,True,"Company B provides a broad, detailed discussion of human capital risks and related operational factors, while Company A offers only minimal, narrowly focused information on a specific severance event, suggesting Company A is downplaying broader human capital risks material to its business.",GRC,1.0,0.14701,2025-08-12,2025-07-28,,b23eee9427fa4bd9,3c54fd8ab07a4c3c
peer,AP,10-Q,MD&A,regulatory_legal,,,,True,"Company A provides specific disclosure about a significant new regulatory act and ongoing evaluation of its impact, while Company B offers only a generic statement of no material changes, suggesting potential downplaying of regulatory risk by Company B.",GRC,1.0,0.14701,2025-08-12,2025-07-28,,9929d48348070265,ec2818eb00a9e8db
peer,KITT,10-Q,MD&A,cybersecurity_technology,,,,True,"EKSO provides no mention of cybersecurity or technology risks despite operating in the same industry where KITT highlights advanced autonomous software, suggesting EKSO is downplaying a material cybersecurity risk.",EKSO,1.0,0.008788,2025-08-11,2025-07-28,,633557de31af7cd1,d7c92f6755dfb2d2
peer,KITT,10-Q,MD&A,regulatory_legal,,,,True,"KITT provides only generic boilerplate on litigation and tax positions without addressing regulatory reimbursement risks that EKSO highlights as material and industry-wide, suggesting KITT may be downplaying a clearly relevant regulatory risk.",EKSO,1.0,0.008788,2025-08-11,2025-07-28,,74a3d1b35cb57fd8,26a42a189a3fe046
peer,KITT,10-Q,Risk Factors,operational_product,,,,True,"KITT provides no substantive discussion of product warranty or operational product risks despite being in a robotics industry where EKSO details active warranty liabilities and operational challenges, suggesting KITT is downplaying a material risk.",EKSO,1.0,0.008788,2025-08-11,2025-07-28,,944525ff5b8c557b,92adec12cbe9cba4
peer,EPAC,10-Q,MD&A,human_capital,,,,True,"MOG-A provides only generic statements about talent development without addressing material personnel cost changes, while EPAC discloses specific, quantifiable impacts on expenses related to human capital, suggesting MOG-A may be downplaying a material risk.",MOG-A,2.0,0.408032,2025-06-27,2025-07-25,,9ff2b76a5bc3f46f,5902d60bce169048
peer,LIQT,10-Q,MD&A,human_capital,,,,True,"MOG-A provides only generic statements about talent development without addressing specific human capital risks or impacts, while LIQT discloses concrete, material workforce changes and costs, suggesting MOG-A may be downplaying significant human capital risks.",MOG-A,2.0,0.487041,2025-08-13,2025-07-25,,f5e1cdd50ca2ef4e,5902d60bce169048
peer,LIQT,10-Q,MD&A,supply_chain,,,,True,"LIQT provides no substantive discussion of supply chain risks despite operating in a sector where MOG-A details active supply chain constraints affecting production and sales, suggesting LIQT may be downplaying a material risk.",MOG-A,2.0,0.487041,2025-08-13,2025-07-25,,c75e7d429825e2de,0e9190cd8e8789c2
peer,ETN,10-Q,MD&A,supply_chain,,,,True,"Company A provides only a minimal, generic mention of a supply chain finance program with no discussion of supply chain risks, while Company B details active supply chain constraints affecting production and sales, suggesting Company A is downplaying a material industry-wide supply chain risk.",MOG-A,2.0,4.105309,2025-08-05,2025-07-25,,d14095fdbc252189,0e9190cd8e8789c2
peer,DOV,10-Q,MD&A,financial_sustainability,,,,True,"DOV provides minimal and generic disclosure on financial sustainability, omitting any discussion of capital management, share repurchases, or financial position outlook that FTI details extensively, suggesting DOV may be downplaying material financial risks.",FTI,1.0,0.497942,2025-07-24,2025-07-24,,dcadbd95649f9e8b,6375faef2d2a615b
peer,DOV,10-Q,MD&A,geopolitical_macro,,,,True,"DOV provides almost no substantive discussion of geopolitical and macroeconomic risks despite clear industry-wide exposure shown by FTI's detailed analysis, suggesting DOV is downplaying a material risk.",FTI,1.0,0.497942,2025-07-24,2025-07-24,,47e719ea34687847,9faedcfd8e750580
peer,BKR,10-Q,MD&A,regulatory_legal,,,,True,"Company B provides no substantive disclosure on regulatory or legal risks related to environmental commitments, while Company A explicitly discusses significant emissions reduction targets, suggesting Company B may be downplaying a material industry-wide regulatory risk.",FTI,1.0,4.824832,2025-07-23,2025-07-24,,cede6ba06230c1d2,b03cdd7a67baf306
peer,BKR,10-Q,MD&A,supply_chain,,,,True,"BKR provides minimal and generic disclosure on supply chain risks despite clear industry exposure, while FTI discusses specific supply dynamics, suggesting BKR may be downplaying a material risk.",FTI,1.0,4.824832,2025-07-23,2025-07-24,,e6e17d3777760ea9,408e6be9b32b23c3
peer,CARR,10-Q,MD&A,accounting_audit,,,,True,"LII provides only a generic statement about recent accounting pronouncements with no discussion of critical accounting estimates, while CARR offers detailed disclosure on complex and sensitive accounting judgments, suggesting LII may be downplaying significant accounting and audit risks material to its financial reporting.",LII,2.0,3.108529,2025-07-29,2025-07-23,,6055bfa33f213a39,02149abe07d31ffe
peer,NOV,10-Q,MD&A,financial_sustainability,,,,True,"Company B provides detailed disclosures on foreign operations, currency risk, and specific cash flow impacts, while Company A offers only generic statements about market conditions and capital returns, suggesting Company A may be downplaying material financial sustainability risks evident in the industry.",WFRD,1.0,0.77678,2025-07-29,2025-07-23,,c78d8b369e96cfee,07ae80d1b21271e4
peer,FTI,10-Q,MD&A,human_capital,,,,True,"WFRD provides only a vague mention of personnel costs without addressing the material increase in employee-related expenses that FTI explicitly quantifies, suggesting WFRD may be downplaying significant human capital cost risks.",WFRD,2.0,1.210003,2025-07-24,2025-07-23,,f8296f39bd44673d,fddd4c8cf5097998
peer,JCI,10-Q,Risk Factors,cost_margin_pressure,,,,True,"JCI provides only a generic statement about cost increases potentially reducing demand, while LII offers detailed, quantifiable disclosures on commodity price volatility, inflationary impacts, tariffs, and mitigation strategies, suggesting JCI is downplaying a clearly material and active cost and margin pressure risk evident in the industry.",LII,2.0,3.199516,2025-08-06,2025-07-23,,c192ac237968e9b6,829578b4de5b54f9
peer,JCI,10-Q,Risk Factors,financial_sustainability,,,,True,"LII provides no substantive discussion of financial sustainability risks related to insurance coverage or liabilities, unlike JCI which details material exposures and potential adverse effects, suggesting LII may be downplaying a clearly material risk.",LII,2.0,3.199516,2025-08-06,2025-07-23,,c1f91f02743679f3,92eda755c6ecba40
peer,JCI,10-Q,Risk Factors,geopolitical_macro,,,,True,"LII provides no substantive discussion of geopolitical or trade risks despite operating internationally, while JCI details extensive and specific trade restrictions and tariffs affecting its global operations, suggesting LII is downplaying a clearly material industry-wide risk.",LII,2.0,3.199516,2025-08-06,2025-07-23,,311495308d800dd1,932f6ddbba923dfe
peer,JCI,10-Q,Risk Factors,human_capital,,,,True,"LII provides no substantive discussion of human capital risks despite clear material exposure indicated by rising employee-related costs, while JCI details specific labor challenges and their operational impacts, suggesting LII is downplaying a critical risk.",LII,2.0,3.199516,2025-08-06,2025-07-23,,b6d9757794480623,afd147ed134a04d6
peer,JCI,10-Q,Risk Factors,regulatory_legal,,,,True,"LII provides only generic boilerplate on legal risks without mentioning data privacy or cybersecurity, while JCI details specific, material regulatory and legal risks related to data privacy and cybersecurity incidents, suggesting LII is downplaying a clearly industry-relevant risk.",LII,2.0,3.199516,2025-08-06,2025-07-23,,510f9ecfe9859d74,e8676579fccdc57d
peer,HY,10-Q,MD&A,supply_chain,,,,True,"WFRD provides only generic, high-level statements on supply chain risks despite operating in an industry heavily impacted by geopolitical conflicts and supply disruptions, whereas HY offers detailed, specific disclosures on supply chain delays, cost increases, tariffs, and related risks, suggesting WFRD is downplaying a clearly material risk.",WFRD,1.0,0.216385,2025-08-05,2025-07-23,,03a5aecb48bf8a56,6fa51d34c1dc1aba
peer,RBC,10-Q,MD&A,accounting_audit,,,,True,"Company B (GGG) provides detailed quantitative disclosures on income taxes and related financial metrics, while Company A (RBC) offers only generic boilerplate about accounting estimates without addressing audit or accounting risks substantively, suggesting potential downplaying of material accounting risks by RBC.",GGG,2.0,0.402727,2025-08-01,2025-07-23,,3d53482ecee5092f,8ed019f305ac4c45
peer,TEX,10-Q,MD&A,human_capital,,,,True,"WFRD provides minimal and generic disclosure on human capital risks despite being in the same industry where TEX details active safety priorities, compensation impacts, and integration costs, suggesting WFRD may be downplaying material workforce-related risks.",WFRD,1.0,0.0653,2025-07-31,2025-07-23,,f5a9819cbcaa06d6,fddd4c8cf5097998
peer,TEX,10-Q,MD&A,regulatory_legal,,,,True,"WFRD provides only generic tax risk disclosures with no mention of significant new tax legislation or international tax changes that TEX details extensively, suggesting WFRD is downplaying material tax regulatory risks affecting the industry.",WFRD,1.0,0.0653,2025-07-31,2025-07-23,,8bed333c5d8128d2,36ff262fa38761e7
peer,TEX,10-Q,Risk Factors,financial_sustainability,,,,True,"Company B provides no substantive discussion of tariff-related financial risks that are material to Company A's business, suggesting potential concealment of a significant industry-wide financial sustainability risk.",WFRD,1.0,0.0653,2025-07-31,2025-07-23,,c29aa1d7cad27145,bb1eedf15f45e96a
peer,TEX,10-Q,Risk Factors,human_capital,,,,True,"WFRD provides only a narrow, technical disclosure about equity awards expense, omitting any discussion of broader human capital risks that TEX highlights as material to operations, suggesting WFRD may be downplaying a significant workforce-related risk.",WFRD,1.0,0.0653,2025-07-31,2025-07-23,,de314573190ce52a,e07d58c1e3ce4f4e
peer,AP,10-Q,MD&A,regulatory_legal,,,,True,"Company B provides only a generic boilerplate cautionary statement with no substantive discussion of regulatory or legal risks, while Company A actively discloses ongoing evaluation of significant new legislation and references detailed litigation and environmental matters, suggesting Company B is downplaying material regulatory/legal risks.",GGG,2.0,1.55926,2025-08-12,2025-07-23,,9929d48348070265,4040e61580b2a29a
peer,JBTM,10-Q,MD&A,accounting_audit,,,,True,"PNR provides only generic boilerplate on critical accounting policies without discussing key estimates like intangible asset valuation that JBTM details extensively, suggesting PNR is downplaying a material accounting risk evident in the industry.",PNR,2.0,2.051208,2025-08-07,2025-07-22,,1d573280283790e6,5cbac24c8132fdd0
peer,SWK,10-Q,MD&A,regulatory_legal,,,,True,"Company B (SNA) provides minimal and generic disclosure on legal and regulatory risks despite likely material exposure, while Company A (SWK) offers detailed, specific discussion including quantifiable impacts and ongoing assessments, suggesting SNA is downplaying a clearly material risk.",SNA,1.0,3.0954,2025-07-29,2025-07-17,,8f82642fc85f9686,8817f903c1987436
peer,SWK,10-Q,Risk Factors,revenue_future_performance,,,,True,"SWK provides only a generic statement about potential market share loss due to competitors' positioning without quantifying or discussing actual impacts on revenue, while SNA offers detailed, quantified disclosures on organic sales declines, segment performance, and geographic impacts, indicating SWK is downplaying a clearly material risk to future revenue performance.",SNA,1.0,3.0954,2025-07-29,2025-07-17,,c6355520b28222c8,0970705595710f47
peer,SWK,10-Q,Risk Factors,supply_chain,,,,True,"SNA provides almost no substantive discussion of supply chain risks despite its large inventory levels, while SWK offers detailed, specific disclosures about material supply chain vulnerabilities, suggesting SNA is downplaying a clearly material risk.",SNA,1.0,3.0954,2025-07-29,2025-07-17,,d9219a6c1e3fffcb,43b8f4e342916792
peer,CVV,10-Q,MD&A,financial_sustainability,,,,True,"SOTK provides only generic, boilerplate tax disclosures with no substantive discussion of deferred tax assets or impairment risks that CVV clearly identifies as material and actively monitored, suggesting SOTK is downplaying a significant financial sustainability risk.",SOTK,1.0,0.002079,2025-08-12,2025-07-10,,31d85bd7835d412a,44c362f2bd2db3b5
peer,MOG-A,10-Q,MD&A,accounting_audit,,,,True,"EPAC provides only a generic statement about critical accounting estimates without substantive discussion, while MOG-A details specific revenue recognition methods and critical accounting policies, suggesting EPAC is downplaying a material accounting risk.",EPAC,2.0,0.593364,2025-07-25,2025-06-27,,04409f90d7d3fac5,4b75c991f2f70ab9
peer,LIQT,10-Q,MD&A,geopolitical_macro,,,,True,"EPAC provides detailed quantification of currency impacts and tax effects, while LIQT only offers vague, generic statements about geopolitical risks without substance, suggesting LIQT is downplaying a material risk evident in its peer's disclosures.",EPAC,1.0,0.077645,2025-08-13,2025-06-27,,3be34a209df07347,b95e7819d3e1cabd
peer,TWIN,10-K,MD&A,regulatory_legal,,,,True,"TWIN provides no substantive disclosure on legal and regulatory risks despite industry-wide asbestos litigation risks that GHM explicitly details, suggesting TWIN may be downplaying or concealing material legal exposures.",GHM,1.0,0.035191,2025-09-05,2025-06-09,,18b82efe8005fd2b,0647e873a92e68ad
peer,WDC,10-K,Risk Factors,cybersecurity_technology,,,,True,"NTAP provides only generic, business-focused statements without acknowledging active cybersecurity threats or incidents, while WDC details extensive, material cybersecurity risks and past incidents, suggesting NTAP is downplaying a clearly material industry-wide risk.",NTAP,2.0,1.619978,2025-08-14,2025-06-09,,f3c63b6665c3b1af,c6d4cda2d198a388
peer,WDC,10-K,Risk Factors,geopolitical_macro,,,,True,"NTAP provides minimal discussion of geopolitical and macroeconomic risks despite clear exposure to international sanctions and currency fluctuations, whereas WDC offers detailed, explicit disclosure of these active, material risks, suggesting NTAP may be downplaying significant geopolitical and macroeconomic threats to its business.",NTAP,2.0,1.619978,2025-08-14,2025-06-09,,f3368d3e3976b2b9,3fefd1b511432eb6
peer,WDC,10-K,Risk Factors,operational_product,,,,True,"NTAP provides only generic, minimal disclosure on operational and product risks despite being in the same industry where WDC details extensive, specific risks including supply chain disruptions, product defects, recalls, and technology transitions, suggesting NTAP is downplaying material operational-product risks.",NTAP,2.0,1.619978,2025-08-14,2025-06-09,,47f0dee69e49ce2a,10d881086d05ad58
peer,STX,10-K,Risk Factors,operational_product,,,,True,"NTAP provides only generic descriptions of support services without addressing warranty costs or product failure risks that STX quantifies and actively manages, suggesting NTAP may be downplaying a material operational product risk.",NTAP,1.0,1.972089,2025-08-01,2025-06-09,,fabbf1944725ad7c,10d881086d05ad58
peer,INTZ,10-Q,MD&A,supply_chain,,,,True,"CIIT provides no substantive discussion of supply chain risks despite operating global logistics services, while INTZ explicitly details government-related supply chain risks, suggesting CIIT may be downplaying material supply chain vulnerabilities.",CIIT,1.0,0.000374,2025-08-12,2025-06-06,,86f5c85a8e441e2f,da58746bded4d491
peer,TRT,10-K,MD&A,debt_financing,,,,True,"SOTK provides minimal and generic disclosure on its debt financing compared to TRT's detailed and quantified discussion, suggesting SOTK may be downplaying a material financing risk evident in the industry.",SOTK,2.0,0.004335,2025-09-19,2025-05-28,,16d505e596d5c75f,16c7eb719cef554e
peer,TRT,10-K,MD&A,supply_chain,,,,True,"SOTK provides minimal and generic discussion on supply chain issues despite industry-wide disruptions highlighted by TRT, suggesting possible downplaying of a material risk.",SOTK,2.0,0.004335,2025-09-19,2025-05-28,,ca4e9f6d972043af,ba3eace881293cb8
peer,IBM,10-Q,MD&A,cybersecurity_technology,,,,True,"CSCO provides no substantive discussion of cybersecurity risks or threats despite operating in security and networking, whereas IBM explicitly acknowledges ongoing cybersecurity and regulatory risks, suggesting CSCO may be downplaying a material risk.",CSCO,1.0,0.775175,2025-07-24,2025-05-20,,1f9cadab59dcf4d9,afb22b6895795d8a
peer,IBM,10-Q,MD&A,financial_sustainability,,,,True,"CSCO provides only generic, boilerplate discussion of goodwill impairment and restructuring risks without quantifying or detailing the material impacts, while IBM offers extensive, specific disclosures on goodwill, intangible assets, impairment testing, and pension funding, suggesting CSCO is downplaying significant financial sustainability risks evident in the industry.",CSCO,1.0,0.775175,2025-07-24,2025-05-20,,cf06d639e70c7702,bc2e0e875d1350a9
peer,SOTK,10-Q,MD&A,financial_sustainability,,,,True,"SOTK provides minimal and generic disclosure on financial sustainability risks, while TRT offers detailed, specific discussion on deferred tax assets, income tax expense, and capital expenditures, suggesting SOTK may be downplaying material tax and capital allocation risks.",TRT,2.0,0.00343,2025-07-10,2025-05-13,,44c362f2bd2db3b5,367bf487d89fd6f9
peer,SOTK,10-Q,MD&A,geopolitical_macro,,,,True,"Company A (SOTK) provides only generic forward-looking statements with no specific mention of geopolitical or macroeconomic risks despite significant international sales, while Company B (TRT) details multiple active geopolitical and macroeconomic risks including trade tensions, currency fluctuations, tariffs, and legislative impacts, indicating SOTK is downplaying material geopolitical risks evident in their industry.",TRT,2.0,0.00343,2025-07-10,2025-05-13,,c98de0705facd451,95d9e88aa16390d8
peer,SOTK,10-Q,MD&A,operational_product,,,,True,"TRT provides detailed disclosure on product warranty risks and potential costs from customized product faults, while SOTK offers only promotional statements about its products and testing labs without addressing warranty or product risk, suggesting possible downplaying of operational product risks by SOTK.",TRT,2.0,0.00343,2025-07-10,2025-05-13,,1b4c594836cfbf7a,c4ddc15d2b5a8a85
peer,SOTK,10-Q,MD&A,supply_chain,,,,True,"SOTK provides minimal and generic discussion of supply chain risks despite clear industry-wide impacts detailed by TRT, suggesting potential downplaying of a material risk.",TRT,2.0,0.00343,2025-07-10,2025-05-13,,f45f04f93d12f051,ccace6bb7bb6139f
peer,ASYS,10-Q,MD&A,geopolitical_macro,,,,True,"Company A (ASYS) provides only minimal and generic disclosure on geopolitical and currency risks despite clear exposure, whereas Company B (TRT) offers detailed, quantifiable discussion of trade tensions, currency fluctuations, tariffs, and legislative impacts, suggesting ASYS is downplaying material geopolitical and macroeconomic risks affecting the industry.",TRT,2.0,0.019986,2025-08-06,2025-05-13,,ce52d8a1ff480483,95d9e88aa16390d8
peer,VELO,10-Q,MD&A,geopolitical_macro,,,,True,"TRT provides detailed, specific disclosures quantifying and explaining multiple geopolitical and macroeconomic risks including currency fluctuations, tariffs, and government incentives, while VELO offers only generic, boilerplate statements despite similar industry exposure, suggesting VELO is downplaying material geopolitical and macroeconomic risks.",TRT,2.0,0.011016,2025-08-06,2025-05-13,,f46a313f4daaa20e,95d9e88aa16390d8
peer,VELO,10-Q,MD&A,operational_product,,,,True,"TRT provides only generic warranty and product complexity disclosures without addressing operational or product risks in manufacturing, while VELO details specific operational improvements and technology advantages, suggesting TRT may be downplaying material operational/product risks inherent in its complex customized products.",TRT,2.0,0.011016,2025-08-06,2025-05-13,,ba637d613bdc2191,c4ddc15d2b5a8a85
peer,VELO,10-Q,MD&A,regulatory_legal,,,,True,"VELO discusses material climate change-related regulatory risks in detail, while TRT provides no substantive disclosure on climate change risks despite being in the same industry, suggesting TRT may be downplaying a clearly material regulatory risk.",TRT,2.0,0.011016,2025-08-06,2025-05-13,,a89fc66e8f705c0f,36dc5f7d56585099
peer,CVV,10-Q,MD&A,geopolitical_macro,,,,True,"TRT provides extensive, specific discussion of geopolitical risks including trade tensions, currency fluctuations, and government incentives affecting its business, while CVV offers only generic, minimal disclosure on international trade policy risks despite operating in a similarly exposed industry, suggesting CVV may be downplaying a material geopolitical risk.",TRT,2.0,0.002143,2025-08-12,2025-05-13,,36fc3aafb7304f00,95d9e88aa16390d8
peer,HPQ,10-Q,MD&A,geopolitical_macro,,,,True,"SMCI provides only a minimal, generic statement on macroeconomic risks despite being in the same industry where HPQ details specific, material geopolitical and macroeconomic threats actively impacting its business, suggesting SMCI is downplaying significant risks.",SMCI,2.0,0.795403,2025-08-28,2025-05-12,,0e5de40ae20985fc,ce8ab55034aa8aa7
peer,AAPL,10-Q,MD&A,financial_sustainability,,,,True,"SMCI provides only generic, boilerplate discussion on financial estimates and capital expenditures without substantive detail on financial sustainability, while AAPL discloses active, quantifiable capital return programs and dividend policies, suggesting SMCI is downplaying a material financial sustainability risk evident in the industry.",SMCI,2.0,4.629819,2025-08-01,2025-05-12,,0bebb0f5f3c8e183,ecb74b93c1cf19e8
peer,ATEN,10-Q,MD&A,accounting_audit,,,,True,"LTRX discloses a known material weakness in internal controls over financial reporting related to IT systems, while ATEN provides no mention of such risks despite being in the same industry, suggesting potential concealment by ATEN.",LTRX,2.0,0.026332,2025-08-05,2025-05-09,,812e8ac2be2377b7,1b5ae9ee68eafc55
peer,ATEN,10-Q,MD&A,regulatory_legal,,,,True,"ATEN provides minimal and generic disclosure on legal and regulatory risks despite clear evidence from LTRX that these risks are extensive, detailed, and actively impacting the industry, suggesting ATEN is downplaying significant regulatory and legal exposures.",LTRX,2.0,0.026332,2025-08-05,2025-05-09,,3c24f0afae6c5b3c,82a4ae2f96b9547a
peer,ATEN,10-Q,MD&A,supply_chain,,,,True,"ATEN provides only a minimal, generic statement about outsourcing manufacturing, while LTRX offers a detailed, comprehensive discussion of supply chain risks, suggesting ATEN is downplaying a clearly material and active risk evident in the industry.",LTRX,2.0,0.026332,2025-08-05,2025-05-09,,500e349f019a8860,2b2de28f5a9b97f9
peer,ATEN,10-Q,Risk Factors,regulatory_legal,,,,True,"ATEN provides only a brief, generic mention of regulatory restrictions related to indebtedness, while LTRX offers extensive, detailed disclosure on a wide range of active regulatory and legal risks including data privacy, cybersecurity, intellectual property, and international compliance, suggesting ATEN is downplaying significant regulatory and legal risks material to its industry.",LTRX,2.0,0.026332,2025-08-05,2025-05-09,,fdf8956df49e45fa,da0463f70c088f6c
peer,ATEN,10-Q,Risk Factors,supply_chain,,,,True,"ATEN provides only a brief, generic statement on supply chain risks while LTRX offers detailed, specific disclosures about supply constraints, single-source components, manufacturing dependencies, and pandemic impacts, suggesting ATEN is downplaying a clearly material and active supply chain risk.",LTRX,2.0,0.026332,2025-08-05,2025-05-09,,fdb42a1c2b4848a4,694aa5fc0d41cb5e
peer,INTZ,10-Q,MD&A,accounting_audit,,,,True,"INTZ provides only generic boilerplate on critical accounting policies without disclosing any material weaknesses in internal controls, while LTRX explicitly details a significant material weakness in IT controls affecting financial reporting, suggesting INTZ may be downplaying or concealing a comparable risk.",LTRX,2.0,0.006927,2025-08-12,2025-05-09,,1451ddfccca0564d,1b5ae9ee68eafc55
peer,INTZ,10-Q,MD&A,cost_margin_pressure,,,,True,"INTZ provides minimal discussion on cost and margin pressures despite clear industry-wide risks detailed extensively by LTRX, suggesting INTZ may be downplaying a material risk to its business.",LTRX,2.0,0.006927,2025-08-12,2025-05-09,,194195248c4868cd,fcd0cba7ad6a1529
peer,INTZ,10-Q,MD&A,cybersecurity_technology,,,,True,"INTZ provides only a brief product description without acknowledging the broader, active cybersecurity threats and risks that LTRX details extensively, suggesting INTZ is downplaying a clearly material industry-wide risk.",LTRX,2.0,0.006927,2025-08-12,2025-05-09,,c0a8a700bc354931,07a0a3f82b2b6a88
peer,INTZ,10-Q,MD&A,geopolitical_macro,,,,True,"INTZ provides almost no discussion of geopolitical and macro risks despite operating under a Department of Defense contract, while LTRX offers extensive, detailed disclosures on multiple geopolitical risks affecting its supply chain and operations, suggesting INTZ is downplaying material geopolitical risks relevant to its business.",LTRX,2.0,0.006927,2025-08-12,2025-05-09,,b47af84297570279,feb00ef42065e5e4
peer,INTZ,10-Q,MD&A,regulatory_legal,,,,True,"INTZ provides minimal and generic disclosure on regulatory and legal risks despite being in the same industry where LTRX details extensive, specific, and material regulatory, legal, and compliance risks, suggesting INTZ is downplaying significant exposures.",LTRX,2.0,0.006927,2025-08-12,2025-05-09,,644d86ee28906729,82a4ae2f96b9547a
peer,INTZ,10-Q,MD&A,supply_chain,,,,True,"INTZ provides minimal and generic disclosure on supply chain risks despite being in an industry where such risks are clearly material, as evidenced by LTRX's detailed and comprehensive discussion of supply chain constraints, single-source dependencies, manufacturing outsourcing, and geopolitical risks.",LTRX,2.0,0.006927,2025-08-12,2025-05-09,,86f5c85a8e441e2f,2b2de28f5a9b97f9
peer,CIIT,10-Q,MD&A,accounting_audit,,,,True,"CIIT provides only generic boilerplate on accounting estimates with no mention of any internal control issues, while LTRX discloses a significant, ongoing material weakness in IT controls affecting financial reporting, suggesting CIIT is downplaying a critical risk that is clearly material in the industry.",LTRX,2.0,0.006899,2025-06-06,2025-05-09,,7a30a0d24f7ed73a,1b5ae9ee68eafc55
peer,CIIT,10-Q,MD&A,human_capital,,,,True,"CIIT provides minimal and generic disclosure on human capital risks despite operating in an industry where LTRX highlights significant dependency on key personnel and ESG-related challenges, suggesting CIIT may be downplaying a material risk.",LTRX,2.0,0.006899,2025-06-06,2025-05-09,,673852afacd79b7d,ea8d91ba3bcbb6c4
peer,CIIT,10-Q,MD&A,supply_chain,,,,True,"CIIT provides almost no substantive disclosure on supply chain risks despite operating a global logistics business, while LTRX offers extensive, detailed discussion of significant supply chain vulnerabilities, suggesting CIIT is downplaying a material industry-wide risk.",LTRX,2.0,0.006899,2025-06-06,2025-05-09,,da58746bded4d491,2b2de28f5a9b97f9
peer,PAR,10-Q,MD&A,geopolitical_macro,,,,True,"Company A (PAR) provides only minimal and generic discussion of geopolitical and tariff risks despite clear exposure, while Company B (CTLP) offers a detailed, explicit, and comprehensive disclosure of these risks, suggesting PAR is downplaying a material industry-wide geopolitical risk.",CTLP,2.0,1.910995,2025-08-08,2025-05-08,,7852fd61aef82a42,492e899a10aeca85
peer,GTEC,10-Q,Risk Factors,cost_margin_pressure,,,,True,"TWIN provides only a generic, minimal disclosure on cost and margin pressures related to tariffs, while GTEC offers detailed, specific, and quantifiable risks including volatile steel prices, procurement challenges, and inflation impacts, suggesting TWIN is downplaying a clearly material industry-wide risk.",TWIN,2.0,0.042636,2025-08-13,2025-05-07,,23655e0096267aa2,c14c590977050d4a
peer,GTEC,10-Q,Risk Factors,revenue_future_performance,,,,True,"Company B (TWIN) provides only a minimal, generic mention of tariffs affecting pricing and demand, while Company A (GTEC) offers extensive, detailed disclosure on multiple material risks to future revenue performance, suggesting TWIN is downplaying a clearly material risk evident in the peer's comprehensive discussion.",TWIN,2.0,0.042636,2025-08-13,2025-05-07,,bfcbfa4b94764c8a,a08a95ba56537417
peer,PSTG,10-Q,MD&A,geopolitical_macro,,,,True,"PSTG provides no substantive discussion of geopolitical or macroeconomic risks despite operating globally, while STX explicitly addresses trade policy shifts, regulatory restrictions, and tax implications, suggesting PSTG is downplaying material geopolitical risks affecting the industry.",STX,2.0,1.915697,2025-09-10,2025-05-02,,fbfba4a608937429,611a784e99efe84e
peer,PSTG,10-Q,MD&A,operational_product,,,,True,"STX provides minimal and generic disclosure on operational product risks despite evident restructuring and inventory write-downs, while PSTG offers detailed, product-specific discussion indicating active management of operational product risks.",STX,2.0,1.915697,2025-09-10,2025-05-02,,f7f054fa3d268358,135ec7a71480ef35
peer,NTAP,10-Q,MD&A,operational_product,,,,True,"STX appears to downplay operational product risks by providing only generic assurances despite recording significant restructuring charges related to discontinued products, while NTAP offers detailed discussion of its operational product strategy and innovation, suggesting STX may be concealing the material impact of operational disruptions.",STX,1.0,1.240501,2025-08-27,2025-05-02,,8eb9ec961db99e2d,135ec7a71480ef35
peer,NTAP,10-Q,MD&A,regulatory_legal,,,,True,"STX discloses a significant $300 million settlement penalty related to regulatory violations, while NTAP provides only generic legal contingency language with no mention of specific regulatory or legal risks, suggesting NTAP may be downplaying material regulatory/legal risks.",STX,1.0,1.240501,2025-08-27,2025-05-02,,487da66dc9636e49,88baf8f814ad600f
peer,NTAP,10-Q,Risk Factors,cost_margin_pressure,,,,True,"Company A provides only vague, generic statements about capital requirements without addressing cost or margin pressures, while Company B offers detailed, specific disclosures on cost, margin trends, competitive pressures, and operational risks, suggesting Company A is downplaying a clearly material cost and margin pressure risk evident in the industry.",STX,1.0,1.240501,2025-08-27,2025-05-02,,0e71befaf67205d5,9626a29858fb2ef2
peer,NTAP,10-Q,Risk Factors,geopolitical_macro,,,,True,"Company A (NTAP) provides minimal and generic disclosure on geopolitical and macroeconomic risks, while Company B (STX) offers extensive, detailed, and specific discussion of these risks, suggesting NTAP is downplaying material geopolitical and macroeconomic exposures that are clearly relevant to its industry.",STX,1.0,1.240501,2025-08-27,2025-05-02,,c2a5e7188bfc9ff6,a2c445b075edcf0f
peer,NTAP,10-Q,Risk Factors,revenue_future_performance,,,,True,"Company A (NTAP) provides only a generic, boilerplate statement about future risks to revenue without any substantive discussion, while Company B (STX) offers a detailed, specific, and quantifiable analysis of revenue risks and market challenges, suggesting NTAP is downplaying a clearly material risk to its business.",STX,1.0,1.240501,2025-08-27,2025-05-02,,6f90e84b2b20ff81,67771fd294990e14
peer,NTAP,10-Q,Risk Factors,supply_chain,,,,True,"Company A (NTAP) provides minimal and generic disclosure on supply chain risks despite being in the same industry where Company B (STX) details extensive, specific, and quantifiable supply chain challenges, indicating NTAP may be downplaying a material risk.",STX,1.0,1.240501,2025-08-27,2025-05-02,,cfe32ff2eb30b247,af5d26dbad29e45b
peer,NTAP,10-Q,MD&A,geopolitical_macro,,,,True,"Company A (NTAP) provides minimal discussion on geopolitical and macroeconomic risks such as trade policy changes and tariffs that are clearly material to the industry and detailed extensively by Company B (WDC), suggesting NTAP may be downplaying significant industry-wide geopolitical risks.",WDC,2.0,1.293825,2025-08-27,2025-05-02,,28ae72e711693f55,b54d927eb357c4b1
peer,NTAP,10-Q,Risk Factors,geopolitical_macro,,,,True,"WDC provides only generic forward-looking statements and boilerplate references to macroeconomic factors without substantive discussion of geopolitical or macro risks, while NTAP explicitly addresses market risk exposure and active monitoring, suggesting WDC is downplaying a material macroeconomic risk relevant to its business.",WDC,2.0,1.293825,2025-08-27,2025-05-02,,c2a5e7188bfc9ff6,6c04bb026ebfe8b2
peer,NTAP,10-Q,Risk Factors,regulatory_legal,,,,True,"Company A (NTAP) provides minimal and generic disclosure on legal contingencies despite being in an industry where Company B (WDC) details significant, quantifiable legal and tax risks, suggesting NTAP is downplaying material regulatory and legal risks.",WDC,2.0,1.293825,2025-08-27,2025-05-02,,d1379e9f072cb552,ce1f07bd071b9a53
peer,NTAP,10-Q,Risk Factors,revenue_future_performance,,,,True,"NTAP provides only generic boilerplate about future business risks with no specific revenue detail, while WDC offers detailed, quantifiable revenue breakdowns and customer concentration data, suggesting NTAP is downplaying material revenue performance risks evident in the industry.",WDC,2.0,1.293825,2025-08-27,2025-05-02,,6f90e84b2b20ff81,1d538e3dba965d30
peer,MIDD,10-Q,MD&A,geopolitical_macro,,,,True,"Company B (SXI) provides only generic, boilerplate statements on tariffs and foreign exchange risks despite clear evidence from Company A (MIDD) that these are active, material, and quantifiable threats impacting sales and financial results.",SXI,2.0,3.981399,2025-08-07,2025-05-02,,f00f37b84a47952f,76ee17b0bc3dcf47
peer,MIDD,10-Q,MD&A,regulatory_legal,,,,True,"Company B provides only generic, minimal disclosure on environmental regulatory risks despite evidence of active environmental claims, suggesting downplaying of a material risk that Company A addresses with specific tax-related details.",SXI,2.0,3.981399,2025-08-07,2025-05-02,,14bebb2afeb9cbca,7a330163f17bacd6
peer,MIDD,10-Q,MD&A,supply_chain,,,,True,"SXI provides only generic, minimal disclosure on supply chain risks despite being in the same industry where MIDD details active, ongoing supply chain constraints and mitigation efforts, suggesting SXI may be downplaying a material risk.",SXI,2.0,3.981399,2025-08-07,2025-05-02,,30a6aab1513e436b,b05986cae8f36e88
peer,TNC,10-Q,MD&A,regulatory_legal,,,,True,"Company A provides only a generic update on accounting standards with no mention of regulatory or legal risks, while Company B discusses specific regulatory exposures including environmental remediation and compliance, suggesting Company A is downplaying material regulatory/legal risks relevant to the industry.",SXI,1.0,0.73296,2025-08-07,2025-05-02,,5f3088674ce65d7a,7a330163f17bacd6
peer,HAYW,10-Q,MD&A,regulatory_legal,,,,True,"SXI provides only minimal, generic disclosure on environmental and regulatory risks despite likely material exposure, while HAYW offers detailed, specific litigation and contingent liability information, suggesting SXI is downplaying significant legal and regulatory risks.",SXI,1.0,1.154051,2025-07-30,2025-05-02,,1055371c34a6cac3,7a330163f17bacd6
peer,ANET,10-Q,MD&A,cost_margin_pressure,,,,True,"ANET provides minimal and vague disclosure on cost and margin pressures despite clear evidence from EXTR's detailed discussion of increased costs, overhead, and gross profit impacts, suggesting ANET may be downplaying a material risk affecting the industry.",EXTR,2.0,2.108105,2025-08-06,2025-05-01,,7c36517acfb066e3,e99abc4f5cf39e5f
peer,ANET,10-Q,MD&A,financial_sustainability,,,,True,"EXTR provides only a generic, boilerplate statement about control system design costs, while ANET details specific financial sustainability risks including tax uncertainties, AI-related investments, dividend policy, and stock repurchase programs, indicating EXTR is downplaying material financial sustainability risks evident in the industry.",EXTR,2.0,2.108105,2025-08-06,2025-05-01,,a469c8d31a3980b9,5d928ccf4870f6af
peer,ANET,10-Q,MD&A,geopolitical_macro,,,,True,"EXTR provides only generic, boilerplate statements on geopolitical risks without addressing specific, active trade restrictions, sanctions, or export controls that ANET details extensively, suggesting EXTR is downplaying material geopolitical risks affecting the industry.",EXTR,2.0,2.108105,2025-08-06,2025-05-01,,07f3a88c39655ff8,2999d95f0598be79
peer,ANET,10-Q,MD&A,regulatory_legal,,,,True,"EXTR provides minimal and generic disclosure on regulatory and legal risks despite clear material exposures indicated by ANET's detailed discussion, suggesting potential downplaying of significant regulatory and compliance risks.",EXTR,2.0,2.108105,2025-08-06,2025-05-01,,20ffc3a222fdc650,f372dd69c95cfcde
peer,FFIV,10-Q,MD&A,financial_sustainability,,,,True,"EXTR provides only a vague, generic statement about control system design costs, while FFIV offers detailed, specific disclosures on financial asset impairments, goodwill reviews, tax liabilities, and share repurchase programs, indicating EXTR is downplaying material financial sustainability risks evident in the industry.",EXTR,1.0,0.320001,2025-08-06,2025-05-01,,57af77b67a624d6d,5d928ccf4870f6af
peer,DCI,10-K,MD&A,financial_sustainability,,,,True,"PPIH provides only generic, boilerplate statements on financial sustainability risks without substantive discussion, while DCI offers detailed, quantifiable disclosures on impairments, pension assumptions, and capital expenditures, suggesting PPIH is downplaying material financial sustainability risks evident in the industry.",PPIH,2.0,4.096242,2025-09-26,2025-05-01,,a66cbb73d6804997,08754b9442bd8e0b
peer,DCI,10-K,Risk Factors,cost_margin_pressure,,,,True,"PPIH provides only generic, boilerplate cost descriptions with no discussion of cost or margin pressures, while DCI explicitly details active and material risks from rising costs, labor shortages, and competitive pricing pressures, suggesting PPIH is downplaying a clearly material industry-wide risk.",PPIH,2.0,4.096242,2025-09-26,2025-05-01,,a130c06f97a731d9,a3821ba48200d167
peer,DCI,10-K,Risk Factors,financial_sustainability,,,,True,"PPIH provides extensive, detailed disclosures on financial sustainability risks including capital expenditures, asset impairments, tax positions, and pension liabilities, while DCI offers only minimal, generic statements about investment uncertainty and insurance coverage, suggesting DCI may be downplaying material financial sustainability risks evident in the industry.",PPIH,2.0,4.096242,2025-09-26,2025-05-01,,2daeb2290e10a76a,8c47ad61b8771aa7
peer,DCI,10-K,Risk Factors,geopolitical_macro,,,,True,"PPIH provides only minimal, generic disclosure on foreign currency and geopolitical risks despite significant foreign sales, while DCI offers detailed, specific discussion of multiple active geopolitical and macroeconomic risks, suggesting PPIH is downplaying material exposures.",PPIH,2.0,4.096242,2025-09-26,2025-05-01,,4a4999be964560e8,a4df3516607a90a8
peer,DCI,10-K,Risk Factors,human_capital,,,,True,"PPIH provides only generic compensation and stock award details without addressing the critical risk of attracting, retaining, and managing qualified personnel that DCI explicitly highlights as material to its business success.",PPIH,2.0,4.096242,2025-09-26,2025-05-01,,6d4fa108bdeebcff,6895fa9361db2bf4
peer,DCI,10-K,Risk Factors,regulatory_legal,,,,True,"Company B provides only generic and minimal disclosure on regulatory and legal risks despite clear exposure to environmental, tax, and product liability claims, whereas Company A offers detailed, specific discussion of these risks and their operational impacts, suggesting Company B is downplaying material regulatory and legal risks.",PPIH,2.0,4.096242,2025-09-26,2025-05-01,,e9fc47e789546842,cecd43a758bb3b54
peer,TAYD,10-K,MD&A,accounting_audit,,,,True,"KITT extensively discloses ongoing material weaknesses and restatements in internal controls over financial reporting, while TAYD provides only generic boilerplate on accounting policies without acknowledging any control issues, suggesting TAYD may be downplaying significant audit and accounting risks evident in the industry.",KITT,1.0,0.029368,2025-08-15,2025-04-15,,ecbcaaa24b3ce7ba,0189bec3c92e627b
peer,TAYD,10-K,MD&A,debt_financing,,,,True,"KITT provides extensive, detailed disclosure on its debt financing risks and related financial impacts, while TAYD offers only minimal, generic information despite having material credit loss exposure, suggesting TAYD is downplaying its debt financing risk.",KITT,1.0,0.029368,2025-08-15,2025-04-15,,144cab106a835020,fae1709331374034
peer,TAYD,10-K,MD&A,geopolitical_macro,,,,True,"TAYD provides only generic, boilerplate statements about economic and business cycle risks, while KITT offers detailed, specific disclosures on government budget impacts, regulatory risks, supply chain issues, and geopolitical factors, indicating TAYD is downplaying material geopolitical and macroeconomic risks evident in their industry.",KITT,1.0,0.029368,2025-08-15,2025-04-15,,8d5e08ccdaf34097,d1bfaeacedb81ca4
peer,TAYD,10-K,MD&A,operational_product,,,,True,"KITT provides extensive, detailed disclosure on operational and product risks including manufacturing defects, product recalls, and technological uncertainties, while TAYD offers only a brief mention of technical obsolescence, suggesting TAYD may be downplaying significant operational product risks evident in their industry.",KITT,1.0,0.029368,2025-08-15,2025-04-15,,b5c6c461247010f2,4e8d41c9d6d86a62
peer,TAYD,10-K,MD&A,supply_chain,,,,True,"TAYD provides minimal and generic disclosure on supply chain risks despite being in the same industry where KITT details extensive, specific, and material supply chain vulnerabilities, suggesting TAYD is downplaying a clearly material risk.",KITT,1.0,0.029368,2025-08-15,2025-04-15,,333e66b5a9876810,fd6bca3ca54e1b7a
peer,KITT,10-Q,MD&A,financial_sustainability,,,,True,"Company B provides minimal and generic disclosure on financial sustainability despite capital commitments, while Company A offers detailed, quantitative insights into significant financial estimates, liabilities, and risks, suggesting Company B is downplaying a material financial sustainability risk.",TAYD,2.0,0.018053,2025-08-11,2025-03-28,,74035c45697017bd,71ab090327c8d80b
peer,RR,10-Q,MD&A,financial_sustainability,,,,True,"Company B provides minimal and generic disclosure on financial sustainability despite clear capital expenditure commitments, while Company A offers detailed discussion on tax assets, investments, and financial flexibility, suggesting Company B may be downplaying material financial risks.",TAYD,1.0,0.04437,2025-08-11,2025-03-28,,b3a6141dabd71111,71ab090327c8d80b
peer,EKSO,10-Q,MD&A,financial_sustainability,,,,True,"TAYD provides minimal and generic disclosure on financial sustainability despite material capital commitments, while EKSO offers detailed, substantive discussion of significant financial risks and uncertainties, suggesting TAYD may be downplaying its financial sustainability risks.",TAYD,2.0,0.025077,2025-07-28,2025-03-28,,bca5e15e5de34822,71ab090327c8d80b
peer,TWIN,10-K,MD&A,supply_chain,,,,True,"GTEC provides no substantive discussion of supply chain risks despite industry-wide constraints highlighted by TWIN, suggesting possible downplaying of a material risk.",GTEC,2.0,0.065119,2025-09-05,2025-03-26,,2a6fccce8ea6fedc,80b8754536e968d0
peer,WETH,10-K,Risk Factors,debt_financing,,,,True,"Company B provides only a generic, boilerplate statement about financing risks, while Company A offers detailed, specific disclosures about its convertible notes, warrants, debt instruments, and financing activities, indicating Company B is downplaying a clearly material debt financing risk.",TACT,2.0,0.015239,2025-09-11,2025-03-24,,0ac20cfc95c7bed6,c300f63ba3b12262
peer,WETH,10-K,Risk Factors,human_capital,,,,True,"Company A provides no substantive discussion of human capital risks despite clear evidence of key personnel turnover and limited executive compensation, while Company B explicitly details the material risks of losing key personnel and challenges in recruiting and retention, suggesting Company A is downplaying a material risk.",TACT,2.0,0.015239,2025-09-11,2025-03-24,,f1907478c483dca8,fed5156badb16499
peer,WETH,10-K,Risk Factors,regulatory_legal,,,,True,"Company B provides only a generic statement about regulatory approvals and privacy incidents without addressing the complex and evolving regulatory environment in China that Company A details extensively, suggesting Company B may be downplaying significant regulatory risks relevant to its business.",TACT,2.0,0.015239,2025-09-11,2025-03-24,,45fa8c784d5f4351,198e7725291a8800
peer,TRT,10-K,MD&A,debt_financing,,,,True,"Company B (CVV) provides only minimal, boilerplate disclosure on debt financing despite being in the same industry, while Company A (TRT) offers detailed, specific information on debt levels, changes, interest expenses, and credit facilities, suggesting CVV is downplaying a material risk.",CVV,1.0,0.002452,2025-09-19,2025-03-19,,16d505e596d5c75f,89e13dc0f590c69f
peer,TRT,10-K,MD&A,regulatory_legal,,,,True,"Company A (TRT) provides minimal and generic disclosure on regulatory and tax risks despite clear industry-wide impacts detailed extensively by Company B (CVV), suggesting possible downplaying of material tax and regulatory uncertainties.",CVV,1.0,0.002452,2025-09-19,2025-03-19,,ebb57f856adedd5c,1157860346954df8
peer,WETH,10-K,Risk Factors,financial_sustainability,,,,True,"Company B discusses significant financial sustainability risks including uncertainty of asset sale proceeds, potential dilution, and capital expenditure needs, while Company A provides only generic, boilerplate disclosures about asset impairments and commitments without addressing these active, material financial risks.",INVE,1.0,0.004309,2025-09-11,2025-03-17,,e7fe158fe854f8af,b7c35e9a9c3f28a2
peer,WETH,10-K,Risk Factors,operational_product,,,,True,"Company A provides minimal and generic disclosure on product operational risks despite being in an industry where Company B details extensive, active, and quantifiable operational and product risks, suggesting Company A is downplaying significant risks.",INVE,1.0,0.004309,2025-09-11,2025-03-17,,c946fd841b61951b,add6696b6bf054d8
peer,CTLP,10-K,Risk Factors,geopolitical_macro,,,,True,"Company A (CTLP) provides minimal and generic disclosure on foreign currency and geopolitical risks despite operating internationally, whereas Company B (PAR) offers detailed, quantitative, and qualitative discussion indicating active management of significant foreign currency exposure, suggesting CTLP is downplaying a material risk.",PAR,1.0,1.800357,2025-09-08,2025-03-03,,fc7d51e972390e83,3d4250c977108c27
peer,TAYD,10-K,MD&A,geopolitical_macro,,,,True,"TAYD provides only generic, boilerplate statements on geopolitical and macroeconomic risks, while EKSO offers detailed, specific disclosures on trade tensions, tariffs, international operations, regulatory changes, and geopolitical conflicts, indicating TAYD is downplaying material risks clearly relevant to its industry exposure.",EKSO,2.0,0.032688,2025-08-15,2025-03-03,,8d5e08ccdaf34097,97624daf296148ab
peer,TAYD,10-K,MD&A,operational_product,,,,True,"EKSO provides extensive, detailed disclosure on operational and product risks including recalls, regulatory compliance, and product development challenges, while TAYD offers only a brief, generic statement on inventory obsolescence, suggesting TAYD is downplaying significant operational product risks evident in the industry.",EKSO,2.0,0.032688,2025-08-15,2025-03-03,,b5c6c461247010f2,d6b2a2b418755e83
peer,TAYD,10-K,MD&A,supply_chain,,,,True,"TAYD provides minimal and generic disclosure on supply chain risks despite being in the same industry where EKSO details extensive, specific supply chain vulnerabilities and mitigation strategies, suggesting TAYD may be downplaying a material risk.",EKSO,2.0,0.032688,2025-08-15,2025-03-03,,333e66b5a9876810,f1d7e10d4a104f21
peer,LRCX,10-K,MD&A,cost_margin_pressure,,,,True,"ACMR provides extensive, detailed discussion of cost and margin pressures including specific operational challenges, currency effects, and competitive pricing pressures, while LRCX offers only generic, high-level commentary on gross margin changes without addressing active cost or margin risks, suggesting LRCX may be downplaying material cost and margin pressures evident in the industry.",ACMR,1.0,6.050918,2025-08-11,2025-03-03,,2dca847ec05dde0b,2ff906948d80cff4
peer,LRCX,10-K,MD&A,financial_sustainability,,,,True,"ACMR provides extensive, detailed disclosure on financial sustainability risks including tax asset valuation, operating losses, and cash flow constraints, while LRCX offers minimal discussion, suggesting potential downplaying of material financial sustainability risks.",ACMR,1.0,6.050918,2025-08-11,2025-03-03,,329d2560c6c5ee1d,09008a60cbc2042e
peer,LRCX,10-K,MD&A,supply_chain,,,,True,"LRCX provides minimal and generic disclosure on supply chain risks despite being in the same semiconductor equipment industry where ACMR details extensive, specific, and material supply chain challenges including geopolitical restrictions, supplier dependencies, and production impacts, suggesting LRCX is downplaying a clearly material risk.",ACMR,1.0,6.050918,2025-08-11,2025-03-03,,bb0ee42648c05120,e301a89d186f102a
peer,LRCX,10-K,Risk Factors,accounting_audit,,,,True,"LRCX provides only a minimal, generic statement on goodwill impairment without substantive discussion, while ACMR offers extensive, detailed disclosures on critical accounting estimates, audit matters, and internal controls, suggesting LRCX is downplaying significant accounting and audit risks material to its business.",ACMR,1.0,6.050918,2025-08-11,2025-03-03,,9bc82bb1fdc2542b,e5ad7a927fb19db3
peer,LRCX,10-K,Risk Factors,human_capital,,,,True,"ACMR provides only minimal, generic disclosure on human capital risks despite operating in regions and roles where talent management is critical, whereas LRCX offers detailed, substantive discussion of human capital strategies and risks, suggesting ACMR may be downplaying a material risk.",ACMR,1.0,6.050918,2025-08-11,2025-03-03,,a3f38525efdb3102,5ad5ad70bfdee68c
peer,SXI,10-K,MD&A,human_capital,,,,True,"SXI provides minimal and generic disclosure on human capital risks despite clear industry-wide emphasis on workforce management and retention detailed extensively by its peer, suggesting potential downplaying of a material risk.",HAYW,2.0,0.875131,2025-08-04,2025-02-27,,38b9f02100a90569,70fb2e7d21234871
peer,SXI,10-K,MD&A,operational_product,,,,True,"SXI provides only minimal, generic disclosure on product warranties and operational risks, while HAYW offers extensive, detailed discussion of operational disruptions, recalls, integration risks, and warranty accruals, suggesting SXI may be downplaying significant operational and product-related risks evident in the industry.",HAYW,2.0,0.875131,2025-08-04,2025-02-27,,29ecbf4b483d7067,e37c3277d4fb711e
peer,SXI,10-K,Risk Factors,accounting_audit,,,,True,"SXI provides only a minimal, generic statement on accounting reserves, while HAYW discloses specific material weaknesses in internal controls and the ongoing risk of control failures, suggesting SXI is downplaying a significant audit risk evident in its peer's detailed disclosure.",HAYW,2.0,0.875131,2025-08-04,2025-02-27,,bc0306df7810bdef,fd96d6ef8144b105
peer,CTLP,10-K,Risk Factors,cybersecurity_technology,,,,True,"CTLP provides only a minimal, generic statement on technology expenditures while VYX offers a detailed, specific, and comprehensive discussion of cybersecurity risks, incidents, and controls, suggesting CTLP is downplaying a clearly material cybersecurity risk evident in the industry.",VYX,2.0,2.754428,2025-09-08,2025-02-27,,73982c93d11a112a,c1117fb57150aef1
peer,CTLP,10-K,Risk Factors,geopolitical_macro,,,,True,"CTLP provides minimal and generic disclosure on geopolitical and macroeconomic risks despite operating internationally, while VYX offers detailed, specific, and comprehensive discussion of these risks, suggesting CTLP is downplaying material exposures.",VYX,2.0,2.754428,2025-09-08,2025-02-27,,fc7d51e972390e83,174138d0ca5063a8
peer,CTLP,10-K,Risk Factors,operational_product,,,,True,"Company A provides minimal and generic discussion of operational and product risks despite clear industry-wide exposure detailed extensively by Company B, suggesting potential downplaying of material operational risks.",VYX,2.0,2.754428,2025-09-08,2025-02-27,,19029c5c331a3355,b8b8439b79bd5055
peer,LTRX,10-K,MD&A,cybersecurity_technology,,,,True,"INTZ provides only a brief product description without discussing broader cybersecurity risks or risk management, while LTRX offers a detailed, comprehensive disclosure of cybersecurity threats, impacts, and governance, suggesting INTZ is downplaying a clearly material industry-wide risk.",INTZ,2.0,0.010192,2025-08-29,2025-02-27,,2b875a4078b6df23,15d4b9be0fa5c113
peer,LTRX,10-K,MD&A,financial_sustainability,,,,True,"INTZ provides only minimal financial data without discussing risks to financial sustainability, while LTRX offers detailed, substantive disclosure on profitability risks, goodwill impairment, and valuation uncertainties, suggesting INTZ is downplaying material financial sustainability risks evident in the industry.",INTZ,2.0,0.010192,2025-08-29,2025-02-27,,3808917b30f39167,04f88bbb0011d6ee
peer,LTRX,10-K,MD&A,geopolitical_macro,,,,True,"INTZ provides near-zero disclosure on geopolitical and macro risks that are clearly material to LTRX's business, suggesting INTZ is downplaying significant industry-wide geopolitical and supply chain risks.",INTZ,2.0,0.010192,2025-08-29,2025-02-27,,c97295738992f066,c280c8e4be54d12f
peer,LTRX,10-K,MD&A,operational_product,,,,True,"INTZ provides minimal disclosure on product development and warranty risks despite being in the same industry where LTRX details extensive operational and product-related risks, suggesting INTZ may be downplaying significant risks to its business.",INTZ,2.0,0.010192,2025-08-29,2025-02-27,,4b6723eab1aed9ad,c73c3c256481d58b
peer,LTRX,10-K,MD&A,regulatory_legal,,,,True,"INTZ provides almost no substantive disclosure on regulatory and legal risks despite being a peer in the same industry where LTRX details extensive, material regulatory, compliance, intellectual property, and litigation risks, suggesting INTZ is downplaying or concealing significant industry-wide risks.",INTZ,2.0,0.010192,2025-08-29,2025-02-27,,289e50b18d63ce38,70863c8fe06855a5
peer,LTRX,10-K,Risk Factors,cost_margin_pressure,,,,True,"INTZ provides only minimal, generic disclosure on cost and margin pressures despite being in the same industry where LTRX details multiple active, material risks including pricing declines, inventory obsolescence, and fixed cost challenges, suggesting INTZ is downplaying significant margin risks.",INTZ,2.0,0.010192,2025-08-29,2025-02-27,,02aec9dbc4a2c9d9,22c59a867e04bd4d
peer,LTRX,10-K,Risk Factors,debt_financing,,,,True,"INTZ provides only generic, minimal disclosure on debt financing risks despite likely material exposure, while LTRX offers detailed, specific discussion indicating active management and significant impact, suggesting INTZ is downplaying a clearly material risk.",INTZ,2.0,0.010192,2025-08-29,2025-02-27,,f968195bcb24de35,ad7a6442a73be490
peer,SMCI,10-K,Risk Factors,accounting_audit,,,,True,"SMCI discloses identified material weaknesses in internal controls and ongoing remediation efforts, while OMCL provides only generic boilerplate language without acknowledging any material weaknesses, suggesting OMCL may be downplaying a clearly material risk.",OMCL,1.0,0.167979,2025-08-28,2025-02-27,,433cacea5d26eaf9,db00d74810b4806c
peer,PH,10-K,MD&A,debt_financing,,,,True,"Company B provides minimal disclosure on debt financing risks despite having variable rate debt and significant financing activities, while its peer Company A offers detailed, quantified, and comprehensive discussion of debt structure, covenants, and refinancing, suggesting Company B is downplaying material debt financing risks.",CR,1.0,4.708091,2025-08-22,2025-02-27,,5908af652b6a1e45,673e964dd90668c1
peer,PH,10-K,MD&A,human_capital,,,,True,"Company A provides almost no substantive discussion of human capital risks despite clear evidence from Company B that labor market competition, retention challenges, and workforce restructuring are active, material issues in the industry.",CR,1.0,4.708091,2025-08-22,2025-02-27,,1e19f4902fcca5ea,61d33eb55af5183c
peer,PH,10-K,MD&A,supply_chain,,,,True,"Company A provides minimal and generic disclosure on supply chain risks despite operating in an industry where supply chain disruptions are clearly material and actively impacting peers, suggesting potential downplaying of this risk.",CR,1.0,4.708091,2025-08-22,2025-02-27,,ad6ee724b40cd3a7,aa4ed80935eaaa4e
peer,DCI,10-K,Risk Factors,financial_sustainability,,,,True,"CECO provides extensive, detailed disclosures on financial sustainability risks including impairment testing, pension obligations, deferred tax assets, and acquisition-related liabilities, while DCI offers only minimal, generic statements about investment risks and insurance coverage, suggesting DCI may be downplaying material financial sustainability risks evident in the industry.",CECO,1.0,3.405647,2025-09-26,2025-02-25,,2daeb2290e10a76a,d2d220dd3c32f4b2
peer,DCI,10-K,Risk Factors,operational_product,,,,True,"CECO provides minimal and generic discussion on operational and product risks despite clear exposure to complex manufacturing and contractor dependencies, whereas DCI offers detailed, specific disclosures on operational disruptions, manufacturing complexity, and related risks, suggesting CECO may be downplaying material operational risks.",CECO,1.0,3.405647,2025-09-26,2025-02-25,,92d1a92003b42d94,77087afb52b24258
peer,DCI,10-K,Risk Factors,supply_chain,,,,True,"CECO provides only generic, minimal disclosure on supply chain risks despite its global project-based operations, while DCI details multiple specific supply chain vulnerabilities and impacts, suggesting CECO may be downplaying a material risk.",CECO,1.0,3.405647,2025-09-26,2025-02-25,,e861640b5435ccfe,9a86955c77b5d18e
peer,EXTR,10-K,MD&A,cybersecurity_technology,,,,True,"ATEN provides only minimal, generic disclosure on cybersecurity risks despite being a leading provider of secure application solutions, whereas EXTR offers extensive, detailed discussion of active, quantifiable cybersecurity threats and their material impacts, suggesting ATEN is downplaying a clearly material risk to its business.",ATEN,2.0,0.079276,2025-08-18,2025-02-25,,c0f908e933aa27f0,d024c16739dcdfd8
peer,EXTR,10-K,MD&A,geopolitical_macro,,,,True,"ATEN provides minimal disclosure on geopolitical and macroeconomic risks despite likely similar exposures as EXTR, which details extensive and specific risks including tariffs, currency fluctuations, supply chain impacts, and geopolitical tensions, suggesting ATEN may be downplaying material risks.",ATEN,2.0,0.079276,2025-08-18,2025-02-25,,3e850e784fe53700,44c2ab3e8adb39c4
peer,EXTR,10-K,MD&A,human_capital,,,,True,"ATEN provides only minimal, generic disclosure on human capital risks despite personnel costs being their largest operating expense, whereas EXTR offers detailed, substantive discussion on human capital management, risks, and restructuring, suggesting ATEN may be downplaying a material risk.",ATEN,2.0,0.079276,2025-08-18,2025-02-25,,94dc37aa88ed984f,2a27dad3e7fe87eb
peer,EXTR,10-K,MD&A,operational_product,,,,True,"ATEN provides only minimal, generic disclosure on product development and quality assurance, while EXTR offers extensive, detailed discussion of product risks, warranties, interoperability challenges, and operational impacts, suggesting ATEN may be downplaying significant operational and product risks material to its business.",ATEN,2.0,0.079276,2025-08-18,2025-02-25,,216e2995e80f1a18,b9b270204714297f
peer,EXTR,10-K,MD&A,regulatory_legal,,,,True,"Company B provides only a minimal, generic disclosure on litigation risk despite being in the same industry where Company A details extensive, specific ongoing legal proceedings and regulatory risks, suggesting Company B is downplaying a clearly material risk.",ATEN,2.0,0.079276,2025-08-18,2025-02-25,,c4a6abdf457e25c7,7801ba198c9ddb02
peer,EXTR,10-K,MD&A,supply_chain,,,,True,"ATEN provides only a minimal, generic statement on supply chain risk despite clearly outsourcing manufacturing like EXTR, which details extensive, specific supply chain risks and mitigation strategies, suggesting ATEN is downplaying a material risk evident in the industry.",ATEN,2.0,0.079276,2025-08-18,2025-02-25,,72e7ba4e3d847645,0ff47bb83fef4d9e
peer,PANW,10-K,MD&A,cost_margin_pressure,,,,True,"Company B (XRX) provides minimal discussion on cost and margin pressures compared to Company A (PANW), which details numerous active, quantifiable risks and cost drivers, suggesting XRX may be downplaying material cost and margin risks evident in the industry.",XRX,2.0,4.183535,2025-08-29,2025-02-24,,a111adea5aaa2546,f30f1565a3306e8c
peer,PANW,10-K,MD&A,cybersecurity_technology,,,,True,"Company B (XRX) provides near-zero substantive disclosure on cybersecurity risks and management despite being a peer in the same industry where Company A (PANW) details extensive, active, and quantifiable cybersecurity threats and comprehensive risk management programs, suggesting potential concealment or downplaying of a material risk.",XRX,2.0,4.183535,2025-08-29,2025-02-24,,dab02598fd4408c2,9edc39ed22dd8327
peer,PANW,10-K,MD&A,operational_product,,,,True,"Company B (XRX) provides near-zero substantive disclosure on operational product risks and product development challenges that are clearly material to Company A (PANW), suggesting potential downplaying or concealment of these risks.",XRX,2.0,4.183535,2025-08-29,2025-02-24,,926ecaee3f8355a5,8fee0909ee973d65
peer,PANW,10-K,MD&A,supply_chain,,,,True,"Xerox provides near-zero substantive disclosure on supply chain risks despite being in the same industry where such risks are clearly material and extensively detailed by PANW, suggesting potential concealment or downplaying of a critical operational risk.",XRX,2.0,4.183535,2025-08-29,2025-02-24,,6625b0b4ffdd1b98,4a45ad716970ee53
peer,CSCO,10-K,Risk Factors,cybersecurity_technology,,,,True,"CSCO provides minimal and generic disclosure on cybersecurity risks despite being in the same industry where ANET details extensive, specific, and material cybersecurity threats and impacts, suggesting CSCO is downplaying a clearly material risk.",ANET,1.0,4.060715,2025-09-03,2025-02-19,,102b0b34540c08e7,1f2515942d083f32
peer,CSCO,10-K,Risk Factors,debt_financing,,,,True,"Company B provides only generic and minimal disclosure on debt financing risks despite evident exposure to credit risk from channel partners, whereas Company A offers detailed, quantifiable, and comprehensive discussion of its debt financing, credit quality, and related risks, suggesting Company B is downplaying a material risk.",ANET,1.0,4.060715,2025-09-03,2025-02-19,,3c7cf739056ca903,52660fa7bd9cb957
peer,CSCO,10-K,Risk Factors,operational_product,,,,True,"Company A (CSCO) provides minimal and generic disclosure on product risks, focusing mainly on warranty liabilities, while Company B (ANET) offers extensive, detailed discussion of product quality, technological risks, litigation, and operational challenges, suggesting CSCO is downplaying significant operational product risks evident in the industry.",ANET,1.0,4.060715,2025-09-03,2025-02-19,,1538730f335a184e,70744bca05ed8def
peer,PH,10-K,MD&A,human_capital,,,,True,"Company A (PH) provides minimal and generic disclosure on human capital risks despite evidence of significant workforce reductions and restructuring, whereas Company B (WTS) offers extensive, detailed discussion on talent management, engagement, and retention, suggesting PH is downplaying a clearly material human capital risk.",WTS,2.0,4.720583,2025-08-22,2025-02-18,,1e19f4902fcca5ea,84cfdd1dc9e5e621
peer,PH,10-K,MD&A,operational_product,,,,True,"Company A (PH) provides minimal discussion on operational and product risks despite evidence of a significant production disruption, whereas Company B (WTS) offers extensive, detailed disclosure on product development, quality control, operational risks, and business continuity, suggesting PH is downplaying material operational and product risks.",WTS,2.0,4.720583,2025-08-22,2025-02-18,,6f4301a73bfe0809,63a8fde4762a489d
peer,SXI,10-K,MD&A,cost_margin_pressure,,,,True,"TNC provides near-zero substantive discussion on cost and margin pressures, including inflation and restructuring costs, which are clearly material and actively managed risks detailed extensively by peer SXI.",TNC,1.0,0.432984,2025-08-04,2025-02-18,,568b69701ba102de,0b71f2728e9f0d15
peer,SXI,10-K,Risk Factors,accounting_audit,,,,True,"SXI provides only a generic statement about reserves for contingent liabilities, while TNC explicitly discusses risks related to internal controls and system implementation, suggesting SXI may be downplaying significant audit and accounting risks.",TNC,1.0,0.432984,2025-08-04,2025-02-18,,bc0306df7810bdef,d428e3d48188eb0c
peer,SXI,10-K,Risk Factors,liquidity_solvency,,,,True,"TNC provides only generic, boilerplate liquidity risk disclosures despite clear industry-wide exposure, while SXI details specific reliance on credit facilities and covenant risks, suggesting TNC is downplaying a material liquidity risk.",TNC,1.0,0.432984,2025-08-04,2025-02-18,,7cfd73f97c02230e,958313a583b412ab
peer,LRCX,10-K,Risk Factors,debt_financing,,,,True,"AZTA provides only generic statements about financing risks without addressing its own debt obligations or covenant restrictions, unlike LRCX which details substantial debt and related risks, suggesting AZTA is downplaying its material debt financing risk.",AZTA,2.0,6.083785,2025-08-11,2024-11-27,,0145d1d10f3fd247,f960c9a62c5cf213
peer,EXTR,10-K,MD&A,regulatory_legal,,,,True,"Company B provides near-zero disclosure on regulatory and legal risks that are clearly material and extensively detailed by peer Company A, suggesting concealment or downplaying of significant industry-wide risks.",DGII,1.0,0.066956,2025-08-18,2024-11-22,,c4a6abdf457e25c7,78f9740a35bad0f9
peer,CSCO,10-K,MD&A,operational_product,,,,True,"FFIV provides minimal and generic disclosure on operational product risks and restructuring compared to Cisco's detailed discussion of product innovation, AI integration, quality control, and restructuring impacts, suggesting FFIV may be downplaying material operational product risks.",FFIV,2.0,5.093497,2025-09-03,2024-11-18,,214147b6ab417111,f762366fd56836e5
peer,CSCO,10-K,MD&A,regulatory_legal,,,,True,"FFIV provides minimal and generic disclosure on tax-related regulatory and legal risks despite having significant uncertain tax liabilities, whereas CSCO offers detailed, specific discussion of regulatory, legal, intellectual property, and tax risks, suggesting FFIV is downplaying material regulatory and legal risks evident in the industry.",FFIV,2.0,5.093497,2025-09-03,2024-11-18,,3efe802c72a20207,9c289220c730359a
peer,CSCO,10-K,MD&A,supply_chain,,,,True,"FFIV provides minimal detail and quantification on supply chain risks despite clear exposure, while CSCO offers extensive, specific disclosures on supply chain challenges, purchase commitments, and mitigation efforts, suggesting FFIV may be downplaying a material risk evident in the industry.",FFIV,2.0,5.093497,2025-09-03,2024-11-18,,ec1132931e00b6b3,669575ceacf8c24f
peer,CSCO,10-K,Risk Factors,operational_product,,,,True,"FFIV provides minimal and generic disclosure on product warranties despite being in the same industry where CSCO details significant warranty liabilities and provisions, suggesting FFIV may be downplaying a material operational product risk.",FFIV,2.0,5.093497,2025-09-03,2024-11-18,,1538730f335a184e,010d3610d0b1eea4
peer,LINK,10-Q,MD&A,financial_sustainability,,,,True,"WETH provides minimal disclosure on financial sustainability and dividend policy despite having significant capital expenditure commitments, whereas LINK details consistent dividend payments and cash flow activities, suggesting WETH may be downplaying its financial obligations and sustainability risks.",WETH,2.0,0.018697,2025-08-13,2024-11-14,,fc8df2e0e2ce0065,92a682225871574f
peer,LINK,10-Q,Risk Factors,accounting_audit,,,,True,"Company B provides only a brief, vague statement about redoing an audit without substantive discussion of accounting estimates or risks, while Company A offers detailed, specific disclosures on critical accounting judgments and risks, suggesting Company B is downplaying material accounting and audit risks.",WETH,2.0,0.018697,2025-08-13,2024-11-14,,a29c01dea91284e4,eae4096fbe2b6bcf
peer,LINK,10-Q,Risk Factors,cost_margin_pressure,,,,True,Company B provides no substantive discussion of cost or margin pressures despite this being a material industry-wide risk clearly addressed in detail by Company A.,WETH,2.0,0.018697,2025-08-13,2024-11-14,,66dec8b79725b90a,f8d9bd9cf39d8870
peer,LINK,10-Q,Risk Factors,debt_financing,,,,True,"Company B appears to downplay its debt financing risk by focusing narrowly on accounting and audit issues without addressing broader financing risks that Company A explicitly quantifies and discusses, suggesting concealment of material financing exposure.",WETH,2.0,0.018697,2025-08-13,2024-11-14,,1abe4c8aef75da5d,70d16a2205fb9e53
peer,LINK,10-Q,Risk Factors,financial_sustainability,,,,True,"Company B provides only a generic, boilerplate disclaimer about its Repurchase Program without substantive discussion, while Company A offers detailed financial disclosures and assessments related to financial sustainability, suggesting Company B is downplaying a material financial risk.",WETH,2.0,0.018697,2025-08-13,2024-11-14,,dc8b897b7cf58a2b,8bc7aa8b41c83562
peer,TACT,10-Q,MD&A,supply_chain,,,,True,"WETH provides only a brief, generic statement about chip costs stabilizing, while TACT details significant, ongoing supply chain disruptions affecting manufacturing, inventory, and competitive dynamics, suggesting WETH is downplaying a clearly material supply chain risk.",WETH,2.0,0.018647,2025-08-12,2024-11-14,,5f95de38df0c5fb6,fbc0ae4f8a4c5372
peer,TACT,10-Q,Risk Factors,cost_margin_pressure,,,,True,Company B completely omits any discussion of cost or margin pressures related to tariffs or supply chain issues that Company A explicitly identifies as material risks affecting its business.,WETH,2.0,0.018647,2025-08-12,2024-11-14,,1db70aa6bf97ed48,f8d9bd9cf39d8870
peer,INVE,10-Q,MD&A,financial_sustainability,,,,True,"Company B provides minimal and generic disclosure on financial sustainability risks despite being in the same industry, while Company A offers detailed analysis of impairments, valuation allowances, and financial performance, suggesting Company B is downplaying a material risk.",WETH,1.0,0.004707,2025-08-08,2024-11-14,,511bf9032de2a5ae,92a682225871574f
peer,INVE,10-Q,MD&A,supply_chain,,,,True,"WETH provides only a brief, generic statement on chip costs while INVE details significant supply chain disruptions and risks, suggesting WETH is downplaying a clearly material supply chain risk evident in the industry.",WETH,1.0,0.004707,2025-08-08,2024-11-14,,d9488e3c9966f388,fbc0ae4f8a4c5372
peer,LTRX,10-K,MD&A,accounting_audit,,,,True,"CIIT provides only generic boilerplate on accounting estimates and internal controls with no mention of any material weaknesses or active risks, while LTRX discloses a recent material weakness and detailed remediation efforts, suggesting CIIT is downplaying a clearly material risk evident in the same industry.",CIIT,1.0,0.010108,2025-08-29,2024-10-22,,d1de6a9783310dc8,0b70ac6560590284
peer,LTRX,10-K,MD&A,financial_sustainability,,,,True,"CIIT provides only a minimal, generic statement on financial sustainability despite likely facing similar capital and profitability risks that LTRX details extensively, suggesting CIIT is downplaying a material risk.",CIIT,1.0,0.010108,2025-08-29,2024-10-22,,3808917b30f39167,e5a2468e9d94fb78
peer,LTRX,10-K,MD&A,operational_product,,,,True,"CIIT provides virtually no substantive disclosure on operational and product risks that are clearly material to LTRX's business, suggesting potential concealment or downplaying of these risks.",CIIT,1.0,0.010108,2025-08-29,2024-10-22,,4b6723eab1aed9ad,430caeb5e06dc3d2
peer,LTRX,10-K,MD&A,supply_chain,,,,True,"CIIT provides only generic, minimal disclosure on supply chain risks despite operating a global logistics business inherently exposed to such risks, while LTRX offers detailed, specific discussion of multiple supply chain vulnerabilities, suggesting CIIT is downplaying a material risk.",CIIT,1.0,0.010108,2025-08-29,2024-10-22,,f04bd694c3716497,7439256957a5b068
peer,LTRX,10-K,Risk Factors,cost_margin_pressure,,,,True,"CIIT provides only generic and indirect references to cost and margin pressures without addressing inventory risks or pricing competition, which are clearly material and extensively detailed by LTRX, suggesting CIIT is downplaying significant cost and margin risks inherent in their industry.",CIIT,1.0,0.010108,2025-08-29,2024-10-22,,02aec9dbc4a2c9d9,77e3974b347efe35
