text,label,human_validated,sentence_id
"Amortization of intangible assets: The amortization of intangible assets is driven by our acquisition activity which can vary in size, nature and timing as compared to other companies within our industry and from period to period.",0,0,XRX_10-Q_MD&A_0243
"In addition, small variations in period-to-period net sales, cost of sales and gross margin can result from changes in the relative mix of our products sold.",0,0,CIX_10-Q_MD&A_0014
"First quarter 2023 FITTLE segment revenue decreased 2.5% as compared to first quarter 2022 and included the following: Financing Income decreased by 1.9% for the three months ended March 31, 2023 as compared to first quarter 2022, primarily due to currency as financing revenue was essentially flat on a constant currency 1 basis reflecting a stable average finance receivable portfolio.",0,0,XRX_10-Q_MD&A_0170
"We account for forfeitures as they occur. 47 Table of Contents The fair value of each new employee option awarded was estimated on the date of grant for the periods below using the Black-Scholes option pricing model with the following assumptions: Year Ended December 31, 2022 2021 2020 Risk-free interest rate 1.94 - 3.40% 0.80 - 1.12% 0.50 - 1.47% Expected life (years) 6.25 6.25 6.25 Expected volatility 45.95 - 46.03% 45.28 - 45.53% 42.40 - 43.83% Expected dividend yield 0% 0% 0% Weighted average grant date fair value $23.11 $128.14 $45.32 Our 2012 Employee Stock Purchase Plan (ESPP) allows eligible employees to purchase a variable number of shares of our common stock during each offering period at a discount through payroll deductions of up to 15% of their eligible compensation, subject to plan limitations.",1,1,PRLB_10-K_MD&A_0208
"Segments Our business is comprised of two reportable segments, our Life Sciences Products segment and our Life Sciences Services segment.",0,0,AZTA_10-K_MD&A_0038
"The success of any proposed product offerings will depend on numerous factors, including our ability to: • identify the product features that people with lower extremity impairment, their caregivers, and healthcare providers are seeking in a medical device that restores mobility and successfully incorporate those features into our products; • identify the product features that people with lower extremity impairment or other similar indications require while the products are used at home as well as what items are valuable to the clinics that provide them rehabilitation; • develop and introduce proposed products in sufficient quantities and in a timely manner; • adequately protect our intellectual property and avoid infringing upon the intellectual property rights of third-parties; • demonstrate the safety, efficacy, and health benefits of proposed products; and • obtain the necessary regulatory clearances and approvals for proposed products.",1,0,EKSO_10-K_Risk Factors_0066
"Such uncertainty may contribute to additional market volatility, including volatility in the value of the U.K. pound and European euro, and may adversely affect the Company’s businesses, results of operations, and financial condition.",0,0,LCUT_10-K_Risk Factors_0021
"If such actions were to result in suspension or debarment, this could have a material adverse effect on our business. ​ Our business faces the potential of increased regulation on some of the raw materials utilized in our packaging operations. ​ Our operations are subject to federal, state, provincial and local laws and regulations in multiple jurisdictions relating to some of the raw materials, including epoxy-based coatings utilized in our container making process.",0,0,BALL_10-K_Risk Factors_0088
"Employee Stock Purchase Plan The following table presents the assumptions used to estimate the fair value of the ESPP during the years ended December 31, 2022, 2021 and 2020 : Year Ended December 31, 2022 2021 2020 Risk-free interest rate 0.17 - 4.60 % 0.06 - 0.17 % 0.12 - 0.17 % Expected life (months) 6.00 6.00 6.00 Expected volatility 47.05 - 67.84 % 53.44 - 65.53 % 50.85 - 59.99 % Expected dividend yield 0 % 0 % 0 % 74 Table of Contents Proto Labs, Inc.",1,1,PRLB_10-K_MD&A_0531
In total these three customers represented 48 % of consolidated revenues.,0,0,FTEK_10-K_MD&A_0469
"If the use of “cookie” tracking technologies is further restricted, regulated or blocked, or if changes in technology cause cookies to become less reliable or acceptable as a means of tracking consumer behavior, the amount or accuracy of Internet user information we collect would decrease, which could harm our business and results of operations.",0,0,CRCT_10-Q_Risk Factors_0719
"In addition, our facilities in California are located in areas that are subject to public safety power shutdowns (“PSPS”).",0,0,ERII_10-K_Risk Factors_0113
"Marketing, Engineering and Administrative (ME&A) Expenses Marketing, engineering, and administrative (ME&A) expenses of $60.1 million were up $4.3 million, or 7.8%, in fiscal 2022 compared to the prior fiscal year.",0,0,TWIN_10-K_MD&A_0047
Some of our competitors or potential competitors have greater financial or other resources than we have and in some cases are government supported.,0,0,BW_10-K_Risk Factors_0097
"The Revolving Credit Agreement has a maturity date of February 23, 2024 and accrues interest at a rate of 5.75% per year, which is paid quarterly.",0,0,VATE_10-Q_MD&A_0184
"The Company follows ASC 350 - 40, Internal-Use Software , in accounting for internally developed software. 60 Table of Contents Proto Labs, Inc.",1,0,PRLB_10-K_Risk Factors_0647
"In some instances, we may not be able to identify the cause or causes of these performance problems within an acceptable period of time.",0,0,EVLV_10-K_Risk Factors_0194
"Manufacturing In the U.S. and Canada, the equipment operations own and operate 22 factory locations and lease and operate another two locations.",0,0,DE_10-K_Risk Factors_0121
Our operating results may be negatively impacted if global supply chains of semiconductors and other important commodities in short supply do not normalize.,0,0,EKSO_10-K_Risk Factors_0052
Business Combinations Assets acquired and liabilities assumed as part of a business acquisition are generally recorded at their fair value at the date of acquisition.,0,0,AZZ_10-Q_MD&A_0009
"TripleRing Technologies also had higher income in the comparable period, as it had recognized a gain on debt extinguishment.",0,0,VATE_10-Q_MD&A_0061
"Marketing and sales expense consists primarily of employee compensation, benefits, commissions, stock-based compensation, marketing programs such as electronic, print and pay-per-click advertising, trade shows and other related overhead, which includes an allocation of information technology expense including amortization of PL 2.0 software assets.",1,0,PRLB_10-K_MD&A_0067
"The decrease was primarily driven by timing of projects at DBMG's commercial structural steel fabrication and erection and industrial maintenance and repair businesses, both of which encountered customer and general contractor driven delays, resulting in the timing of work performed by DBMG to be delayed in the current period.",0,0,VATE_10-Q_MD&A_0072
"In addition, the democratization of digital content creation presents an opportunity for anyone to be a content creator because of the accessibility of the tools necessary to code, design, create, make music, game or broadcast to professional standards.",0,0,LOGI_10-K_MD&A_0021
"We may choose to increase our branding expense materially, but we cannot be sure that this investment will be profitable.",0,0,PRLB_10-K_Risk Factors_0123
"Our business involves the controlled storage, use and disposal of hazardous materials.",0,0,PRLB_10-K_Risk Factors_0221
"In May 2022, we discovered that we had been subject to a sophisticated cyberattack.",0,0,AGCO_10-Q_Risk Factors_0027
Most of the claims resolved to date have been dismissed without payment.,0,1,IEX_10-Q_Risk Factors_0125
We have been net income profitable every year since 2017.,0,0,CRCT_10-K_MD&A_0105
"Additions to property, plant and equipment for continuing operations were approximately $1.2 million for the first three months of 2023 and $0.6 million for the first three months of 2022.",0,0,EML_10-Q_MD&A_0040
"Segment Margin FITTLE segment margin of 7.9% for the three months ended March 31, 2023 decreased 3.1-percentage points as compared to first quarter 2022 due to higher inter-segment commissions and the impact of higher borrowing costs, which was partially offset by lower bad debt expense.",0,0,XRX_10-Q_MD&A_0173
"For example, mobile network operators or operating system providers could block or place onerous restrictions on the ability to download and use our software.",0,0,CRCT_10-K_Risk Factors_0314
"Over the long-term, demand for our energy recovery devices could become correlated to global macroeconomic and geopolitical factors, which remain uncertain.",0,0,ERII_10-K_MD&A_0021
"A third set of challenges relates to business model changes and our go-to-market execution in an evolving distribution and reseller landscape, with increasing online and omnichannel presence.",0,0,HPQ_10-Q_MD&A_0029
"Organic orders increased during the quarter primarily in the transport applications, driven by strong project orders and dewatering strength in the emerging markets, and in the U.S., partially offset by reduced order intake in western Europe.",0,0,XYL_10-Q_Risk Factors_0095
"While we do not expect headcount growth to continue at the same pace as in recent years, we may choose to significantly increase headcount again in the future.",0,0,CRCT_10-Q_Risk Factors_0175
"These PSAs are subject to adjustment if the Company’s return on invested capital, net sales, and EPS or average free cashflow for the period falls below or exceeds the specified target objective, and the maximum number of performance shares that can be awarded if the target objective is exceeded is 146,562 .",0,0,TWIN_10-K_MD&A_0544
"In 2022, 2021 and 2020 wage inflation contributed to our lower gross margin.",0,0,PRLB_10-K_Risk Factors_0454
"Although we will reevaluate the repurchasing of our common stock when appropriate, there can be no assurance if, when or at what level we may resume such activity.",0,0,WDC_10-Q_MD&A_0185
The deferred income taxes associated with this investment are offset by a valuation allowance of ($ 151 ). 38 4.,1,0,FTEK_10-K_MD&A_0549
"We provide our customers with a choice between traditional consumption models or software consumption-based, pay-per-use and as-a-service offerings across our entire portfolio of HPE products and services.",0,0,HPE_10-K_MD&A_0040
"For example, general inflation in the United States, Europe and other geographies has risen to levels not experienced in recent decades.",0,0,OUST_10-K_Risk Factors_0323
"Finance leases are included in finance lease assets, current finance lease liabilities and long-term finance lease liabilities in the Consolidated Balance Sheets and are recognized based on the present value of lease payments over the lease term at commencement date.",1,0,PRLB_10-K_MD&A_0381
"Inflation We experience normal inflation and changing prices, primarily on our production materials and labor.",0,0,PRLB_10-K_Risk Factors_0453
Customer contracts are generally in the form of acknowledged purchase orders.,0,0,TWIN_10-K_MD&A_0345
"Farmer input costs have moderated from levels experienced during 2022, and easing supply chain constraints are enabling industry production to keep pace with strong market demand.",0,1,AGCO_10-Q_MD&A_0022
"Moreover, the complicated nature of our business, in which we design our own products, develop our own design apps, rely on third-party manufacturers and sell our products through brick-and-mortar and online retail partners, as well as through our website, exposes us to risk and disruption at many points that are critical to successfully operating our business and may make it more difficult for us to scale our business.",0,0,CRCT_10-Q_Risk Factors_0180
We have invested and expect to continue to invest in research and development efforts that further enhance our products.,0,0,VELO_10-K_Risk Factors_0086
"The decrease was primarily due to interest expense on the Convertible Notes during the year ended December 31, 2021.",0,0,EVLV_10-K_MD&A_0154
"The COVID-19 pandemic has continued to create challenges for us in countries that at times throughout the year have had significant outbreak mitigation strategies, namely, countries in our Asia-Pacific region, which led to temporary project postponements and has continued to impact results in this region.",0,0,BW_10-K_MD&A_0009
"For fiscal 2022, worldwide net income attributable to the Company was $7.131 billion, or $23.28 per share, compared with $5.963 billion, or $18.99 per share, in fiscal 2021.",0,0,DE_10-K_MD&A_0040
A certain risk of environmental liability is inherent in our production activities.,0,0,VELO_10-K_Risk Factors_0416
"Notwithstanding the Company's ability to refinance its maturing loan obligation, coordinate with its suppliers to delay the receipt of materials on order, or delay product development activities, management believes it has sufficient cash on hand of $20.5 million at December 31, 2022 to meet its cash requirements twelve months from the issuance of the financial statements.",1,0,EKSO_10-K_MD&A_0094
"Based on this evaluation, our CEO and CFO have concluded that our disclosure controls and procedures were effective at a reasonable assurance level as of March 31, 2023.",0,0,SMCI_10-Q_MD&A_0151
"We have limited control over our contract manufacturers, component suppliers and third-party logistics partners, which may subject us to significant risks, including the potential inability to produce or obtain quality products on a timely basis or in sufficient quantity, which could adversely affect our business, financial condition and results of operations.",0,0,CRCT_10-Q_Risk Factors_0560
The exercise price of these warrants is $11.50 per share.,0,0,VELO_10-K_Risk Factors_0553
"Net income increased due to price realization, higher shipment volumes / more favorable sales mix, and income earned on a higher average portfolio.",0,0,DE_10-K_MD&A_0041
"Customers may cancel their orders, change purchase quantities from forecast volumes, delay purchases for a number of reasons beyond the Company’s control or change other terms of their business relationship with the Company.",0,0,LCUT_10-K_Risk Factors_0180
"Currency exchange rates decreased sales by approximately $97 million and $443 million in the current-year quarter and first nine months of fiscal 2023, respectively.",0,0,PH_10-Q_MD&A_0066
These unrealized gains and losses are primarily the result of foreign currency revaluations of our inter-company monetary assets and liabilities.,0,0,EKSO_10-Q_MD&A_0090
"Any amendments or interpretive guidance related to the SAFETY Act may affect our ability to retain our SAFETY Act Designation, may increase the costs of compliance, and/or may negatively impact our ability to attract new customers.",0,0,EVLV_10-K_Risk Factors_0152
"Such agreements may be terminated by us for cause, such as (i) failure to deliver products pursuant to the terms of the agreement, (ii) breaches of product warranty, indemnity or insurance; intellectual property; property and representations and covenants contained in the agreements; (iii) breaches of any other representations and warranties that are not cured within five days after notice or (iv) certain events relating to our top vendors’ insolvency or their filing a petition for bankruptcy.",1,0,CRCT_10-K_Risk Factors_0466
"ORGANIZATION AND SIGNIFICANT ACCOUNTING POLICIES Organization Fuel Tech, Inc. and subsidiaries (""Fuel Tech"", the ""Company"", ""we"", ""us"" or ""our"") develops and provides proprietary technologies for air pollution control, process optimization, water treatment, and advanced engineering services.",0,0,FTEK_10-K_MD&A_0255
"While supply chain pressures are expected to persist into 2023, the Company is engaged with its suppliers to secure the materials and services that our customers need to deliver essential food and infrastructure more profitably and sustainably.",0,0,DE_10-K_MD&A_0171
"Although we believe that materially different amounts would not be reported due to the accounting policies adopted, the application of certain accounting policies involves the exercise of judgment and use of assumptions as to future uncertainties and, as a result, actual results could differ from these estimates.",1,0,SXI_10-Q_MD&A_0208
"Now that these lock-up restrictions have expired, such stockholders are not restricted from selling shares of our common stock held by them that were previously subject to the lock-up restrictions, other than by applicable securities laws.",0,0,EVLV_10-K_Risk Factors_0596
"The increase primarily reflects higher revenues and gross margin, as well as the impact of lower supply chain-related costs, a lower rate of investments in new businesses, lower bad debt provisions, primarily due to reserve releases, lower Restructuring and related costs, net, and lower Other expenses, net, all of which were partially offset by higher Income tax expense.",1,1,XRX_10-Q_MD&A_0040
"We have taken steps to add warning labels to our products packaged in California and manufactured after August 30, 2018.",0,0,EKSO_10-K_Risk Factors_0363
"Smart Industrial Operating Model and Leap Ambitions In fiscal year 2020, John Deere began implementing the Smart Industrial operating model, which focuses on delivering intelligent, connected machines and applications to transform production systems in agriculture and construction, unlocking customer economic value across the lifecycle of our products in more sustainable ways.",0,0,DE_10-K_MD&A_0012
"Current deteriorating general economic conditions, inflationary pressures affecting the pricing of our products, and changes in consumer spending preferences and buying trends are having an adverse effect on demand for our products.",0,0,CRCT_10-K_Risk Factors_0386
"Total employer contributions were approximately $ 0.5 million, $ 0.4 million and $ 0.5 million for the years ended December 31, 2022, 2021 and 2020, respectively.",0,0,PRLB_10-K_Risk Factors_0788
"If we are unable to leverage these costs and grow revenues at a greater pace than these operating expenses as we expect, we will not be able to achieve viable operating margins and profitability.",0,0,EKSO_10-K_Risk Factors_0163
To help support this goal we adopted eight standards aimed at preventing serious safety incidents or an environmental impact.,0,0,PH_10-K_Risk Factors_0024
"This facility serves as an outside warehouse facility. • The Overland Park, KS lease, for approximately 600 square feet, runs through October 15, 2024.",0,0,FTEK_10-K_MD&A_0625
"In the sale and utilization fee model, customers pay an upfront amount that is less than the full purchase price to purchase the system.",0,0,VELO_10-K_MD&A_0055
"Our employees have access to a global learning platform that includes an extensive portfolio of online courses, virtual classroom events, simulations, job aids, and other learning and development resources.",0,0,XRX_10-K_MD&A_0120
"The prices for our subsystems and accessories can also vary widely based on whether a customer is purchasing power supplies, server boards, chassis or other accessories.",0,0,SMCI_10-K_MD&A_0127
"Interest expense and other (expense) income, net for the three and nine months ended March 31, 2023 and 2022 are as follows (dollars in millions): Three Months Ended March 31, Change Nine Months Ended March 31, Change 2023 2022 $ % 2023 2022 $ % Other (expense) income, net $ (0.1) $ 4.7 $ (4.8) (102.1) % $ 1.6 $ 4.1 $ (2.5) (61.0) % Interest expense (1.3) (1.5) 0.2 (13.3) % (6.9) (3.5) (3.4) 97.1 % Interest expense and other (expense) income, net $ (1.4) $ 3.2 $ (4.6) (143.8) % $ (5.3) $ 0.6 $ (5.9) (983.3) % SMCI | Q3 2023 Form 10-Q | 39 Table of Contents Comparison of Three Months Ended March 31, 2023 and 2022 The change of $4.6 million in interest expense and other expense, net was primarily attributable to a $4.8 million increase in foreign exchange loss due to unfavorable currency fluctuations and a $0.2 million decrease in interest expense due to decrease in loan balances.",1,1,SMCI_10-Q_MD&A_0087
The increase in sales was partially offset by divestitures during the current-year quarter and first nine months of fiscal 2023.,0,0,PH_10-Q_MD&A_0098
"BUSINESS OVERVIEW Strategy The Company is a global provider of hand tools, power tools, outdoor products and related accessories, as well as a leading provider of engineered fastening solutions and attachment tools for infrastructure applications.",0,0,SWK_10-Q_MD&A_0003
"The amounts in the table above exclude cumulative accrued interest and penalties of $ 98 million and $ 104 million at December 31, 2022 and 2021 respectively, which are included in other non-current liabilities.",1,0,WFRD_10-K_MD&A_0388
"The Company depends on third-party manufacturers to produce the vast majority of its products, which presents quality control risks to the Company.",0,0,LCUT_10-K_Risk Factors_0243
We are a public accounting firm registered with the PCAOB and are required to be independent with respect to the Company in accordance with the U.S. federal securities laws and the applicable rules and regulations of the Securities and Exchange Commission and the PCAOB.,0,0,PRLB_10-K_Risk Factors_0561
"We had lost time incidents of nil in 2020, one in 2021 and three in 2022.",0,0,CIX_10-K_MD&A_0078
"The Company designs, markets and distributes the Cricut family of products, including connected machines, design apps and accessories and materials.",0,1,CRCT_10-K_MD&A_0314
Any delay or interruption of the development and commercialization of new products may adversely affect our existing business and prospects for securing future business.,0,0,OUST_10-K_Risk Factors_0027
"We cannot be assured that any of these indemnification provisions will fully protect us, and as a result we may incur unexpected liabilities that adversely affect our profitability and financial position.",0,0,TRS_10-K_Risk Factors_0099
"We classify such raw materials that we do not expect to consume within our normal operating cycle as non-current within Other assets. 90 Table of Contents Property and Equipment Property and equipment are stated at cost, less accumulated depreciation and amortization.",1,1,CRCT_10-K_MD&A_0395
"The utilities end market experienced organic growth of $46 million led by strength in the U.S. driven by strong price realization, solid backlog coming into the year and higher demand in our rental business.",0,0,XYL_10-Q_Risk Factors_0064
"By their nature, these judgments are subject to an inherent degree of uncertainty.",0,0,TRS_10-Q_MD&A_0177
Materials purchased outside of these arrangements are sometimes subject to unanticipated and sudden price increases.,0,0,CIX_10-K_Risk Factors_0023
"Our revenue outside of the United States accounted for approximately 21%, 21% and 20% of our consolidated revenue in the years ended December 31, 2022, 2021 and 2020, respectively.",0,0,PRLB_10-K_MD&A_0027
"The majority of our CNC machining, 3D printing, and sheet metal contracts have a single performance obligation.",0,0,PRLB_10-K_MD&A_0167
"Due to a variety of factors, including the COVID-19 pandemic, various materials we and the third-party manufacturers we rely on use to manufacture our products are currently, or may in the future, experience shortages and supply chain disruptions.",0,0,EKSO_10-K_Risk Factors_0047
We believe our technology is years ahead of competitors.,0,0,VELO_10-K_MD&A_0007
We also provide sales and rental of specialty dewatering pumps and related equipment and services.,0,0,XYL_10-K_MD&A_0009
Adjusted EBITDA differs from the most directly comparable measure calculated in accordance with generally accepted accounting principles (“GAAP”).,0,0,BW_10-Q_MD&A_0046
"Although we believe we are compliant with applicable transfer pricing and other tax laws in the United States, Canada, the United Kingdom and other relevant countries, due to changes in such laws and rules, we may have to modify our international structure in the future, which will incur costs, may increase our worldwide effective tax rate and may adversely affect our financial position and results of operations.",1,0,CRCT_10-K_Risk Factors_0777
"In recent years, the United States and other significant markets have experienced cyclical downturns and worldwide economic conditions remain uncertain, including as a result of the ongoing COVID-19 pandemic, supply chain disruptions, the Ukraine – Russia conflict, rising fuel prices, increasing interest rates or foreign exchange rates 34 and, as discussed in more detail below, high inflation and the possibility of a recession.",0,0,VELO_10-K_Risk Factors_0318
"In some circumstances, such adverse events could also cause delays in new product approvals.",0,0,EKSO_10-K_Risk Factors_0420
Paid Subscribers is a key metric to track growth in our subscriptions revenue and potential leverage in our gross margin.,0,0,CRCT_10-Q_MD&A_0050
"Other factors that did not have a material impact, but that are significant to understand the results, are qualitatively described. ​ Global Economic Environment ​ Recent data has indicated a sharp rise in inflation in the regions where we operate.",0,0,BALL_10-Q_MD&A_0023
The Company’s product costs are subject to price fluctuation.,0,0,LCUT_10-K_Risk Factors_0249
"COVID-19 Pandemic Impact COVID-19 and its variants have continued to create volatility, uncertainty and economic disruption for many businesses worldwide.",0,0,SMCI_10-K_MD&A_0015
The comparisons in this chart are required by the SEC and are not intended to forecast or be indicative of the possible future performance of the Company’s common stock.,0,0,LCUT_10-K_MD&A_0001
"Therefore, in certain jurisdictions, we may be unable to protect our technology and designs adequately against unauthorized third party use, which could adversely affect our competitive position.",0,0,CIX_10-K_Risk Factors_0033
"If our senior management team, including any new hires that we make, fails to work together effectively and to execute our plans and strategies on a timely basis, then our business and future growth prospects could be harmed.",0,0,CRCT_10-Q_Risk Factors_0262
"In addition, if the license terms for open-source software that we use change, we may be forced to re-engineer our solutions, incur additional costs or discontinue the sale of our offerings if re-engineering could not be accomplished on a timely basis.",0,0,VELO_10-K_Risk Factors_0511
"Interest expense was $1.7 million for the three months ended March 31, 2023 and related to term loan borrowings and amortization of debt issuance costs and discount under our Loan Agreement (as defined below).",1,1,OUST_10-Q_MD&A_0141
"While our immediate focus is on the United States market, our long-term success in part depends on our ability to acquire new customers outside the United States.",0,1,EVLV_10-K_Risk Factors_0122
We may also be liable if the use of any of our products causes harm and could suffer losses from a significant product liability judgment against us in excess of its insurance limits.,0,0,AZZ_10-K_Risk Factors_0067
"In addition to the cash proceeds received in the February 2021 Offering, the Company received $1.4 million in cash proceeds from the exercise of warrants issued in connection with financings in June 2020 and May 2019 and $0.8 million in net proceeds of $0.8 million from our “at the market offering” program.",0,0,EKSO_10-K_MD&A_0081
"If in the future, due to competitor discounting, shipping or other marketing strategies, we significantly reduce our prices on our products without a corresponding increase in sales volume, it would negatively impact our revenue and could adversely affect our gross margins and overall profitability.",0,0,CRCT_10-K_Risk Factors_0158
We have continued implementation of a plan to remediate these material weaknesses.,0,0,EVLV_10-K_Risk Factors_0534
"Recent oil and gas discoveries have been announced by operators in basins near countries such as Suriname, Namibia and Colombia, and we believe additional countries will become producers of deepwater resources during this decade.",0,0,FTI_10-Q_MD&A_0036
We also resell third-party networking products and provide related service offerings in the telecommunications and technology sector.,0,0,VYX_10-Q_MD&A_0010
"Any such defects could make our products unsafe, create a risk of environmental or property damage, personal injury or data privacy, security and data protection harms, and subject us to the hazards and uncertainties of product liability and other claims and related litigation.",0,1,CRCT_10-Q_Risk Factors_0567
"Under certain circumstances in connection with a Material Acquisition (as defined in the Facility), the Facility allows for the leverage ratio to go as high as 4.0:1 for a four-fiscal quarter period.",1,0,SXI_10-Q_MD&A_0166
"We also intend to increase our investment in research and development, sales and marketing and general and administrative functions and other areas to grow our business.",0,0,EVLV_10-K_Risk Factors_0097
"We believe the clinical need for our products has not diminished, as evidenced by clinical data showing the increased prevalence of strokes during the pandemic.",0,1,EKSO_10-Q_Risk Factors_0038
"Any significant change to applicable privacy laws or relevant industry practices could increase our costs and require us to modify our platform, design apps and features, possibly in a material manner, which we may be unable to complete and may limit our ability to store and process user data or develop new design apps and features.",0,0,CRCT_10-Q_Risk Factors_0689
"We have filed a registration statement (the “ Resale Shelf Registration Statement ”) which registers the offer and sale from time to time by certain selling stockholders of up to 161,028,936 shares of our common stock.",0,0,VELO_10-K_Risk Factors_0545
"We compensate for these limitations by also reviewing other metrics that capture portions of this information, including the metrics below.",0,0,CRCT_10-K_MD&A_0134
"The amendments in this guidance are effective beginning on March 12, 2021, and the Company may elect to apply the amendments prospectively through December 31, 2022.",1,1,TWIN_10-K_MD&A_0374
"Furthermore, it is common for individuals and groups to purchase patents and other intellectual property assets for the purpose of making claims of infringement to extract settlements from companies like ours.",0,0,CRCT_10-Q_Risk Factors_0821
"Impacts from Geopolitical and Macroeconomic Challenges We continue to be exposed to macroeconomic pressures as a result of supply chain challenges, foreign currency fluctuations, and spikes in interest rates, commodity and energy prices as a result of geopolitical challenges.",0,0,VYX_10-Q_MD&A_0049
"Diversified Industrial International - Sales increased 5.9 percent and 1.5 percent from the prior-year quarter and first nine months of fiscal 2022, respectively.",0,0,PH_10-Q_MD&A_0064
"Further, because of the inherent limitations in all control systems, no evaluation of controls can provide absolute assurance that misstatements due to error or fraud will not occur or that all control issues and instances of fraud, if any, have been detected.",0,1,LCUT_10-K_Risk Factors_0154
"On February 7, 2023, we also entered into a new Facility Letter (the “New Facility Letter”) with the Taiwan affiliate of HSBC Bank.",0,0,SMCI_10-Q_MD&A_0111
"On October 6, 2021, we issued €600.0 million (or approximately $653.5 million as of March 31, 2023) of senior notes at an issue price of 99.993%.",0,0,AGCO_10-Q_MD&A_0108
"Revenues for the FUEL CHEM technology segment for the year ended December 31, 2022 were $16,344 , a decrease of $1,021 , or 6% , versus fiscal 2021 .",0,0,FTEK_10-K_MD&A_0143
"This market is new and evolving, and as such, it is difficult to predict important market trends, including our potential growth, if any.",0,0,EVLV_10-K_Risk Factors_0103
"Each 2022 SVB Term Loan advance may be prepaid in full, subject to certain conditions, with payment of (calculated, in each case, based on the then-outstanding principal amount of such 2022 SVB Term Loan advance subject to prepayment) a prepayment premium equal to (i) 1.0% if prepaid on or prior to December 21, 2023; (ii) 0.75% if prepaid after December 21, 2023 but on or prior to December 21, 2024; (iii) 0.50% if prepaid after December 21, 2024 but on or prior to December 21, 2025; and (iv) 0.0% if prepaid after December 21, 2025.",1,0,EVLV_10-K_MD&A_0203
"At December 31, 2022, the Company had no outstanding standby letters of credit under the Former Collateral agreement.",0,0,FTEK_10-K_MD&A_0211
"Overview In the first quarter of 2023, the Company continued to experience a challenging operational environment resulting from the ongoing substitution of gas-fired and renewable energy plants for coal-fired installations and the ongoing impacts of geopolitical events and the coronavirus (COVID-19) global pandemic.",1,1,FTEK_10-Q_MD&A_0000
"In total, we employed approximately 3,200 full-time employees, part-time employees and contingent workers worldwide as of September 30, 2022 and have sales in approximately 100 countries .",0,0,AZTA_10-K_MD&A_0021
"Quantitative and Qualitative Disclosure About Market Risk Interest Rate Risk The primary objectives of our investment activities are to preserve principal, provide liquidity and maximize income without significantly increasing the risk.",0,0,SMCI_10-Q_MD&A_0133
"Energy costs began to rise during late 2021, and further increased into 2022, which we believe is primarily due to geopolitical tensions associated with the Russia-Ukraine conflict, as well as realized and expected energy supply constraints.",0,0,TRS_10-K_MD&A_0034
"The information, security and privacy requirements imposed by such laws and regulations are constantly evolving and are becoming increasingly demanding in the United States and other jurisdictions in which the Company operates.",0,0,EML_10-K_Risk Factors_0126
"Under the Fifth Amendment, the Bank may not provide a notice of exclusive control of a deposit account (thereby obtaining exclusive control of the account) prior to the occurrence or existence of a Default or an Event of Default under the Credit Agreement or otherwise upon the occurrence or existence of an event or condition that would, but for the passage of time or the giving of notice, constitute a Default or an Event of Default under the Credit Agreement.",1,0,TWIN_10-K_MD&A_0107
Equity in net income (loss) from the unconsolidated joint venture is 36 Table of Contents allocated based on our economic interest.,1,0,AZZ_10-Q_MD&A_0021
We historically have accessed banks for short-term loans and the capital markets for debt and equity offerings.,0,0,WFRD_10-Q_Risk Factors_0102
"These statements may relate to, among other things, anticipated future acquisition behavior, availability of cash and financing alternatives, the intent to refinance or repay the Company’s 3.20% Senior Notes due June 2023 using the available borrowing capacity of the Revolving Credit Facility, the completion of pending transactions (including the acquisition of Iridian) and the anticipated benefits of the Company’s recent acquisitions, including the acquisitions of Nexsight, KZValve and Muon Group and are indicated by words or phrases such as “anticipates,” “estimates,” “plans,” “guidance,” “expects,” “projects,” “forecasts,” “should,” “could,” “will,” “management believes,” “the Company believes,” “the Company intends” and similar words or phrases.",0,0,IEX_10-Q_Risk Factors_0094
The CODM regularly reviews information aligned with how we offer our services and technologies in relation to the well life cycle as reflected in our reportable segments.,0,1,WFRD_10-K_MD&A_0163
"We invest cash not needed for current operations predominantly in investment-grade, marketable debt instruments with the intent to make such funds available for operating purposes as needed.",0,0,ERII_10-Q_MD&A_0060
"It obtained formal forgiveness of the full amount of the loan on June 16, 2021, and accounted for the forgiveness as income from extinguishment of loan in its statement of operations for the year ended June 30, 2021.",0,0,TWIN_10-K_Risk Factors_0081
"In addition, because we cannot predict the impact that COVID-19 or other global pandemics will ultimately have, the actual impact may also exacerbate other risks discussed in this Item 1A. 15 Table of Contents Many of the markets we serve are highly competitive, which could limit sales volumes and reduce our operating margins.",0,0,TRS_10-K_Risk Factors_0022
Our contracts may include multiple performance obligations when customers purchase a combination of products and services.,0,0,EVLV_10-K_MD&A_0252
"At December 31, 2022, our backlog of equipment and IT hardware remains elevated as compared to our historic levels and was $246 million.",0,0,XRX_10-K_Risk Factors_0005
Closure of Japan business expense is driven by our decision to close the Japan manufacturing facility and exit the Japan market.,0,0,PRLB_10-Q_Risk Factors_0056
"On September 30, 2021, the Company entered into a First Amended and Restated Forbearance Agreement and Amendment No. 7 to Credit Agreement (the “Amended and Restated Forbearance Agreement”) that amends the Credit Agreement dated as of June 29, 2018, as amended between the Company and the Bank.",0,0,TWIN_10-K_MD&A_0112
Changes in these assumptions could have potential material impacts on the estimated fair value of warrant liabilities.,0,0,EKSO_10-K_MD&A_0117
"For the remainder of 2023, we now expect organic revenue growth in the mid-single-digits.",0,0,XYL_10-Q_Risk Factors_0052
Key Operating Factors Our FUEL CHEM segment experienced an increase in revenues and segment operating profits in the quarter compared to 2022.,0,0,FTEK_10-Q_MD&A_0012
"Fair values for the U.S. government agency securities, U.S. municipal securities, commercial paper and certificates of deposit are primarily determined using dealer quotes or quoted market prices for similar securities (Level 2 ).",1,0,PRLB_10-K_Risk Factors_0773
"Managing our inventory supply chain, including manufacturing and component lead time, is complex and exposes us to risk.",0,0,CRCT_10-K_Risk Factors_0523
We continue to monitor and intend to remain in full compliance with the evolving sanctions landscape and will continue to fulfill existing contractual obligations within applicable laws and sanctions.,0,0,WFRD_10-Q_Risk Factors_0017
"We also enter into long-term agreements with suppliers that contain fixed future commitments, which are contingent on certain conditions such as performance, quality and technology of the vendor’s components.",0,0,WDC_10-Q_MD&A_0161
"In the event any of our facilities are affected by a disaster, we may: • be unable to meet the shipping deadlines of our customers; • experience disruptions in our ability to process submissions and generate quotations, manufacture and ship parts, provide marketing and sales support and customer service, and otherwise operate our business, any of which could negatively impact our business; • be forced to rely on third-party manufacturers; • need to expend significant capital and other resources to address any damage caused by the disaster; and • lose customers and be unable to regain those customers.",0,0,PRLB_10-K_Risk Factors_0076
​ Global Economic Environment ​ In 2022 data indicated a sharp rise in inflation in the regions where we operate.,0,0,BALL_10-K_MD&A_0000
The contingently issuable common stock liability was established in connection with the closing of the Merger.,0,0,EVLV_10-Q_MD&A_0125
Various factors may adversely impact its customer’s ability to access sufficient liquidity and capital to fund their operations and render the Company’s estimation of customer defaults inherently uncertain.,0,0,TWIN_10-K_MD&A_0297
"Acts of terrorism, wars, public health issues and increased energy costs could disrupt commerce in ways that could impair our ability to get products to our customers and increase our manufacturing and delivery costs.",0,0,PRLB_10-K_Risk Factors_0064
"We have sufficient cash and available liquidity under our revolving credit facility to meet our debt service obligations, capital expenditure requirements and other short-term and long-term obligations for the foreseeable future.",0,1,TRS_10-Q_MD&A_0026
"During the third quarter of fiscal year 2023, the Company entered into a Third Amended & Restated Credit Agreement which renewed the existing Credit Agreement for an additional five-year period (“credit agreement”, or “facility”) with a borrowing limit of $500 million.",0,0,SXI_10-Q_MD&A_0152
"While we are undertaking efforts to remediate these material weaknesses, the material weaknesses will not be considered remediated until our remediation plan has been fully implemented, the applicable controls operate for a sufficient period of time, and we have concluded, through testing, that the newly implemented and enhanced controls are operating effectively.",1,1,EVLV_10-K_Risk Factors_0543
Other expense of $1.8 million for the first nine months of fiscal 2023 was primarily attributable to translation losses related to the Company’s euro denominated liabilities.,0,0,TWIN_10-Q_Risk Factors_0063
The Company designates derivative instruments as hedges on a transaction basis to support hedge accounting.,1,0,TWIN_10-K_MD&A_0678
"General and administrative expense consists primarily of employee compensation, benefits, stock-based compensation, professional service fees related to accounting, tax and legal, and other related overhead, which includes an allocation of information technology expense including amortization of Protolabs 2.0 software assets.",1,0,PRLB_10-Q_MD&A_0063
We expect general and administrative expenses to decrease as a result of stabilizing headcount and operations.,0,0,VELO_10-K_MD&A_0153
"This will require us to timely and effectively scale and adapt our existing technology, processes and infrastructure to meet the needs of our business.",0,0,PRLB_10-K_Risk Factors_0021
"The decrease in Adjusted EBITDA for Other and Eliminations was driven by reduced contribution from HMN, which was sold on March 6, 2023, resulting in approximately two months of equity method loss being recognized compared to income for the three months in the comparable period. 39 Adjusted EBITDA by segment is summarized as follows: (in millions): Three Months Ended March 31, 2023 2022 Increase / (Decrease) Infrastructure $ 16.3 $ 20.5 $ (4.2) Life Sciences (7.8) (5.8) (2.0) Spectrum 0.4 1.3 (0.9) Non-operating Corporate (3.5) (4.6) 1.1 Other and Eliminations (0.5) 0.1 (0.6) Adjusted EBITDA $ 4.9 $ 11.5 $ (6.6) Backlog Projects in backlog consist of awarded contracts, letters of intent, notices to proceed, change orders, and purchase orders obtained.",1,1,VATE_10-Q_MD&A_0137
"In addition, as we continue to grow our operations and expand internationally, our Cricut Member Care team will face additional challenges, including those associated with delivering support, training and documentation in languages other than English and across various time zones globally.",0,0,CRCT_10-Q_Risk Factors_0302
"We are exposed to highly cyclical end markets for industrial goods, and to a lesser extent, aerospace and consumer products.",0,0,TRS_10-K_Risk Factors_0008
"The timing of corporate initiatives, higher employee benefit costs and increased strategic investments also contributed to the higher operating loss.",0,0,XYL_10-Q_Risk Factors_0155
We are sensitive to price movements and availability of our raw materials supply.,0,0,TRS_10-Q_MD&A_0031
"Our Certificate of Incorporation, our Amended and Restated Bylaws and the Delaware General Corporation Law (the "" DGCL ""), contain provisions that could have the effect of rendering more difficult, delaying, or preventing an acquisition deemed undesirable by the Board and therefore depress the trading price of our common stock.",1,0,VELO_10-K_Risk Factors_0593
"Total backlog was $3,743 million at March 31, 2023, an increase of $191 million or 5.4%, as compared to March 31, 2022 backlog of $3,552 million, and an increase of $138 million or 3.8%, as compared to December 31, 2022 backlog of $3,605 million, driven by the order intake in the quarter outpacing revenue.",0,0,XYL_10-Q_Risk Factors_0109
"The Company’s non-financial assets and liabilities, which include intangible assets and property and equipment, are not required to be carried at fair value on a recurring basis.",0,0,CRCT_10-K_MD&A_0441
Water treatment technologies include DGI™ Dissolved Gas Infusion Systems which utilize a patent-pending channel injector to deliver supersaturated oxygen solutions and other gas-water combinations to target process applications or environmental issues.,1,0,FTEK_10-K_MD&A_0261
"The estimated service period may change in the future in response to competition, technology developments and the Company’s business strategy.",0,0,CRCT_10-K_MD&A_0480
"Even if our patent applications issue as patents, they may not issue in a form that will provide us with any meaningful protection, prevent competitors from competing with us or otherwise provide us with any competitive advantage.",0,0,EKSO_10-K_Risk Factors_0174
"In connection with the planned divesture of the semiconductor automation business and our continued focus on our life sciences businesses, we changed our corporate name from “Brooks Automation, Inc.” to “Azenta, Inc.” and our common stock started to trade on the Nasdaq Global Select Market under the symbol “AZTA” on December 1, 2021.",0,0,AZTA_10-K_Risk Factors_0014
"Funds borrowed under the facility may be used for the repayment of debt, working capital, capital expenditures, acquisitions (so long as certain conditions, including a specified funded debt to EBITDA leverage ratio is maintained), and other general corporate purposes.",0,0,SXI_10-Q_MD&A_0158
"Organic revenue growth in the first quarter was led by strength in commercial building services of $26 million, particularly in the U.S. where we benefited from strong price realization and backlog execution, and in western Europe, driven by strong price realization.",0,0,XYL_10-Q_Risk Factors_0075
"Unregistered Sales of Equity Securities and Use of Proceeds There were no share repurchases during the three months ended March 31, 2023.",0,0,IEX_10-Q_MD&A_0305
"We have an existing presence in three regions: North and South America; Asia and Pacific; and Europe, Middle East and Africa.",0,0,OUST_10-K_MD&A_0085
"Change in Fair Value of Contingently Issuable Common Stock Liability Prior to the Merger, certain NHIC shareholders owned 4,312,500 shares of NHIC Class B common stock (the ""Founder Shares"").",1,1,EVLV_10-Q_MD&A_0090
"Currently, we primarily sell these products directly to companies that deploy them for use Table of Contents in their operations.",0,0,EKSO_10-Q_Risk Factors_0023
"As part of this overall strategy, we entered into a distribution and license agreement in March 2023 with Columbia Tech, a wholly-owned subsidiary of Coghlin Companies, which currently serves as our primary contract manufacturer.",0,0,EVLV_10-Q_MD&A_0042
"Our sales to brick-and-mortar and online retail partners can be subject to lower gross margins, heightened product or packaging requirements or long ramp up times.",0,0,CRCT_10-Q_Risk Factors_0242
"The Plan is intended to help protect the Company's ability to use its tax net operating losses and other certain tax assets (""Tax Benefits"") by deterring an ""ownership change,"" as defined under Section 382 of the Internal Revenue Code of 1986, as amended, and the Treasury Regulations thereunder (the ""Code""), by a person or group of affiliated or associated persons from acquiring beneficial ownership of 4.9% or more of the outstanding common shares.",1,0,VATE_10-Q_MD&A_0039
"In the case of the Company’s inventory forecast and ordering system, most of the Company’s orders are received directly through electronic connections with the Company’s largest customers.",0,0,LCUT_10-K_Risk Factors_0362
We operate a global business that exposes us to additional risks.,0,0,PRLB_10-K_Risk Factors_0057
"Until such time, if ever, as we can generate substantial revenue sufficient to achieve profitability, we expect to finance our operations through cash generated from operations, and if necessary, debt financings.",0,0,EVLV_10-Q_MD&A_0024
"While our objective is to diversify our customer base, we believe that we could continue to be susceptible to risks associated with customer concentration.",0,0,VELO_10-Q_MD&A_0027
"The content of our website is not incorporated by reference in this combined Form 10-K unless expressly noted.) Environment With climate change being one of the defining issues of our time, we fast-tracked our net zero goal by 10 years to 2040 and integrated climate change-related risks and opportunities into our Enterprise Risk Management.",0,0,XRX_10-K_MD&A_0056
"Operating costs and expenses consist primarily of sales and administrative-related personnel costs, sales commissions and advertising expenses directly related to product sales and administrative costs relating to business unit and corporate management activities, as well as any gains and losses on property and equipment.",0,0,CIX_10-Q_MD&A_0019
We believe that a critical component of our success has been our corporate culture.,0,0,CRCT_10-K_Risk Factors_0428
"Despite strengthening demand, the region experienced significant supply chain challenges and an unfavorable currency exchange impact.",0,0,TWIN_10-K_MD&A_0038
"If a natural or man-made disaster strikes any of our manufacturing facilities, we will be unable to manufacture our products for a substantial amount of time and our sales will decline.",0,0,PRLB_10-K_Risk Factors_0072
"If any of our officers or directors becomes aware of a business combination opportunity that falls within the line of business of any entity to which he or she has pre-existing fiduciary or contractual obligations, he or she may be required to present such business combination opportunity to such entity prior to presenting such business combination opportunity to us, subject to his or her fiduciary duties under Delaware law and any other applicable fiduciary duties, and only present it to us if such entity rejects the opportunity.",1,1,DTI_10-K_Risk Factors_0215
"A summary of our segments - Print and Other and Financing (FITTLE) - is as follows: Three Months Ended March 31, % of Total (in millions) 2023 2022 % Change 2023 2022 Revenue Print and Other $ 1,613 $ 1,550 4.1 % 94 % 93 % FITTLE 154 158 (2.5) % 9 % 9 % Intersegment Elimination (1) (52) (40) 30.0 % (3) % (2) % Total Revenue $ 1,715 $ 1,668 2.8 % 100 % 100 % Profit Print and Other $ 106 $ (20) nm 90 % nm FITTLE 12 17 (29.4) % 10 % nm Total Profit $ 118 $ (3) nm 100 % nm ____________________________ (1) Reflects revenue, primarily commissions and other payments, made by the FITTLE segment to the Print and Other segment for the lease of Xerox equipment placements. nm - Change is not meaningful.",0,0,XRX_10-Q_MD&A_0042
Backlog can be significantly affected by the receipt or loss of individual contracts.,0,0,VATE_10-Q_MD&A_0140
Such an increase in indebtedness could adversely affect the Company’s financial results or ability to incur additional debt and could negatively impact credit ratings.,0,1,EML_10-K_Risk Factors_0014
"If we are restricted from operating in one or more countries, our ability to attract and engage users in those regions may be adversely affected, and we may not be able to grow our business as we anticipate.",0,0,CRCT_10-K_Risk Factors_0316
"Our effective tax rate of 47.2% for the three months ended March 31, 2023 increased 14.3% compared to 32.9% for the same period in 2022.",0,0,PRLB_10-Q_Risk Factors_0087
Quantitative and Qualitative Disclosures About Market Risk The Company is subject to market risk associated with changes in foreign currency exchange rates and interest rates as well as inflationary factors.,0,0,IEX_10-Q_MD&A_0275
Competition for highly skilled personnel in our industry is often intense.,0,0,CRCT_10-Q_Risk Factors_0267
"Our financial performance is significantly dependent on our ability to maintain this leading position, which is further dependent on the investments we make in research and development.",0,0,OUST_10-Q_MD&A_0070
"Liquidity and Capital Resources As of December 31, 2022, we had raised net proceeds of $428.3 million, comprised of approximately $278.3 million from the Merger and the PIPE Financing closed on September 29, 2021, and $150.0 million from the issuance of redeemable convertible preferred stock (series A to series D), third-party financing and convertible notes.",1,1,VELO_10-K_MD&A_0169
"Upon redemption of our public shares, if we are unable to complete our initial business combination within the prescribed time frame, or upon the exercise of a redemption right in connection with our initial business combination, we will be required to provide for payment of claims of creditors that were not waived that may be brought against us within the 10 years following redemption.",1,1,DTI_10-K_Risk Factors_0144
"During 2022 , we purchased 1,264,088 shares of our outstanding common stock for an aggregate purchase price of $36.9 million .",0,0,TRS_10-K_MD&A_0068
The Company’s customers could carry products that directly compete with the Company’s products for retail space and consumer purchases.,0,1,LCUT_10-K_Risk Factors_0203
Other legislative changes have been proposed and adopted in the United States since the ACA was enacted.,0,0,EKSO_10-K_Risk Factors_0322
"The noncash charges primarily consisted of the loss on the convertible note modification of $50.6 million and the change in fair value related to the warrants of $5.2 million, and depreciation and amortization and stock-based compensation expense, offset by the change in fair value related to the contingent earnout liabilities of $9.3 million.",1,0,VELO_10-K_MD&A_0216
"There are significant risks and costs inherent in doing business in international target markets, including: • difficulty establishing and managing international operations and the increased travel, infrastructure, including establishment of local delivery service and Cricut Member Care operations, and legal compliance costs associated with locations in different countries or regions; 47 Table of Contents • difficulty accessing and maintaining operations with international brick-and-mortar and online retail partners and distribution channels that may be small, fragmented or complex; • the need to vary pricing and margins to effectively compete in international target markets; • the need to adapt, translate and localize products for specific countries, comply with country-specific product safety and liability laws, as well as obtaining rights to third-party intellectual property used in each country; • increased competition from local providers of competing or imitation products; • the ability to protect and enforce intellectual property rights abroad; • the need to offer content and customer support in various languages; • difficulties in understanding and complying with local laws, regulations and customs in other jurisdictions; • compliance with anti-bribery laws, such as the U.S.",1,1,CRCT_10-K_Risk Factors_0740
"Major coal consumers include China, the U.S. and India.",0,0,FTEK_10-K_MD&A_0035
"Many of the Company’s wholesale customers are significantly larger than the Company, have greater financial and other resources and also purchase goods directly from vendors in Asia and elsewhere.",0,0,LCUT_10-K_Risk Factors_0175
"A shut-down of, or inability to access, one or more of the Company’s facilities, a power outage, a ransomware incident, or a failure of one or more of the Company’s information technology, telecommunications or other systems could significantly impair the Company’s ability to perform such functions on a timely basis.",0,0,EML_10-K_Risk Factors_0114
Many of the components and finished goods we import from China are subject to tariffs enacted by the United States government.,0,0,SXI_10-K_Risk Factors_0051
John Deere strives to ensure that human rights are upheld for our employees and all workers in our supply chain.,0,1,DE_10-K_Risk Factors_0294
"The pursuit of potential acquisitions may divert the attention of management and cause us to incur various expenses related to identifying, investigating, and pursuing suitable acquisitions, whether or not they are consummated.",0,0,EVLV_10-K_Risk Factors_0277
"The results of our segments are primarily driven by changes in capital spending by oil and gas companies, which largely depend upon current and anticipated future crude oil and natural gas demand, production volumes, and consequently, commodity prices.",0,0,FTI_10-K_MD&A_0006
"The $5.1 million of fees and expenses related to the 2029 Senior Notes were capitalized as debt issuance costs, while the $7.3 million redemption premium as well as $3.0 million of unamortized debt issuance costs associated with the 2025 Senior Notes were expensed in the second quarter of 2021.",1,0,TRS_10-K_MD&A_0045
"We have made minority investments in entities in which we do not have sole control, which present risks in addition to those that apply to other investments or acquisitions.",0,0,VELO_10-K_Risk Factors_0129
"Revenue Recognition We account for revenue in accordance with ASU 2014-09, Revenue from Contracts with Customers (Topic 606) , and all of the related amendments, collectively referred to as “Topic 606”.",1,1,WFRD_10-K_MD&A_0130
"For example, our revenue grew from $486.6 million in 2019 to $1,306.2 million in 2021 before reducing to $886.3 million 39 in 2022.",0,0,CRCT_10-Q_Risk Factors_0171
"We expect to provide cash by financing activities by issuing new equity pursuant to the ATM Sales Agreement, under the Shelf Registration Statement or otherwise or incurring new debt to continue operations.",0,0,VELO_10-K_MD&A_0223
"At June 30, 2022 and 2021, treasury stock consisted of 960,459 and 984,139 shares of common stock, respectively.",0,0,TWIN_10-K_MD&A_0502
Components of Results of Operations Revenue The majority of our revenue comes from the sale of our digital lidar sensors and accessories both directly to end users and through distributors both domestically and internationally.,0,0,OUST_10-K_MD&A_0088
"The increase on a constant currency basis was driven by organic revenue growth of $221 million, reflecting strong organic growth across all three segments and in all of our major geographic regions.",0,0,XYL_10-Q_Risk Factors_0059
"We cannot assure our business will generate sufficient cash flow from operations, or future borrowings will be available to us in an amount sufficient to fund our liquidity needs.",0,0,EKSO_10-K_Risk Factors_0141
"If we are slow or unable to adapt to any such changes, our business, operating results and financial condition could be adversely affected.",0,0,EKSO_10-K_Risk Factors_0339
"As of December 31, 2022 , there was $ 3.9 million of total unrecognized compensation cost related to unvested stock options, which is expected to be recognized over a weighted average period of 2.6 years.",0,0,PRLB_10-K_MD&A_0521
"However, if those funds are not sufficient to cover the costs and expenses associated with implementing our plan of dissolution, to the extent that there is any interest accrued in the trust account not required to pay taxes, we may request the trustee to release to us an additional amount of up to $100,000 of such accrued interest to pay those costs and expenses.",1,1,DTI_10-K_Risk Factors_0135
The first phase of construction of Y7 is complete and output is expected to commence in the first half of 2023.,0,0,WDC_10-K_Risk Factors_0043
"We believe EVO has industrial applications across a broad range of market verticals, and the unit is currently targeting end markets in aerospace, automotive, manufacturing, commercial construction, and renewable energy.",0,0,EKSO_10-Q_MD&A_0032
"In addition, a significant portion of our data and information is hosted in a cloud-computing environment, where design apps and data are hosted, accessed and processed through a third-party provider over a broadband Internet connection.",0,0,CRCT_10-K_Risk Factors_0691
"In each of the geographic markets, bank sponsorship is required in order to process transactions over certain networks.",0,0,VYX_10-K_Risk Factors_0095
"The Personal Systems segment offers commercial and consumer desktop and notebook PCs, workstations, thin clients, commercial mobility devices, retail POS systems, displays and peripherals, software, support, and services.",0,0,HPQ_10-K_MD&A_0013
"In response to employee input in 2022, we expanded benefit access for our employees to caregivers and enhanced behavioral health benefits for dependent children in the U.S.; enhanced medical coverage in our larger countries; and offered flexible benefits in India.",0,0,WDC_10-K_Risk Factors_0104
"In connection with the New Credit Agreement, the Company incurred and capitalized $ 1.3 million of debt issuance costs in addition to $ 0.3 million of existing unamortized debt issuance costs with the 2020 Credit Agreement which remained deferred, resulting a total deferral of debt issuance costs of $ 1.6 million as of the date of the New Credit Agreement.",1,1,CRCT_10-K_MD&A_0592
"Controls and Procedures Evaluation of Disclosure Controls and Procedures Our management, with the participation of our Chief Executive Officer and Chief Financial Officer, has evaluated the effectiveness of the design and operation of our disclosure controls and procedures (as defined in Rule 13a-15(e) under the Securities Exchange Act of 1934 (Exchange Act)) as of the end of the period covered by this report.",1,0,PRLB_10-Q_Risk Factors_0114
"Any of these occurrences could disrupt our business, result in potential liability or reputational damage or otherwise have an adverse effect on our financial results.",0,0,AZZ_10-K_Risk Factors_0055
"For example, the CCPA gives California residents expanded rights to access personal information, request deletion of personal information, opt out of certain personal information sharing and receive detailed information about how their personal information is collected and used.",0,0,CRCT_10-Q_Risk Factors_0675
Additional risks that the Company is not aware of or does not believe are material at the time of this filing may also become important factors that adversely affect the Company’s business.,0,0,IEX_10-K_Risk Factors_0004
"In June 2022, we entered into an uncommitted revolving credit facility that allows us to borrow up to €100.0 million (or approximately $108.9 million as of March 31, 2023).",0,0,AGCO_10-Q_MD&A_0104
"Any negative publicity related to the perceived quality of our products could affect our brand image, partner and customer demand, and adversely affect our operating results and financial condition.",0,0,OUST_10-K_Risk Factors_0150
"Net sales decreased by $2.5 million due to currency exchange, as our reported results in U.S. dollars were unfavorably impacted as a result of the strengthening U.S. dollar relative to foreign currencies, as compared to first quarter 2022.",0,0,TRS_10-Q_MD&A_0069
"If our suppliers or manufacturers are unable or unwilling to recall products failing to meet our quality standards, we may be required to recall those products at a substantial cost to us.",0,0,CRCT_10-K_Risk Factors_0355
"We center our sustainability efforts around four strategic focus areas where we believe we can have the biggest impact: • Decarbonizing our operations and products • Advancing soil health and soil carbon sequestration through smart solutions • Prioritizing animal welfare in food production • Elevating employee health, safety and well-being Decarbonizing our Operations and Products We believe a combination of strategies will be needed to achieve AGCO’s decarbonization goals.",0,0,AGCO_10-K_Risk Factors_0001
"In order to protect our trade secrets and proprietary information, we rely in significant part on confidentiality arrangements with our employees, licensees, independent contractors, advisors, suppliers, reseller partners, and customers.",0,0,EVLV_10-K_Risk Factors_0330
The Company believes it has sufficient operating cash flows to continue to meet current obligations and invest in planned capital expenditures.,0,0,IEX_10-Q_Risk Factors_0059
"In the normal course of business, the Company provides credit terms to its customers.",0,0,CRCT_10-K_MD&A_0375
"Fair value is primarily determined using discounted cash flow analyses; however, other methods may be used to determine the fair value, including third party valuations when necessary.",0,1,TWIN_10-K_MD&A_0335
"The interest rate spread is based upon the leverage ratio, as defined, as of the most recent determination date.",1,1,TRS_10-Q_MD&A_0114
Our cash requirements also include personnel costs including awards under our employee incentive programs as well as other amounts to settle litigation related matters.,0,0,WFRD_10-Q_MD&A_0110
The Company’s cash equivalents measured at fair value consist of money market mutual funds.,0,0,PRLB_10-K_Risk Factors_0764
"Our current cash balance, together with cash we expect to generate from future operations along with our borrowings available under our revolving credit facility is expected to be sufficient to finance our short- and long-term capital requirements, as well as to fund expected pension contributions.",0,1,CR_10-Q_MD&A_0048
The maximum number of shares that may yet be purchased under the December 2019 plan was 2.4 million shares based on the end of the first quarter 2023 closing share price of $418.18 per share.,0,0,DE_10-Q_MD&A_0151
"Additionally, John Deere works to provide immersive learning experiences to improve workplace equity and inclusion.",0,0,DE_10-K_MD&A_0265
"Our principal offices are located in Campbell, California.",0,0,VELO_10-K_Risk Factors_0371
"Although the Company’s accounts receivable are dispersed among a large customer base, a significant change in the liquidity or financial position of any one of its largest customers could have a material adverse impact on the collectability of its accounts receivable and future operating results. 20 Inventory Inventories are valued at the lower of cost or net realizable value.",0,0,TWIN_10-K_MD&A_0176
"We maintain reserves for excess, slow moving and obsolete inventory and we may periodically recognize additional charges for inventory in which we determine there is no forecasted demand.",0,0,WFRD_10-K_MD&A_0084
"If and when the warrants become redeemable by us, we may exercise our redemption right even if we are unable to register or qualify the underlying securities for sale under all applicable state securities laws.",0,0,VELO_10-K_Risk Factors_0564
Judgment is required in determining whether each performance obligation within a customer contract is distinct.,1,0,SMCI_10-K_MD&A_0054
"During 2021, the Company sold over 49,000 engines of which approximately 52% utilized propane or natural gas as their fuel source and 39% utilized gasoline.",0,1,PSIX_10-K_MD&A_0022
"The share repurchase program is effective until January 31, 2024 or until the maximum amount of common stock is repurchased, whichever occurs first.",0,0,SMCI_10-K_MD&A_0221
"Furthermore, our competitors may attempt to adopt and improve upon key aspects of our business model, such as development of technology that automates much of the manual labor conventionally required to quote and manufacture custom parts, implementation of interactive web-based and automated user interface and quoting systems and/or building scalable operating models specifically designed for efficient custom production.",0,0,PRLB_10-K_Risk Factors_0009
"Our R&D expenses were $64.3 million and $34.6 million during the years ended December 31, 2022 and 2021, respectively, and are likely to grow in the future, particularly as a result of the Velodyne Merger.",0,0,OUST_10-K_Risk Factors_0035
"Cost of products and services of $790 million in the three months ended March 31, 2023, increased $108 million, or 16% compared to the three months ended March 31, 2022.",0,0,WFRD_10-Q_MD&A_0032
"At December 31, 2022 , we had 1,899,250 equity awards available for issuance under the Incentive Plan.",0,0,FTEK_10-K_MD&A_0576
"As a percentage of revenue, the gross margin was 10.9% and 0.1% for the three months ended March 31, 2023 and 2022, respectively.",0,0,VELO_10-Q_MD&A_0117
Our organization and talent planning processes include reviews with business leaders to build our talent pipeline.,0,0,XRX_10-K_MD&A_0107
"The fair value of contingent consideration associated with the acquisition of Hubs decreased $12.5 million during 2021. 42 Table of Contents Income (Loss) from Operations Income from operations decreased $138.3 million, or 342.9%, for 2022 compared with 2021.",1,0,PRLB_10-K_Risk Factors_0415
"If we are unable to successfully introduce new products and product enhancements, our future growth could be impaired.",0,0,SXI_10-K_Risk Factors_0041
"In addition, even where a contract proceeds as scheduled, it is possible that contracted parties may default and fail to pay amounts owed to us or poor contract performance could increase the cost associated with a contract.",0,0,BW_10-K_Risk Factors_0058
"In constant currency, this entity experienced a slight increase in sales (1.3%) as recovering market demand was hampered somewhat by supply chain challenges.",0,0,TWIN_10-K_MD&A_0019
"On a trailing twelve-month basis (TTM), bad debt expense was approximately 1.0% of total receivables (excluding the reserve releases in the first quarter 2023).",0,0,XRX_10-Q_MD&A_0101
"The FDIC created a successor bridge bank, SVBB, and all deposits of SVB were transferred to SVBB under a systemic risk exception approved by the Federal Reserve, the U.S.",0,1,EVLV_10-K_MD&A_0177
Inflation Risk The Company sources a wide variety of materials and components from a network of global suppliers.,0,0,IEX_10-Q_Risk Factors_0112
The Company has also observed significant delays and disruptions of its service providers and negative 34 impacts to pricing of certain of its products.,0,0,BW_10-Q_MD&A_0007
"Warrant Liabilities We use the Black-Scholes option-pricing model to value our warrant liabilities at each reporting period, which requires the input of highly subjective assumptions, most notably the estimated volatility of our common stock over the expected term.",1,0,EKSO_10-K_MD&A_0114
"Because of its inherent limitations, internal control over financial reporting may not prevent or detect misstatements.",0,0,PRLB_10-K_MD&A_0300
Management’s determination of our reporting segments was made on the basis of our strategic priorities and corresponds to the manner in which our Chief Executive Officer reviews and evaluates operating performance to make decisions about resource allocations to each segment.,0,0,FTI_10-K_MD&A_0003
"While we believe that in each of those cases, the investigations determined a different cause of the fire, any perception that our products are unsafe could harm our reputation and sales and use of our products.",0,0,CRCT_10-Q_Risk Factors_0363
"In addition, we will incur additional costs to comply with the potential disclosure requirements, including costs related to conducting diligence procedures to determine the sources of minerals that may be used or necessary to the production of our products and, if applicable, potential changes to products, processes or sources of supply as a consequence of such due diligence activities.",0,0,CRCT_10-K_Risk Factors_0576
"We also have audited, in accordance with the standards of the Public Company Accounting Oversight Board (United States) (“PCAOB”), the Company's internal control over financial reporting as of December 31, 2022, based on criteria established in Internal Control – Integrated Framework (2013) issued by the Committee of Sponsoring Organizations of the Treadway Commission (“COSO”) and our report dated March 13, 2023 expressed an unqualified opinion thereon.",1,1,CRCT_10-K_MD&A_0271
"While we have historically transacted the majority of our business in U.S. dollars, we also transact in some foreign currencies, such as the Australian Dollar, Canadian Dollar, Chinese Yuan, Euro, British Pound Sterling and Malaysian Ringgit, and we may transact in more foreign currencies in the future.",0,0,CRCT_10-Q_Risk Factors_0789
"For example, in May 2018, the GDPR went into effect in the EU.",0,0,CRCT_10-Q_Risk Factors_0634
"The Company’s Swiss manufacturing operation, which supplies customized propellers for the global mega yacht and patrol boat markets, was up $0.3 million (33.1%) compared to the prior year third quarter. 20 Our distribution segment experienced an increase in sales of $10.1 million (42.6%) in the third quarter of fiscal 2023 compared to the third quarter of fiscal 2022.",0,0,TWIN_10-Q_Risk Factors_0013
"The range of payment terms we negotiate with our suppliers is consistent, irrespective of whether a supplier participates in the programs.",0,0,PH_10-Q_MD&A_0165
"For injection molding contracts with multiple performance obligations, we allocate revenue to each performance obligation based on its relative standalone selling price.",1,0,PRLB_10-K_MD&A_0169
John Deere manufactures its production and precision agriculture equipment for sale primarily through independent retail dealer networks.,0,0,DE_10-K_MD&A_0057
"The increase of $64.0 million, or 261.7%, is primarily due to the divestiture of the Procon business for a gain of $62.1 million as well as income from organic sales increases and pricing actions, along with cost reduction activities and productivity improvement initiatives, partially offset by foreign currency, material inflation, and increased logistics and labor costs.",0,0,SXI_10-Q_MD&A_0072
"While our Specialty Products segment continues to grow to meet higher industrial demand, and is converting that demand at near record-level margins, the macro-economic impacts are more challenging in our Packaging segment, primarily due to significantly elevated inventory positions and uncertainty regarding future consumer sentiment in the current inflationary environment, all of which have reduced current demand levels, and in our Aerospace segment, which is experiencing strong order intake but is challenged with material constraints.",0,0,TRS_10-Q_MD&A_0172
"To the extent we expand our international activities, our exposure to unauthorized copying and use of our technology and proprietary information may increase.",0,0,EVLV_10-K_Risk Factors_0307
"Functional-specific programs include HPT training, lean bootcamps and kaizen event orientations.",0,0,PH_10-K_Risk Factors_0043
"In addition, regardless of the level of insurance coverage, damage to our facilities may have a material adverse effect on our business, financial condition and operating results.",0,0,VELO_10-K_Risk Factors_0379
"As our product categories mature, new competitive forces and competitors may emerge.",0,0,CRCT_10-Q_Risk Factors_0126
"If we do not complete our initial business combination, our public stockholders may receive only their pro rata portion of the funds in the trust account that are available for distribution to public stockholders, and our warrants will expire worthless.",0,0,AIRJ_10-K_Risk Factors_0090
"The Company’s international operations present special challenges that the Company may not be able to meet, and this could materially and adversely affect the Company’s financial results.",0,0,LCUT_10-K_Risk Factors_0310
Competition also places downward pressure on DBMG’s contract prices and margins.,0,0,VATE_10-K_Risk Factors_0016
Coal-fired power plants have been scrutinized by environmental groups and government regulators over the emissions of potentially harmful pollutants and the disposal of waste ash from the combustion process.,0,0,BW_10-K_Risk Factors_0121
"As a result, our stockholders may not have access to certain information they may deem important.",0,0,VELO_10-K_Risk Factors_0520
"Capitalized Software Costs We follow ASC 350-40, Intangibles – Goodwill and Other, Internal-Use Software , in accounting for internally developed software.",1,0,PRLB_10-K_MD&A_0187
We face various risks and uncertainties related to the ongoing global COVID-19 pandemic.,0,0,VELO_10-K_Risk Factors_0304
"We believe our customers are facing increased pressure to shorten product life-cycles, to embed products with connectivity driven by the internet of things technology, and to deliver products that are personalized and customized to unique customer specifications.",0,0,PRLB_10-K_MD&A_0035
"Introduction TriMas designs, develops and manufactures a diverse set of products primarily for the consumer products, aerospace & defense and industrial markets through its TriMas Packaging, TriMas Aerospace and Specialty Products groups.",0,0,TRS_10-Q_MD&A_0004
"Goodwill is allocated to our reporting units, which are determined by the discrete financial information available for the component and whether it is regularly reviewed by segment management.",1,1,PRLB_10-K_Risk Factors_0476
"Further, a higher percentage of sales were made through our channel partners, which are generally at a lower average sale price, and therefore a lower gross margin, during the year ended December 31, 2022 compared to the prior year.",0,0,EVLV_10-K_MD&A_0127
Coverage policies and reimbursement levels of third-party payers may impact sales of our products.,0,0,EKSO_10-K_Risk Factors_0053
"However, we will seek stockholder approval if it is required by law or applicable stock exchange rule (as is the case in the Drilling Tools Business Combination), or we may decide to seek stockholder approval for business or other legal reasons.",0,0,DTI_10-K_Risk Factors_0027
"Acquisitions All of the Company’s acquisitions of businesses have been accounted for under Accounting Standards Codification (“ASC”) 805, Business Combinations .",1,1,IEX_10-Q_MD&A_0003
"Those standards require that we plan and perform the audit to obtain reasonable assurance about whether the financial statements are free of material misstatement, whether due to error or fraud.",0,0,PRLB_10-K_MD&A_0260
The organic order declines of $96 million in the current quarter are lapping strong organic order growth of 25% in the prior year.,0,0,XYL_10-Q_MD&A_0109
"Additionally, the Company may not be able to successfully integrate future acquired businesses into its existing business without substantial costs, delays or other operational or financial difficulties.",0,0,LCUT_10-K_Risk Factors_0098
IDEX’s products are sold in niche markets across a wide range of industries throughout the world.,0,0,IEX_10-K_MD&A_0007
"In particular, significant judgment is required in evaluating our tax positions and our worldwide provision for taxes.",1,0,EVLV_10-K_Risk Factors_0467
"For directors, options generally become exercisable in full on the first anniversary of the grant date.",0,0,PRLB_10-K_Risk Factors_0817
"We intend to maintain a portion of our manufacturing at this facility; however, in 2019, we began moving a portion of our manufacturing operations to a manufacturing facility in Thailand in connection with our relationship with Benchmark, which for the year ended December 31, 2022, accounted for a majority of our manufacturing output.",0,0,OUST_10-K_Risk Factors_0306
"Significant changes or financial difficulties, including consolidations of ownership, restructurings, bankruptcies, 15 Table of Contents liquidations or other events that affect retailers, could result in fewer retailers selling the Company’s products, reliance on a smaller group of customers, an increase in the risk of extending credit to these customers or limitations on the Company’s ability to collect amounts due from these customers.",0,0,LCUT_10-K_Risk Factors_0177
"Cost of Revenue Cost of revenue consists of the manufacturing cost of our digital lidar sensors, which primarily consists of sensor components, personnel-related expenses, including salaries, benefits, and stock-based compensation directly associated with our manufacturing organization, and amounts paid to our third-party contract manufacturer and vendors.",0,0,OUST_10-K_MD&A_0100
"It remains uncertain how long any of these conditions may last or how severe any of them may become. ​ Consolidated Sales and Earnings ​ ​ ​ ​ ​ ​ ​ ​ ​ ​ Three Months Ended March 31, ​ ($ in millions) 2023 2022 ​ ​ ​ ​ ​ ​ ​ ​ ​ Net sales ​ $ 3,489 ​ $ 3,716 ​ Net earnings attributable to Ball Corporation ​ ​ 177 ​ ​ 446 ​ Net earnings attributable to Ball Corporation as a % of net sales ​ ​ 5 % ​ 12 % ​ Sales in the three months ended March 31, 2023, decreased compared to the same period in 2022 primarily due to the sale of our Russian aluminum beverage packaging business in the third quarter of 2022, currency translation, decreased volumes and the pass-through of lower aluminum prices, partially offset by the pass-through of inflationary costs. ​ Net earnings attributable to Ball Corporation for the three months ended March 31, 2023, decreased compared to the same period in 2022 primarily due to the gain on sale of our remaining equity method investment in Ball Metalpack in 2022, the sale of our Russian aluminum beverage packaging business in the third quarter of 2022, lower volumes and 26 Table of Contents increased interest expense, partially offset by fixed cost savings from rightsizing production, lower depreciation expense associated with the third quarter 2022 revision of estimated useful lives, SG&A cost-out initiatives and the pass-through of inflationary costs. ​ Cost of Sales (Excluding Depreciation and Amortization) ​ Cost of sales, excluding depreciation and amortization, was $2,845 million and $3,016 million for the three months ended March 31, 2023 and 2022, respectively.",0,0,BALL_10-Q_MD&A_0027
Unauthorized use of our technology may result in the development of products that compete with our products.,0,0,LOGI_10-K_Risk Factors_0009
"They are summarized as follows: Long-lived assets 2022 2021 United States $ 32,293 $ 34,629 Netherlands 10,471 12,447 Belgium 6,760 8,575 Italy 1,244 1,525 Switzerland 923 503 Other countries 5,191 5,776 Total $ 56,883 $ 63,455 There was one customer, an authorized distributor of the Company, that accounted for 10 % of consolidated net sales in fiscal year 2022.",0,0,TWIN_10-K_MD&A_0527
"Current global economic conditions, resulting from the COVID-19 pandemic and other factors, are highly volatile.",0,0,EML_10-K_MD&A_0021
"Forward-looking statements can also be identified by words such as “future,” “anticipates,” “believes,” “estimates,” “expects,” “intends,” “plans,” “predicts,” “will,” “would,” “could,” “can,” “may,” and similar terms.",0,0,AAPL_10-Q_MD&A_0003
"Those traditional manufacturing technologies rely on processes, including casting, stamping and forging, that typically require high volumes to drive competitive costs and have long lead times for production.",0,0,VELO_10-K_MD&A_0012
"At December 31, 2022 , the amount of funds collateralized under the Investment Collateral Security agreeme nt is $ 1,034 relating to existing standby letters of credit with varying maturity dates and expire no later than December 31, 2024.",0,0,FTEK_10-K_MD&A_0314
Liquidity and Capital Resources Our operations during the periods presented have been financed primarily through cash flow from operating activities and the net proceeds from our initial public offering in March of 2021.,0,0,CRCT_10-Q_MD&A_0120
"DBMG believes that its existing borrowing availability together with cash from operations will be adequate to meet all funding requirements for its operating expenses, interest payments on debt and capital expenditures for the foreseeable future.",0,0,VATE_10-Q_MD&A_0243
We may face exposure to foreign currency exchange rate fluctuations.,0,0,CRCT_10-K_Risk Factors_0783
"In the year ended December 31, 2022, our common stock traded as high as $61.14 and as low as $22.04.",0,0,PRLB_10-K_Risk Factors_0238
"In fiscal year 2022, the recordable incident rate per 100 team members was 0.39, compared to a recordable incident rate of 0.40 in fiscal year 2021.",0,0,PH_10-K_Risk Factors_0020
"Cash flows from investing activities used net cash of $2.2 million in the three months ended March 31, 2023, primarily due to capital expenditures.",0,0,BW_10-Q_MD&A_0128
Our contingent consideration liability is related to our acquisition of Hubs in 2021 and is evaluated quarterly for changes in fair value.,0,0,PRLB_10-K_MD&A_0079
"Additionally, as these events and other global economic factors have led to an increased inflationary environment, we continue to monitor and manage the effects of inflation with the goal of minimizing its impact on our business, operations, and financial results.",0,0,PH_10-Q_MD&A_0021
"In addition, Brexit, and the ongoing negotiations of the future trading relationship between the United Kingdom and the EU during the transition period, have yet to provide clarity on what the outcome will be for the United Kingdom or Europe.",0,0,CRCT_10-K_Risk Factors_0748
State consumer protection laws provide similar causes of action for unfair or deceptive practices.,0,0,EVLV_10-K_Risk Factors_0403
It includes unearned revenue and amounts that will be invoiced and recognized as revenue in future periods.,0,0,VELO_10-K_MD&A_0287
"These charges primarily result from actions taken to outsource certain tasks to offshore service providers or to transfer administrative and compliance tasks to global service providers as part of our strategic efforts to reduce future selling, general and administrative costs.",0,0,BW_10-Q_MD&A_0092
"The maturity date under the Credit Agreement is October 17, 2026 provided, that if more than $ 50 million of our Exit Notes are outstanding on such date, the maturity date will be August 30, 2024.",1,0,WFRD_10-K_MD&A_0245
The ESPP provides for six-month offering periods with a single purchase period.,0,0,PRLB_10-K_MD&A_0209
We may not be able to fully realize the anticipated benefits of any future acquisitions or anticipated benefits may not transpire.,0,0,EVLV_10-K_Risk Factors_0276
"The tax rate was impacted in the current period by the following items: (i) a discrete tax benefit related to the partial release of a valuation allowance previously recorded against deferred tax assets and connected to capital loss carryforwards, resulting from the utilization of capital loss carryforward to offset capital gain from the sale of Procon (ii) a discrete tax expense related to provision to return adjustments as a result of a change in tax rate for the Company’s operations within China's tax jurisdiction, (iii) a discrete tax benefit related to provision to return adjustments associated with federal and state research and development tax credits, (iv) the jurisdictional mix of earnings and (v) foreign withholding taxes.",1,1,SXI_10-Q_MD&A_0079
"We generate a disproportionate amount of sales activity related to our products during the fourth quarter, due in large part to seasonal holiday demand.",0,0,CRCT_10-Q_Risk Factors_0189
"The Company conducts business outside of the United States through subsidiaries, affiliates and joint ventures.",0,0,LCUT_10-K_Risk Factors_0311
"DEBT Long-term debt consisted of the following at June 30: 2022 2021 Credit Agreement Debt Revolving loans (expire June 2025) $ 22,968 $ 15,415 Term loan (due March 2026) 13,500 16,500 Other 75 170 Subtotal 36,543 32,085 Less: current maturities ( 2,000 ) ( 2,000 ) Total long-term debt $ 34,543 $ 30,085 Credit Agreement Debt : On June 29, 2018, the Company entered into a Credit Agreement (the “Credit Agreement”) with BMO Harris Bank N.A. (“BMO”) that provided for the assignment and assumption of the previously existing loans between the Company and Bank of Montreal (the “2016 Credit Agreement”) and subsequent amendments into a term loan (the “Term Loan”) and revolving credit loans (each a “Revolving Loan” and, collectively, the “Revolving Loans,” and, together with the Term Loan, the “Loans”).",1,1,TWIN_10-K_MD&A_0400
"In an effort to contain COVID-19 or slow its spread, governments around the world have enacted various measures, including orders that govern the operations of businesses.",0,0,SMCI_10-K_MD&A_0016
"We have divested, and likely will continue to divest, businesses that we feel are not strategic or do not meet our growth and return expectations. 25 As part of our ongoing strategy: ● In the third quarter of fiscal year 2023, w e divested our Procon business for $75 million.",0,0,SXI_10-Q_MD&A_0016
This change in revenue on a constant currency basis is calculated as the quotient of (a) current year revenue converted to U.S. dollars using the prior-year period's foreign currency exchange rates divided by (b) the prior-year period revenue.,1,0,HPE_10-Q_MD&A_0056
"Even after regulatory clearance or approval has been granted, a cleared or approved product and its manufacturer are subject to extensive regulatory requirements relating to manufacturing, labeling, packaging, adverse event reporting, storage, advertising and promotion, recordkeeping, and recalls and field safety corrective actions of the product.",1,0,EKSO_10-K_Risk Factors_0235
We have been experiencing unfavorable purchase price variance and situational expedite fees in order to meet production and delivery timelines.,0,0,OUST_10-K_MD&A_0035
Our Arrow Engine business in our Specialty Products segment is sensitive to the demand for natural gas and crude oil in North America.,0,0,TRS_10-K_MD&A_0061
CNC Machining revenue consists of sales of CNC-machined and lathe-turned customer parts. 3D Printing revenue consists of sales of 3D -printed parts.,0,0,PRLB_10-K_Risk Factors_0881
We also use cross-currency swap agreements to mitigate currency risks associated with the net investment in certain of our foreign subsidiaries.,1,0,TRS_10-Q_MD&A_0158
"Since our formation, we have developed leading technology and engineering expertise through the continual evolution of our pressure exchanger technology, which can enhance environmental sustainability and improve productivity by reducing waste and energy consumption in high-pressure industrial fluid-flow systems.",0,0,ERII_10-Q_MD&A_0007
"Other factors affecting our gross profit include changes to our material costs, assembly costs that are themselves dependent upon improvements to yield, and any increase in assembly overhead to support a greater number of 3D Printers sold and markets served.",0,0,VELO_10-Q_MD&A_0077
We recognize we play an important role in respecting and upholding human rights around the world.,0,0,IR_10-K_Risk Factors_0174
"Financing Arrangements We had no financing arrangements as of December 31, 2022 and 2021.",0,0,PRLB_10-K_Risk Factors_0452
"The inputs for fair value calculations of intangible assets and property and equipment, would be based on Level 3 inputs as data used for such fair value calculations would be based on discounted cash flows that are not observable from the market, directly or indirectly.",1,0,CRCT_10-K_MD&A_0443
We expect disruption of the supply chain and longer lead times to continue for the foreseeable future and therefore expect to continue to carry larger amounts of inventory than we would if the supply chain were functioning more normally and predictably.,0,0,SMCI_10-K_MD&A_0227
"The Company’s obligations to make payments under this agreement are expressly stated not to be a guaranty of any specific indebtedness, obligation, or liability of Capital Corporation and are enforceable only by or in the name of Capital Corporation.",1,0,DE_10-K_MD&A_0204
"Operational and performance issues with our platform could include the failure of our user interface, outages, errors during upgrades or patches, unanticipated volume overwhelming our systems, server failure or catastrophic events affecting one or more server farms.",0,0,CRCT_10-Q_Risk Factors_0233
"To increase the talent level of our diverse candidate pools, we adopted a skills-based philosophy that screens and hires employees based on capabilities and potential, and we plan to continue the implementation of these practices in 2023.",0,0,WDC_10-K_Risk Factors_0107
"Cash flows from operating activities were $17.8 million during the three months ended March 31, 2022 and primarily consisted of net income of $5.1 million, adjusted for certain non-cash items, including depreciation and amortization of $10.2 million and stock-based compensation expense of $4.4 million, which were partially offset by changes in operating assets and liabilities and other items totaling $1.9 million.",0,0,PRLB_10-Q_MD&A_0103
"The Company groups individual assets at the lowest level of identifiable cash flows and, if impairment triggers are present, performs an undiscounted cash flow analysis to identify assets or asset groups that may not be recoverable.",1,0,WFRD_10-K_MD&A_0102
"Additionally, other manufacturers may be able to produce successful personal desktop manufacturing devices which imitate our designs without infringing any of our copyrights, patents, trademarks or trade dress.",0,0,CRCT_10-K_Risk Factors_0807
"If we acquire additional businesses, we may not be able to assimilate or integrate the acquired personnel, operations, products, services and technologies successfully or effectively manage the combined business following the acquisition and our management may be distracted from operating our business.",0,0,EVLV_10-K_Risk Factors_0279
"Consolidated gross margin decreased 12.4 percentage points for the nine months ended March 31, 2023 from the comparable period in the prior year, with approximately 2 percentage points of the decline due to the net charges noted above and the remainder driven by the lower average selling prices per gigabyte in Flash.",0,0,WDC_10-Q_MD&A_0072
"In the event that our users are unable to access our platform or suffer operational issues with our platform, it could negatively affect their experience with our products and platform and harm our reputation.",0,0,CRCT_10-K_Risk Factors_0235
"We have a particular focus on identifying and investing in opportunities that complement our products and will increase the overall scale, global presence and capabilities of our businesses.",0,0,SXI_10-Q_MD&A_0013
"To the extent that our products depends upon the successful operation of open source software, any undetected errors or defects in open source software that we use could prevent the deployment or impair the functionality of our systems and injure our reputation.",0,0,EVLV_10-K_Risk Factors_0271
Service gross profit margin increased primarily as the result of our ability to leverage our fixed costs over a higher revenue base.,0,0,EVLV_10-K_MD&A_0134
"Our sample repository solutions business is a global leader in sample storage and management, and provides a full suite of reliable cold and ultra-cold chain solutions. ​ Sale of the Semiconductor Automation Business In the fourth quarter of fiscal year 2021, we entered into a definitive agreement to sell our semiconductor automation business to Thomas H.",0,0,AZTA_10-K_MD&A_0032
The industry in which we operate is intensely competitive.,0,0,LOGI_10-K_Risk Factors_0067
A hypothetical 10% change in interest rates during any of the periods presented would not have had a material impact on our consolidated financial statements.,0,0,CRCT_10-K_MD&A_0260
"Despite our continuous efforts to ensure the security of the Company’s computer networks, any future cyber incidents could compromise our information technology systems, which could impact operations and confidential information could be misappropriated, which could lead to negative publicity, loss of sales and profits or cause the Company to incur significant costs to reimburse third- parties for damages, which could adversely impact profits.",0,0,LCUT_10-K_Risk Factors_0368
"A downgrade of our current credit rating could increase the cost of borrowing under our credit facilities, reduce access to capital markets and/or market capacity for our commercial paper or require the posting of additional collateral under some of our derivative contracts.",0,0,HPQ_10-K_Risk Factors_0059
"CTO has allowed us to redefine our sourcing strategy and transform our manufacturing flow, resulting in up to 25 percent lower product cost and a shortened 12-month delivery time for subsea production equipment – savings that are both real and sustainable.",0,0,FTI_10-Q_MD&A_0027
"ARR represents the annualized revenue of all net HPE GreenLake edge-to-cloud platform services revenue, related financial services revenue (which includes rental income from operating leases and interest income from finance leases), and software-as-a-service, software consumption revenue, and other as-a-service offerings, recognized during a quarter and multiplied by four.",1,0,HPE_10-K_MD&A_0067
"Our broad portfolio of presses and solutions provides full-color, on-demand printing of a wide range of applications.",0,0,XRX_10-K_MD&A_0009
"We have thus far been largely dependent on capital raised through the sale of equity securities in various public and private offerings, and we have incurred losses in each fiscal year since our incorporation in 2005.",0,0,EKSO_10-K_Risk Factors_0123
"Common Stock Warrants Prior to the Merger, warrants to purchase shares of common stock were classified as equity and recognized within additional paid-in capital with no subsequent remeasurement.",1,1,VELO_10-K_MD&A_0300
Rule 10b-18 has certain technical requirements that must be complied with in order for the safe harbor to be available to the purchaser.,1,1,DTI_10-K_Risk Factors_0062
"Any significant change to applicable laws, regulations or industry practices, or how each is interpreted, regarding the use or disclosure of personal information, or regarding the manner in which the express or implied consent of customers for the use and disclosure of personal information is obtained, could require us to modify our products and features, possibly in a material manner and subject to increased compliance costs, which may limit our ability to develop new products and features that make use of the personal information that our customers voluntarily share.",0,0,EVLV_10-K_Risk Factors_0395
"We do not tolerate human rights abuses, such as forced labor, unlawful child labor, or human trafficking.",0,0,DE_10-K_Risk Factors_0296
"In particular, to the extent that prior owners of any acquired businesses or properties failed to comply with or otherwise violated applicable laws or regulations, failed to fulfill their contractual obligations to their customers, or failed to satisfy legal obligations to employees or third parties, we, as the successor, may be financially responsible for these violations and failures and may suffer reputational harm or otherwise be adversely affected.",0,0,OUST_10-K_Risk Factors_0370
"The effect of acquisitions increased sales by approximately $92 million and $205 million during the current-year quarter and first nine months of fiscal 2023, respectively.",0,0,PH_10-Q_MD&A_0061
"Due to the nature of our investment portfolio, we are subject to interest rate risks, which we mitigate by holding our investments to maturity.",0,0,PRLB_10-K_MD&A_0240
"Accordingly, any failure by us to provide satisfactory maintenance and technical support services could have a material and adverse effect on our business and results of operations.",0,0,EVLV_10-K_Risk Factors_0237
"We continue to develop our future strategies around the design, engineering and manufacturing of industry-leading protein solutions, building upon our advanced aviary systems, precision-feeding systems and organic sheds.",0,0,AGCO_10-K_Risk Factors_0068
The results below are not necessarily indicative of the results for future periods.,0,0,PRLB_10-K_Risk Factors_0388
"Other Information Disclosure Pursuant to Section 13(r) of the Exchange Act Pursuant to Section 219 of the Iran Threat Reduction and Syria Human Rights Act of 2012, which amended the Exchange Act to add Section 13(r) thereof, an issuer is required to disclose in its annual or quarterly reports, as applicable, whether, during the relevant reporting period, it or any entity acting on its behalf knowingly engaged in certain activities, transactions or dealings relating to parties sanctioned pursuant to Executive Order 13382 or other specified authorities.",1,0,SMCI_10-Q_MD&A_0167
"In addition, we must continuously drive initiatives to reduce labor cost, improve worker efficiency, reduce the cost of materials and further lower overall product costs by carefully managing component prices, inventory and shipping cost.",0,0,OUST_10-K_Risk Factors_0075
"Longer term, we expect general and administrative expense to return to our long-term expected range of 3-4% as a percentage of revenue.",0,0,CRCT_10-K_MD&A_0171
We spend significant time and resources to pursue the business of having our products selected by automotive OEMs and their suppliers for use in the manufacture of a particular vehicle model.,0,0,OUST_10-K_Risk Factors_0112
Our future financial performance will depend on our ability to make timely investments in the correct market opportunities in this environment.,0,0,OUST_10-K_Risk Factors_0189
"The Company’s primary areas of strategic focus are as follows: • Continuing to advance innovation, electrification and global market penetration to achieve organic revenue growth of 2 to 3 times the market; • Streamlining and simplifying the organization, as well as shifting resources to prioritize investments believed to have a positive and more direct impact to customers; • Accelerating the operations and supply chain transformation to improve fill rates and better match the needs of its customers while improving adjusted gross margins back to historical 35%+ levels; and • Prioritizing cash flow generation and inventory optimization.",0,0,SWK_10-Q_MD&A_0007
"Future acquisitions or dispositions could result in potentially dilutive issuances of our equity securities, the incurrence of debt, contingent liabilities or amortization expenses, or write-offs of goodwill, any of which could harm our financial condition.",0,0,EKSO_10-K_Risk Factors_0106
"We expect ​ our manufacturing facilities to produce our products safely and in compliance with local regulations, policies, standards and practices intended to protect the environment and people, and we have established policies designed to promote such compliance.",0,0,CIX_10-K_MD&A_0069
"Our system stores, processes and transmits our customers’ confidential information, including the intellectual property in their part designs and other sensitive data.",0,0,PRLB_10-K_Risk Factors_0042
SVBB continues to hold the Company’s term loans under the same existing terms and covenants which were in place with SVB.,0,0,EVLV_10-K_Risk Factors_0511
These investments include increased staffing and market expansion into global territories.,0,0,VELO_10-K_Risk Factors_0227
Any of our outstanding letters of credit or surety bonds could be called by the beneficiaries should we breach certain contractual or performance obligations and could reduce our available liquidity if we are unable to mitigate the issue.,0,0,WFRD_10-Q_MD&A_0142
"Income Taxes We account for income taxes in accordance with ASC 740, Income Taxes (ASC 740).",1,0,PRLB_10-K_Risk Factors_0526
Drilling Tools is a Houston based oilfield services company that rents downhole drilling tools used in horizontal and directional drilling of oil and natural gas wells.,0,0,DTI_10-Q_MD&A_0011
"However, several provisions of the Tax Act have differing effective dates, meaning these provisions did not impact the Company’s financial statements until fiscal year 2019.",0,0,TWIN_10-K_MD&A_0616
"Delays could result in adverse publicity (if potential new product announcements are leaked and then delayed), loss of sales and delay in market acceptance, any of which could cause us to lose or fail to engage with existing users or impair our ability to attract new users.",0,0,CRCT_10-K_Risk Factors_0033
"Widespread product recalls could result in significant losses due to the costs of a recall, the destruction of product inventory, penalties, and lost sales due to the unavailability of a product for a period of time.",0,0,AZZ_10-K_Risk Factors_0066
"Furthermore, we participate in major trade shows and directly market our offerings to generate sales leads and support the distributors’ sales personnel.",0,0,IR_10-K_Risk Factors_0121
"By aligning around our purpose, Enabling Engineering Breakthroughs that Lead to a Better Tomorrow, Parker is better positioned for the challenges and opportunities of tomorrow.",0,0,PH_10-Q_MD&A_0002
An impairment loss is recognized when the carrying amount of an asset exceeds the estimated undiscounted cash flows generated by the asset.,0,0,PRLB_10-K_Risk Factors_0497
"This swap has been designated as a cash flow hedge under ASC 815, Derivatives and Hedging .",1,1,TWIN_10-K_MD&A_0493
"We undertake no obligation to update or revise any forward-looking statements, whether as a result of new information, future events or otherwise, except as may be required under applicable securities laws.",0,0,DTI_10-K_MD&A_0005
Our investment in R&D will continue to grow as we invest in new lidar technology and related software.,0,0,OUST_10-Q_MD&A_0101
Columbia Tech will pay us a hardware license fee for each system sold under this agreement.,0,0,EVLV_10-Q_MD&A_0044
"While Standex considers our relationship with our suppliers to be good, there can be no assurances that we will not experience any supply shortage.",0,0,SXI_10-Q_MD&A_0199
We caution you that these statements are not guarantees of future performance and involve risks and uncertainties.,0,0,CR_10-K_Risk Factors_0007
"Connected Machines revenue is recognized at the point in time when control is transferred, which is either upon shipment or delivery to the customer in accordance with the terms of each customer contract. 69 Table of Contents Subscriptions We generate Subscriptions revenue primarily from sales of subscriptions to Cricut Access and Cricut Access Premium and a minimal amount of revenue allocated to the unspecified future upgrades and enhancements related to the essential software and access to our cloud-based services.",0,1,CRCT_10-K_MD&A_0150
The attack resulted in the temporary closure of most of our production sites and parts operations.,0,0,AGCO_10-Q_Risk Factors_0028
Management does not believe it is more likely than not that we will generate future income in a timeframe and amount sufficient to realize our net deferred tax assets.,0,0,EKSO_10-Q_Risk Factors_0064
"In particular, this operation saw a marked improvement in demand for its oil and gas related products, both new units and aftermarket volume.",0,0,TWIN_10-K_MD&A_0017
"The equipment operations also pursue external sales of selected parts and components that can be manufactured and supplied to third parties on a competitive basis, including engines, power train components, and electronic components.",0,0,DE_10-K_MD&A_0139
"Beginning on January 1, 2023, Fuel Tech will use the caption Allowance for Credit Losses and our expected credit loss model to calculate the allowance. 15 Table of Contents 2022 versus 2021 Highlights for the year ended December 31, 2022, compared to 2021: For the years ended December 31, 2022 2021 Change Revenues $ 26,941 $ 24,261 $ 2,680 Costs and expenses: Cost of sales 15,298 12,363 2,935 Selling, general and administrative 12,275 12,055 220 Research and development 895 1,332 (437 ) Total costs and expenses 28,468 25,750 2,718 Operating loss (1,527 ) (1,489 ) (38 ) Interest expense (17 ) (19 ) 2 Interest income 202 6 196 Other (expense) income, net (46 ) 1,570 (1,616 ) (Loss) income before income taxes (1,388 ) 68 (1,456 ) Income tax expense (54 ) (14 ) (40 ) Net (loss) income $ (1,442 ) $ 54 $ (1,496 ) Revenues Revenues for the years ended December 31, 2022 and 2021 were $26,941 and $24,261 , respectively.",0,0,FTEK_10-K_MD&A_0137
"This integration is complex and time consuming, and failure to successfully integrate either business may prevent us from achieving the anticipated benefits of the acquisitions.",0,0,BW_10-K_Risk Factors_0053
We operate in a highly competitive market and we may be unable to compete successfully against existing and future competitors.,0,0,CRCT_10-K_Risk Factors_0111
"Bookings include additions from booking new business, subtractions from customer cancellations or modifications, changes in estimates of liquidated damages that affect selling price and revaluation of backlog denominated in foreign currency.",1,0,BW_10-Q_MD&A_0062
"As of December 31, 2022 , the nil coupon loan notes were convertible into 6,715 shares of common stock.",0,0,FTEK_10-K_MD&A_0556
Revenue is allocated to each performance obligation based on its relative standalone selling price.,0,0,EKSO_10-Q_Risk Factors_0048
The Ninth Amendment also replaced LIBOR-based interest rates with different benchmark rates based on the secured overnight financing rate (“SOFR”) or the euro interbank offered rate (the “EURIBO Rate”).,1,1,TWIN_10-K_MD&A_0129
"Our revolving credit facility contains covenants that restrict our activities, including our ability to: • incur additional indebtedness; • make investments, including acquisitions; • create liens; • pay cash dividends to shareholders unless we are compliant with the financial covenants set forth in the credit facility; and • sell material assets.",0,0,SXI_10-K_Risk Factors_0024
"Accordingly, IDEX’s businesses are affected by levels of industrial activity and economic conditions in the U.S. and in other countries where it does business and by the relationship of the U.S. dollar to other currencies.",0,0,IEX_10-Q_Risk Factors_0006
"Upon the occurrence of an Event of Default, BMO may take the following actions upon written notice to the Company: (1) terminate its remaining obligations under the Credit Agreement; (2) declare all amounts outstanding under the Credit Agreement to be immediately due and payable; and (3) demand the Company to immediately Cash Collateralize L/C Obligations in an amount equal to 105% of the aggregate L/C Obligations or a greater amount if BMO determines a greater amount is necessary.",1,0,TWIN_10-K_MD&A_0144
"While we do expect these expenses to grow as our business grows, we also expect these expenses to decline as a percentage of revenues over time.",0,0,EKSO_10-K_Risk Factors_0162
"Accordingly, we may need to engage in equity or debt financings to secure additional funds if our existing sources of cash and any funds generated from operations do not provide us with sufficient capital, including seeking additional capital from public or private offerings of our equity or debt securities, electing to repay, restructure or refinance our existing indebtedness, or electing to borrow additional amounts under new credit lines or from other sources.",1,0,VELO_10-K_Risk Factors_0058
"During 2022, approxim ately 80 percent of our total sales were recognized outside of the United States.",0,0,FTI_10-K_MD&A_0024
"Integration of acquired companies involves several risks, including: • inability to operate acquired businesses profitably; • failure to accomplish strategic objectives for those acquisitions; • unanticipated costs relating to acquisitions or to the integration of the acquired businesses; • difficulties in achieving planned cost savings synergies and growth opportunities; and • possible future impairment charges for goodwill and non-amortizable intangible assets that are recorded as a function of acquisitions.",0,0,SXI_10-K_Risk Factors_0060
"As a result, Marine Components largely worked through its backlog in the first quarter, primarily related to the towboat market, and Security Products continued to experience declining order rates.",0,0,CIX_10-Q_MD&A_0034
"Our audit procedures related to the evaluation of management’s estimation of revenue recognized include the following, among others: ● We evaluated management’s ability to accurately forecast project costs by comparing management’s prior forecasts of estimated costs to actual results. ● We selected a sample of customer contracts and evaluated management’s calculation of revenue recognized over time by performing the following procedures: – Evaluating whether contract terms that may affect revenue recognition were identified and properly considered and performance obligations were appropriately identified. – Obtaining and reviewing contracts with customers, including change orders to evaluate whether the transaction price was appropriately identified. – Testing management’s revenue recognition calculation model for mathematical accuracy. – Assessing the validity of data used in the model for completeness and accuracy by agreeing, on a sample basis, key data inputs to source documents, including job costing reports and project budgets. /s/ RSM US LLP We have served as the Company's auditor since 2010.",1,0,FTEK_10-K_MD&A_0249
We believe the United States and Europe are two of the largest geographic markets where product developers and engineers are located.,0,0,PRLB_10-K_Risk Factors_0326
"Revenue in Europe is derived from Injection Molding, CNC Machining, and 3D Printing product lines.",0,0,PRLB_10-K_MD&A_0575
"If that recurring stream of 25 revenues does not develop as expected, or if our business model changes as the industry evolves, our operating results may be adversely affected.",0,0,VELO_10-K_Risk Factors_0146
"FGC systems are chemical injection systems offered in markets outside the U.S. and Canada to enhance electrostatic precipitator and fabric filter performance in controlling particulate emissions. • The FUEL CHEM ® technology segment which uses chemical processes in combination with advanced CFD and CKM boiler modeling for the control of slagging, fouling, corrosion, opacity and other sulfur trioxide-related issues in coal-fired furnaces and boilers through the addition of chemicals into the furnace using TIFI ® Targeted In-Furnace Injection™ technology.",1,1,FTEK_10-K_Risk Factors_0010
"Cash Flows from Operating Activities Cash flow from operating activities of $62.1 million during 2022 primarily consisted of net loss of $103.4 million, adjusted for certain non-cash items, including depreciation and amortization of $39.4 million, stock-based compensation expense of $17.6 million, loss on goodwill impairment of $118.0 million and impairments related to closure of Japan business of $2.8 million, which were partially offset by changes in deferred taxes of $9.5 million and changes in operating assets and liabilities and other items totaling $2.8 million.",1,1,PRLB_10-K_Risk Factors_0436
"Accordingly, it has scaled some of its disclosures of financial and non-financial information in this annual report.",0,0,TWIN_10-K_MD&A_0377
These securities include U.S. equity securities invested in companies that are traded on exchanges inside the U.S. and international equity securities invested in companies that are traded on exchanges outside the U.S. (b) Mutual funds are valued at the daily closing price as reported by the fund.,0,0,TWIN_10-K_MD&A_0596
We base the risk-free interest rate that we use in the Black-Scholes option pricing model on zero coupon U.S.,1,0,PRLB_10-K_MD&A_0203
"We are an emerging growth company, as defined in the Jumpstart Our Business Startups Act of 2012 (the “JOBS Act”).",0,0,EVLV_10-K_Risk Factors_0600
We may choose to early adopt any new or revised accounting standards whenever such early adoption is permitted for private companies.,0,0,EVLV_10-K_MD&A_0304
We anticipate that continuing efforts will be made to consider and adopt such legislation in the future.,0,0,BALL_10-K_Risk Factors_0074
"Negative developments in Malaysia’s socio-political environment may adversely affect our business, financial condition, results of operations and prospects.",0,0,CRCT_10-K_Risk Factors_0600
Currency impact can be determined as the difference between actual growth rates and constant currency growth rates.,0,0,XRX_10-Q_MD&A_0017
"Vietnam’s cybersecurity law went into effect on January 1, 2019 and includes stringent requirements regarding data localization and data transfers.",0,0,CRCT_10-K_Risk Factors_0666
"The COVID-19 pandemic has continued to create challenges for us in countries that have significant outbreak mitigation strategies, namely, countries in our Asia-Pacific region, which led to temporary project postponements and has continued to impact results in this region.",0,0,BW_10-Q_MD&A_0005
"We expect research and development costs will increase for the year ending December 31, 2023 compared to the year ended December 31, 2022 primarily due to incremental investments in headcount and programs we are making to support our new product development efforts. 50 Table of Contents Sales and Marketing Sales and marketing expenses consist primarily of personnel-related expenses associated with our sales and marketing, customer success, business development, and strategy functions, as well as costs related to trade shows and events, and stock-based compensation.",0,0,EVLV_10-K_MD&A_0083
The process of integrating acquired businesses into our existing operations also may result in unforeseen operating difficulties and may require additional financial resources and attention from management that would otherwise be available for the ongoing development or expansion of our existing operations.,0,0,BW_10-K_Risk Factors_0047
We have a strong focus on the unit economics of each of our products and consistency in how we operate the business.,0,0,CRCT_10-K_MD&A_0108
Unions also represent the majority of employees at John Deere manufacturing facilities outside the U.S.,0,0,DE_10-K_MD&A_0241
"Core sales growth was driven by higher pricing and volumes. • Sales of Process Valves and Related Products increased by $20.0 million, or 10.9%, to $ 202.9 million in 2023, reflecting an increase in core sales, partially offset by unfavorable foreign currency translation as the euro weakened against the U.S. dollar.",0,0,CR_10-Q_MD&A_0029
The global availability of these components remains constrained.,0,0,CRCT_10-K_Risk Factors_0516
"We have continued to bring network systems back online in order of operational priority, and the majority of our impacted systems and services are now operational.",0,0,WDC_10-Q_MD&A_0020
"Volatile global economic conditions may also cause foreign exchange rate fluctuations, which could result in material increases or decreases in earnings and may adversely affect the value of the Company’s assets outside the United States.",0,0,EML_10-K_MD&A_0025
"Concerns over climate change, as well as the adoption of new laws or regulations, may also impact market dynamics and may result in shifts in customer expectations, preferences or requirements, which may require us to change our practices or incur increased costs or adversely impact customer demand for our products and services.",0,0,HPQ_10-K_Risk Factors_0053
DRE offerings range from early well planning to reservoir management through innovative tools and expert engineering to optimize reservoir access and productivity.,0,0,WFRD_10-Q_MD&A_0009
"Under this model, the customer typically pays a base rent and variable payments based on usage in excess of a defined threshold.",0,0,VELO_10-Q_MD&A_0062
"Sales into the Asia Pacific region increased 43.1%, or $5.3 million, primarily due to a catch-up in shipments of certain oil and gas related products into China after a pause in the second quarter.",0,0,TWIN_10-Q_Risk Factors_0006
The remaining portion of this liability is based on contractual amounts and does not require estimation.,0,1,CRCT_10-K_MD&A_0240
The initial sales of 3D Printers and Support Services are included in one contract and are invoiced together.,0,0,VELO_10-Q_MD&A_0053
"Risks Relating to our Search for, Consummation of, or Inability to Consummate, an Initial Business Combination and Post-Business Combination Risks We are a recently incorporated company with no operating history and no revenues, and you have no basis on which to evaluate our ability to achieve our business objective.",0,0,AIRJ_10-K_Risk Factors_0004
"Notes to Consolidated Financial Statements The effective tax rate decreased by 22.7 % for the year ended December 31, 2022 when compared to 2021 primarily due to the tax rate impact of the goodwill impairment and a benefit from the decrease in the tax liability for uncertain tax positions.",1,0,PRLB_10-K_Risk Factors_0843
"The Company’s ability to make payments on its indebtedness, including those under the credit agreement, and to fund planned capital expenditures, research and development efforts and other corporate expenses depends on the Company’s future operating performance and on economic, financial, competitive, legislative, regulatory and other factors.",0,0,TWIN_10-K_Risk Factors_0066
We utilize fixed-rate interest rate swap agreements to change the variable interest rate to a fixed rate on a portion of our variable-rate debt.,0,0,AZZ_10-Q_Risk Factors_0114
"We could be sued by third parties who, unbeknown to us and to government agencies allowing for registration of our trademark, previously used our registered trademark in the market before we did.",0,0,VELO_10-K_Risk Factors_0468
"These sales, or the perception in the market that either we or the holders of a large number of shares intend to sell shares, could reduce the market price of our common stock.",0,0,VELO_10-K_Risk Factors_0543
"RESULTS OF OPERATIONS For the three months ended March 31, 2023, we generated net income of approximately $232.6 million, or $3.10 per share, compared to approximately $151.8 million, or $2.03 per share, for the same period in 2022.",0,0,AGCO_10-Q_MD&A_0010
These costs are recorded within marketing and sales expenses.,0,0,PRLB_10-K_MD&A_0427
Gains and losses on revaluation of warrants are primarily driven by changes in our stock price and the risk-free rate.,0,0,EKSO_10-Q_Risk Factors_0082
"Since the net proceeds of our IPO and the sale of the private placement warrants are intended to be used to complete an initial business combination with a target business that has not been selected, we may be deemed to be a “blank check” company under the United States securities laws.",1,0,AIRJ_10-K_Risk Factors_0085
"For example, California adopted the California Consumer Privacy Act (CCPA), which became effective in January 2020.",0,0,EKSO_10-K_Risk Factors_0368
"Adjusted EBITDA in the B&W Environmental segment was $1.9 million in the three months ended March 31, 2023 compared to $1.4 million in the three months ended March 31, 2022.",0,0,BW_10-Q_MD&A_0074
"Such negative publicity also could adversely affect the size, engagement and loyalty of our user base or the effectiveness of word-of-mouth marketing, and result in decreased revenue, or require us to expend additional funds for marketing efforts, which could adversely affect our business, financial condition and results of operations.",0,0,CRCT_10-Q_Risk Factors_0282
Mac Mac net sales decreased during the second quarter and first six months of 2023 compared to the same periods in 2022 due primarily to lower net sales of MacBook Pro. iPad iPad net sales decreased during the second quarter of 2023 compared to the second quarter of 2022 due primarily to lower net sales of iPad Pro ® and iPad Air ® .,0,1,AAPL_10-Q_MD&A_0038
Estimating these amounts requires us to determine the probability of various possible outcomes.,0,0,SMCI_10-K_MD&A_0089
Notes to Consolidated Financial Statements Note 15 – Accumulated Other Comprehensive Loss Other comprehensive loss is comprised of foreign currency translation adjustments and net unrealized gains (losses) on investments in securities.,1,0,PRLB_10-K_Risk Factors_0839
There can be no assurances that we will be able to raise additional capital.,0,0,CRCT_10-K_MD&A_0207
"Investing Activities Cash used in investing activities was $37 million for the three months ended March 31, 2023 as compared to $43 million in the comparable prior year period.",0,1,XYL_10-Q_Risk Factors_0165
The Company maintains deposits in federally insured financial institutions in excess of federally insured limits.,0,0,FTEK_10-K_MD&A_0465
We do not hedge the translation effect of revenues or expenses denominated in currencies where the local currency is the functional currency.,0,0,XRX_10-Q_MD&A_0015
"Customs and Border Protection may not always agree with those determinations and, at has times, has requested that we modify the information we have provided to them including that related to country of origin determinations.",0,0,CRCT_10-Q_Risk Factors_0762
The credit facility consists of a $325.0 million U.S. dollar tranche and a $925.0 million multi-currency tranche for loans denominated in U.S.,0,0,AGCO_10-Q_MD&A_0098
"Given the continued uncertainty concerning the global economy, we face risks that may arise from financial difficulties experienced by our suppliers, product developers, and engineers and other related risks to our business.",0,0,PRLB_10-K_Risk Factors_0056
Fair value was determined using real estate broker estimates and would be classified as Level 3 in the fair value hierarchy.,1,0,TWIN_10-K_MD&A_0666
Russia contributed approximately $1.0 billion of total net revenue in fiscal 2021.,0,0,HPQ_10-K_MD&A_0062
John Deere has achieved and plans to continue to achieve compliance with these regulations through significant investments in the development of new engine technologies and after-treatment systems.,0,0,DE_10-K_MD&A_0223
"Discrete, unusual or infrequent items: We exclude these item(s), when applicable, given their discrete, unusual or infrequent nature and their impact on the comparability of our results for the period to prior periods and future expected trends. • Contract termination costs - product supply Xerox 2023 Form 10-Q 57 Adjusted Operating Income (Loss) and Margin We calculate and utilize adjusted operating income (loss) and margin measures by adjusting our reported pre-tax income (loss) and margin amounts.",1,0,XRX_10-Q_MD&A_0251
"On October 7, 2022, President Biden signed an Executive Order on Enhancing Safeguards for United States Signals Intelligence Activities, which directs the United States to take certain steps to implement the EU-U.S.",0,0,CRCT_10-Q_Risk Factors_0645
"In addition, if a larger number of shares are submitted for redemption than we initially expected, we may need to restructure the transaction to reserve a greater portion of the cash in the trust account or arrange for additional third party financing.",0,0,AIRJ_10-K_Risk Factors_0033
The failure of our third-party logistics partners to adequately and effectively staff could adversely affect our brick-and-mortar and online retail partner and user experience and results of operations.,0,0,CRCT_10-Q_Risk Factors_0536
Each Flash Venture entity purchases wafers from Kioxia at cost and then resells those wafers to us and Kioxia at cost plus a small mark-up.,0,0,WDC_10-K_Risk Factors_0030
"For the twelve months ended December 31, 2022, 59% of our revenue was generated from these online channels.",0,1,CRCT_10-Q_Risk Factors_0091
"We cannot be certain that our competitors will not develop the expertise, experience and resources to provide services or products that are superior in price, delivery time or quality in the future.",0,1,AZZ_10-K_Risk Factors_0007
"Despite these inherent limitations, management believes that Management’s Discussion and Analysis of Financial Condition and Results of Operations and the financial statements and related footnotes provide a meaningful and fair presentation of the Company’s financial position and results of operations.",0,0,EML_10-K_MD&A_0043
"Income tax benefit (expense) For the year ended December 31, 2022 , we recorded an income tax expense of $54 on pre-tax loss of $1,388 .",0,0,FTEK_10-K_MD&A_0165
"Precoat engages in the advanced application of protective and decorative coatings and related value-added services for steel and aluminum coil primarily serving the construction; appliance; heating, ventilation and air conditioning (HVAC); container; transportation and other end markets.",0,0,AZZ_10-Q_Risk Factors_0024
"We issued options to purchase 118,434, 57,901 and 60,065 shares of our common stock in 2022, 2021 and 2020, respectively.",0,0,PRLB_10-K_MD&A_0217
"Gross profit increased during 2022 by $47.3 million compared to 2021, while operating expenses decreased by $18.9 million as compared to 2021.",0,0,PSIX_10-K_MD&A_0010
"The increase of 0.7 percentage points for the three months ended March 31, 2023 was primarily due to a decrease in the benefit from share-based compensation, which was partially offset by an increase in the benefit for federal tax credits.",0,0,BALL_10-Q_MD&A_0039
"As of March 31, 2023, the Company was in compliance with this covenant.",0,0,VATE_10-Q_MD&A_0219
This approach results in the classification of these securities as Level 1 of the fair value hierarchy.,1,1,CRCT_10-K_MD&A_0448
"Accordingly, changes in the value of foreign currencies relative to the U.S. dollar can affect our revenue and results of operations.",0,0,CRCT_10-Q_Risk Factors_0790
"For example, the pandemic accelerated the digitization of manufacturing as companies pivoted to a work-from-home and socially-distanced manufacturing plant environment.",0,0,PRLB_10-K_Risk Factors_0341
"The company presents its financial statements in U.S. dollars and has a significant proportion of its net assets, debt and income in non-U.S. dollar currencies, primarily the euro, as well as the currencies of Argentina, Egypt, Turkey and other emerging markets.",0,0,BALL_10-K_Risk Factors_0023
Income Tax Expense The Tax Cuts and Jobs Act (the “2017 Act”) includes a broad range of tax reform proposals affecting businesses.,0,0,WDC_10-Q_MD&A_0085
"The U.S. government has determined that the consumption of energy derived from fossil fuels is a major contributor to climate change and is contemplating regulatory changes in response to the potential impact of climate change, including laws and regulations regarding carbon emission costs, Green House Gas (“GHG”) emissions and renewable energy targets.",1,1,CIX_10-K_Risk Factors_0040
"These risks could adversely affect our revenue, reduce our profitability and negatively impact our business.",0,0,CRCT_10-Q_Risk Factors_0628
"Cash flow from operating activities of $55.2 million during 2021 primarily consisted of net income of $33.4 million, adjusted for certain non-cash items, including depreciation and amortization of $40.5 million and stock-based compensation expense of $19.1 million, which were partially offset by a decrease in the fair value of contingent consideration of $13.3 million and changes in operating assets and liabilities and other items totaling $24.5 million.",0,1,PRLB_10-K_Risk Factors_0438
"In October 2016, we borrowed an aggregate amount of €375.0 million through a group of seven related term loan agreements.",0,0,AGCO_10-Q_MD&A_0114
Any such purchases will be reported pursuant to Section 13 and Section 16 of the Exchange Act to the extent such purchasers are subject to such reporting requirements.,1,0,AIRJ_10-K_Risk Factors_0066
"The Company evaluates the measure of progress each reporting period and, if necessary, adjusts the measure of performance and related revenue recognition.",0,0,FTEK_10-K_MD&A_0420
"We are a market leader in positive displacement, covering the main technology types including diaphragm, vane, piston, progressive cavity, peristaltic and gear.",0,0,IR_10-K_Risk Factors_0089
"We expect sustained demand across replacement products and energy efficient related projects, partially offset by moderation in new construction, a smaller portion of our portfolio. • In the residential markets, organic revenue decreased by approximately 2% in the first quarter on an organic basis predominately driven by project timing in the emerging markets.",0,0,XYL_10-Q_Risk Factors_0053
"For options outstanding at December 31, 2022 , the weighted-average remaining contractual term was 7.2 years and the aggregate intrinsic value was $ 0.0 million.",0,0,PRLB_10-K_Risk Factors_0820
"This is the Company’s practice of billing for repairs, overhaul, and other product service related time incurred by its technicians. 5. recognize revenue ; Revenue is recognized as each performance obligation is satisfied which is typically when the Company transfers control of a good or service to a customer, which can occur over time or at a point in time.",1,1,TWIN_10-K_MD&A_0348
"Cost, which includes material, labor and overhead, is determined on a first in, first out basis. 7.",0,0,IEX_10-Q_MD&A_0086
"However, we may be unable to raise additional funds or enter into such other agreements or arrangements when needed on favorable terms, or at all.",0,0,EVLV_10-K_MD&A_0028
"The determination of the grant date fair value of the awards issued is affected by a number of variables, including the fair value of the underlying shares or units, the expected price volatility over the expected life of the awards, the expected term of the award, risk-free interest rates, the expected dividend yield of the underlying shares or units and the likelihood of termination.",1,0,CRCT_10-K_MD&A_0541
"Our technology is novel compared to other AM technologies based on its ability to deliver high-value metal parts that have complex internal channels, structures, and geometries.",0,0,VELO_10-K_MD&A_0008
"Given the short-cycle nature of most of our businesses, we do not consider sales order backlog to be a material factor.",0,0,TRS_10-Q_MD&A_0029
"There have been no changes in our internal control over financial reporting (as defined in Rule 13a-15(f) under the 1934 Act) during the fiscal quarter covered by this quarterly report that have materially affected, or are reasonably likely to materially affect, our internal control over financial reporting. 46 PART II ITEM 1.",1,1,XYL_10-Q_MD&A_0208
"Additionally, hospitals are facing significant financial pressure as supply chain constraints and inflation drive up operating costs and fiscal stimulus programs enacted during the COVID-19 pandemic wind down.",0,0,EKSO_10-K_MD&A_0033
"We are subject to taxation in the U.S., various states, and in non-U.S. jurisdictions.",0,0,FTEK_10-K_MD&A_0528
We determine if an arrangement is classified as a lease at its inception.,0,0,WFRD_10-K_MD&A_0098
"If we are unable to continue to develop self-service support resources that are easy to use and allow our users to resolve their technical issues, or if our users choose not to collaborate or engage with other users on technical support issues, our self-service support resources may not be effective, and our users’ experience with our platform may be negatively impacted.",0,0,CRCT_10-Q_Risk Factors_0307
"The Company’s policy requires all employees to complete Code training and, where permitted by law, also requires the employees certify each year that they will comply with the Code.",0,0,DE_10-K_Risk Factors_0246
"On a constant currency basis, revenue increased by $221 million, or 17.4%, driven by strong organic revenue growth across all three segments and in all of our major geographic regions.",0,0,XYL_10-Q_MD&A_0027
The agriculture and turf backlog are generally highest in the second and third quarters due to seasonal buying trends in these industries.,0,0,DE_10-K_Risk Factors_0173
"Actions taken must meet our stakeholders’ expectations, including customers, employees, investors, regulators and communities worldwide.",0,0,XRX_10-K_MD&A_0145
Separate EU and UK laws and regulations (and national implementations thereof) govern the protection of consumers and of electronic communications and these are also evolving.,0,0,EVLV_10-K_Risk Factors_0435
"Our expertise, global footprint and leadership positions enable us to be a trusted global partner to pharmaceutical, biotechnology, and life sciences research institutions.",0,0,AZTA_10-Q_MD&A_0033
"We operate in 41 locations outside of the United States in Europe, Canada, China, Japan, India, Singapore, Korea, Mexico, Brazil, Turkey, Malaysia, and South Africa.",0,0,SXI_10-K_Risk Factors_0026
"In 2022, we generated, on average, approximately $89 combined from subscriptions and accessories and materials per user.",0,0,CRCT_10-K_MD&A_0063
"Backlog Orders The dollar amount of backlog orders at October 30, 2022 believed to be firm was approximately $9.7 billion for the production and precision agriculture segment and $4.6 billion for the small agriculture and turf segment, compared with $9.6 billion and $5.2 billion, respectively, at October 31, 2021.",0,0,DE_10-K_MD&A_0172
"Opinion on Internal Control over Financial Reporting We have audited Proto Labs, Inc. and subsidiaries' internal control over financial reporting as of December 31, 2022, based on criteria established in Internal Control—Integrated Framework issued by the Committee of Sponsoring Organizations of the Treadway Commission (2013 framework) (the COSO criteria).",1,0,PRLB_10-K_Risk Factors_0591
"Costs to fulfill include all internal and external engineering costs, equipment charges, inbound and outbound freight expenses, internal and site transfer costs, installation charges, purchasing and receiving costs, inspection costs, warehousing costs, project personnel travel expenses and other direct and indirect expenses specifically identified as project- or product-line related, as appropriate (e.g. test equipment depreciation and certain insurance expenses).",1,0,FTEK_10-K_MD&A_0067
"The promissory note is due February 28, 2026, and bears interest at 9% per annum through May 8, 2024, 16% per annum from May 9, 2024 to May 8, 2025, and 32% per annum thereafter.",0,0,VATE_10-Q_MD&A_0160
"Despite disruption within the aerospace industry, commercial aerospace demand is recovering.",0,0,PH_10-Q_MD&A_0014
"As a public company, we are required, pursuant to Section 404(a) of the Sarbanes-Oxley Act, to furnish a report by management on the effectiveness of our internal control over financial reporting for each Annual Report on Form 10-K filed with the SEC.",1,0,EVLV_10-K_Risk Factors_0548
"Recent Developments Recent Acquisitions The Company continued its focus on generating inorganic growth through acquisitions that strengthen our position in core product categories and broaden our exposure to high-growth, sustainable end markets.",0,0,IR_10-K_Risk Factors_0044
Existing capacity is sufficient to satisfy John Deere’s current expectations for retail market demand.,0,0,DE_10-K_Risk Factors_0128
"Geographic Information Overall, approximately 45% of our revenue is generated by customers outside the U.S.",0,0,XRX_10-K_MD&A_0030
"Although our business has not been materially impacted by the ongoing Russia-Ukraine conflict as of the date of this filing, we cannot reasonably predict the extent to which our operations, or those of our customers or suppliers, will be impacted in the future, or the ways in which the conflict may impact our business, financial condition, results of operations and cash flows.",0,0,NNBR_10-Q_Risk Factors_0007
Our FendtONE ® solution provides software tools for planning and optimizing farm work processes.,0,0,AGCO_10-K_Risk Factors_0058
The decrease in the provision is primarily due to lower taxable income and the lower effective tax rate.,0,0,PRLB_10-K_Risk Factors_0425
We may be unable to respond quickly enough to accommodate short-term increases in demand for technical support.,0,0,CRCT_10-Q_Risk Factors_0301
Financing activities consisted only of quarterly cash dividends.,0,0,CIX_10-Q_MD&A_0063
"The High Tax Exception (“HTE"") rules were finalized and applicable for the Company during fiscal year 2022.",1,1,TWIN_10-K_MD&A_0628
"However, any claims that are not based on the specification in the parent application are co-owned by UC Berkeley and us, and UC Berkeley’s rights in respect of such claims are not exclusively licensed to us.",1,0,EKSO_10-K_Risk Factors_0197
"There can be no assurance that the Company would be able to reduce its cost base to offset any such price concessions, which could adversely impact its results of operations and cash flows. 9 Table of Contents The Company may be materially adversely affected by the exit of the U.K. from the European Union.",0,0,LCUT_10-K_Risk Factors_0014
"Contracts for 3D Printers also include post-sale customer support services (“Support Services”), except for our distributor partners, which are qualified to perform support services.",0,0,VELO_10-Q_MD&A_0041
"A total of $27,270,000 was deposited into the Trust Account, bringing the aggregate proceeds held in the Trust Account to $209,070,000.",0,0,DTI_10-Q_MD&A_0029
"In 2021, we executed a liquidation transaction of one of our Swiss holding companies which resulted in the forfeiture of impairment losses of $ 1.3 billion generated in 2020.",0,0,WFRD_10-K_MD&A_0381
We intend to repeat the survey on an annual basis.,0,0,AGCO_10-K_Risk Factors_0144
This included a control related to the Company’s process to identify and evaluate triggering events that indicate the carrying value of an asset or asset group may not be recoverable.,1,0,WFRD_10-K_MD&A_0022
The Company pays 250 basis points on the face values of outstanding letters of credit.,0,0,FTEK_10-Q_MD&A_0067
"Other revenue was not material for the years ended December 31, 2022 and 2021.",0,0,VELO_10-K_MD&A_0078
"On April 28, 2021, we sold an additional 968,815 shares of Class A common stock and the selling stockholders sold an additional 150,984 shares of Class A common stock pursuant to the partial exercise of the underwriters’ option to purchase additional shares which generated net proceeds of $18.0 million after deducting for underwriting discounts and commissions of $1.4 million.",0,0,CRCT_10-K_MD&A_0030
We expect that our cost control efforts will maintain our existing levels of operating expenditures and the diminishing effects of the pandemic should lead to an improved market outlook.,0,0,FTEK_10-K_MD&A_0005
Any adjustments as a result of any examination may result in additional taxes or penalties being assessed on or imposed against us.,0,0,CRCT_10-Q_Risk Factors_0453
We are also obligated to fund 49.9% to 50.0% of each Flash Ventures entity’s capital investments to the extent that the Flash Ventures entity’s operating cash flow is insufficient to fund these investments.,1,0,WDC_10-K_Risk Factors_0033
We have established our operations in the United States and Europe and are seeking to further expand our international operations.,0,0,PRLB_10-K_Risk Factors_0058
The markets in which our products are sold are highly competitive and continue to develop.,0,0,EKSO_10-K_Risk Factors_0019
"The consideration, including any discounts, is allocated between separate products and services based on their standalone selling prices.",1,0,WFRD_10-K_MD&A_0152
Compensation of our executives is based in part on the performance of our business based on these non-GAAP measures.,0,0,XRX_10-Q_MD&A_0232
"We also depend on semiconductors made in Taiwan, and a worsening of the geopolitical situation between China and Taiwan could affect our ability to procure these semiconductors.",0,0,CRCT_10-Q_Risk Factors_0594
"While we monitor our use of open source software and try to ensure that none is used in a manner that would require us to disclose our proprietary source code or that would otherwise breach the terms of an open source agreement, we cannot guarantee that we will be successful, that all open source software is reviewed prior to use in our products, that our developers have not incorporated open source software into our products that we are unaware of or that they will not do so in the future.",1,0,EVLV_10-K_Risk Factors_0265
"The Company’s business is subject to several risks, some of which are beyond its control.",0,0,EML_10-Q_Risk Factors_0000
"In the event that we cannot renew and/or expand existing licenses, we may be required to discontinue or limit our use of the operations, products, or offerings that include or incorporate the licensed intellectual property.",0,0,EVLV_10-K_Risk Factors_0254
"Operating Expenses Research and development expenses consist of personnel expenses, including salaries, benefits, stock-based compensation and incentive bonuses, and related expenses for our research and development personnel, as well as product development costs such as materials and supplies, consulting services, third-party testing services and equipment and facility expenses related to our research and development activities.",0,0,SMCI_10-K_MD&A_0169
"In addition, between December 31, 2020 and December 31, 2021, our employee headcount increased from over 640 to over 830, and as of December 31, 2022, our employee headcount was over 775.",0,0,CRCT_10-K_Risk Factors_0170
"The way the financial services operations offer financing in these countries is affected by a variety of country-specific laws, regulations, and customs, including those governing property rights and debtor obligations, which are subject to change and which may introduce greater risk to the financial services operations.",0,0,DE_10-K_Risk Factors_0210
We offer performance-based incentives to our customers and indirect partners based on pre-determined performance criteria.,0,0,LOGI_10-K_MD&A_0052
"Subsequently, on August 3, 2022, after the expiration of the Prior Repurchase Program, a duly authorized subcommittee of our Board approved a new share repurchase program to repurchase shares of common stock for up to $200 million at prevailing prices in the open market.",0,0,SMCI_10-K_MD&A_0220
"We have devoted substantial resources to the development of our technology, business operations and business plans.",0,0,EVLV_10-K_Risk Factors_0329
"Our trade secrets, know-how and other unregistered proprietary rights are a key aspect of our IP portfolio.",0,0,VELO_10-K_Risk Factors_0490
We may incur significant losses from fraud.,0,0,CRCT_10-Q_Risk Factors_0458
"Similarly, development plans are tied to descriptions and resources associated with our “Professional Contributor” and “People Leader” competencies.",0,0,IR_10-K_Risk Factors_0151
"Many of our personnel work remotely all or part of the time, which increases certain security risks.",0,0,EKSO_10-K_Risk Factors_0390
"This market demand is influenced by many factors including the level of awareness of robotic exoskeleton rehabilitation among the rehabilitation clinics with significant stroke, ABI, and SCI populations, the imperatives among construction and manufacturing companies to drive adoption of improved safety and health practices, the levels of reimbursements our customers will be able to receive, as well as conditions relating to overall economic growth and general business activity.",0,0,EKSO_10-K_MD&A_0027
We generally purchase these raw materials and components as-needed for individual contracts.,0,0,BW_10-K_Risk Factors_0137
"In addition, the United States government, state legislatures, and foreign governments have shown significant interest in implementing cost containment programs, including price-controls, restrictions on reimbursement and requirements for substitution of generic products for branded prescription drugs to limit the growth of government paid health care costs.",0,0,EKSO_10-K_Risk Factors_0327
"Participation was optional, data was protected and the results were anonymized.",0,0,WDC_10-K_Risk Factors_0092
"We believe that our future success will also depend in part on our continued ability to identify, hire, train and motivate qualified personnel.",0,1,PRLB_10-K_Risk Factors_0133
"This increase was primarily as a result of net sales growth in high horsepower tractors, combines, application equipment and Precision Ag products during the three months ended March 31, 2023 compared to the same period in 2022, inclusive of approximately 5.4% of unfavorable foreign currency translation.",0,0,AGCO_10-Q_MD&A_0012
"We continue to monitor these events carefully, and utilize letters of credit, prepayments and other methods to reduce our credit risk with companies in affected countries.",0,0,ERII_10-K_MD&A_0019
There is no guarantee that John Deere will be able to renew collective bargaining agreements or whether such agreements will be on terms satisfactory to John Deere.,0,0,DE_10-K_MD&A_0242
"Additionally, undetected errors, defects or reliability issues, especially as new products are introduced or as new versions are released, could result in serious injury to the end users of technology incorporating our products, or those in the surrounding area, our customers never being able to commercialize technology incorporating our products, litigation against us, negative publicity and other consequences.",0,0,OUST_10-K_Risk Factors_0124
"Additional risks and uncertainties not presently known to us or that are currently not believed to be significant to our business may also affect our actual results and could harm our business, financial conditions and results of operations.",0,0,VYX_10-Q_Risk Factors_0001
"We intend to continue to make investments to support our business growth and may require additional funds to respond to business challenges, including the need to complement our growth strategy, increase market share in our current markets or expand into other markets, or broaden our technology, intellectual property or product line capabilities.",0,0,PRLB_10-K_Risk Factors_0209
Other income was down $1.1 million in the first quarter of 2023 compared to the corresponding period in 2022.,0,0,EML_10-Q_MD&A_0033
"In addition, in a patent infringement proceeding, a court may decide that a patent of ours is invalid or unenforceable, in whole or in part, construe the patent’s claims narrowly, or refuse to stop the other party from using the technology at issue on the grounds that our patents do not cover the technology in question.",0,0,EKSO_10-K_Risk Factors_0187
"For matters not deemed probable or not reasonably estimable, we have not accrued any amounts.",0,0,WFRD_10-K_MD&A_0127
The Company’s business requires it to maintain large fixed costs that can affect its profitability.,0,0,LCUT_10-K_Risk Factors_0117
"We design, create and sell products that benefit from these secular trends.",0,0,LOGI_10-K_MD&A_0016
"Violation of those covenants could result in our lenders restricting or terminating our borrowing ability under our credit facility, cause us to be liable for covenant waiver fees or other obligations, or trigger an event of default under the terms of our credit facility, which could result in acceleration of the debt under the facility and require prepayment of the debt before its due date.",1,0,SXI_10-K_Risk Factors_0020
"In addition, attractive strategic transaction opportunities may not be identified or pursued in the future, financing for strategic transactions may be unavailable on satisfactory terms and we may be unable to accomplish our strategic objectives in effecting a particular strategic transaction.",0,0,TRS_10-K_Risk Factors_0035
The Company determines if an arrangement is a lease at inception.,0,0,PRLB_10-K_Risk Factors_0682
"These applications include greater use of online transactions for everyday purchases by consumers of food, clothing, entertainment from gaming and video streaming, as well as tele-health, social networking, messaging, email, autonomous driving solutions and video conferencing companies.",0,0,SMCI_10-K_MD&A_0021
"Stock-based compensation expense is calculated using the Company’s best estimates, which involve inherent uncertainties and the application of management’s judgment.",0,0,PRLB_10-K_MD&A_0502
"Outbreaks, epidemics, pandemics, or public health crises may in the future adversely affect, among other things, demand for our products and services; our operations and sales, marketing, and distribution efforts; the supply chains of hardware products and components; our research and development capabilities; our engineering, design, and manufacturing processes; and other important business activities.",0,0,HPE_10-K_Risk Factors_0015
"These negotiations could result in significant diversion of management time, as well as substantial out-of-pocket costs.",0,0,PRLB_10-K_Risk Factors_0088
"In the event of a component shortage, supply interruption or material pricing change from suppliers of these components, we may not be able to develop alternate sources in a timely manner or at all in the case of sole or limited sources.",0,0,OUST_10-K_Risk Factors_0297
"The gross proceeds to the Company from the Private Placement were $ 25,812 , before deducting placement agent fees and offering expenses of $ 1,783 .",0,0,FTEK_10-K_MD&A_0564
"At December 31, 2022, the Company had outstanding standby lett ers of credit totaling approximately $689 under the Investment Collateral Security agreement.",0,0,FTEK_10-K_MD&A_0204
"From December 31, 2022 to March 31, 2023, total liabilities increased by $9.9 million, primarily due to increases in accounts payable, accrued salaries and benefits and other current liabilities.",0,0,NNBR_10-Q_Risk Factors_0037
"Overall, we expect cost of revenue to increase in absolute dollars.",0,0,PRLB_10-K_MD&A_0055
Profiles in Diversity Journal recognized our “Lean into Change” initiative by awarding us a Top 10 Innovations in Diversity Award.,0,0,IR_10-K_Risk Factors_0173
"Moreover, we must successfully manage the introduction of new or enhanced products and product offerings, which could adversely affect the sales of our existing products.",0,0,CRCT_10-K_Risk Factors_0036
Earnings Per Common Share Diluted earnings per common share (“EPS”) attributable to IDEX is computed by dividing Net income attributable to IDEX by the weighted average number of shares of common stock (basic) plus common stock equivalents (diluted) outstanding during the period.,1,1,IEX_10-Q_MD&A_0078
"NOTE: Service retirement-related costs, which are included in operating expenses, were $1 million and $4 million for the three months ended March 31, 2023 and 2022, respectively.",0,0,XRX_10-Q_MD&A_0119
The sale was consummated pursuant to the terms of a supplemental agreement entered into by the parties in June 2022.,0,0,VATE_10-Q_MD&A_0016
"In January and February 2021, we issued a total of $30.0 million of convertible notes with a maturity date of September 2021 (the ""2021 Convertible Notes"").",0,0,EVLV_10-K_MD&A_0191
"Sales and marketing expenses consist primarily of personnel expenses, including salaries, benefits, stock-based compensation and incentive bonuses, and related expenses for our sales and marketing personnel, cost for tradeshows, independent sales representative fees and marketing programs.",0,1,SMCI_10-Q_MD&A_0071
"The benefits of fatigue reduction can include reduced rates of injuries, higher productivity, higher worker morale, and lower turnover.",0,0,EKSO_10-K_MD&A_0022
"Cost of Support Services includes the cost of spare or replacement parts for preventive maintenance, installation costs, headcount-related costs such as salaries, stock-based compensation, depreciation of manufacturing related equipment and facilities, and information technology costs.",0,0,VELO_10-Q_MD&A_0073
"Even if we are successful in anticipating user preferences, our ability to adequately react to and address them will partially depend upon our continued ability to develop and introduce innovative, high-quality products.",0,0,CRCT_10-Q_Risk Factors_0031
"Expenditures for maintenance, repairs and minor renewals are charged against earnings as incurred.",0,0,TWIN_10-K_MD&A_0321
The FCPA further requires us to keep and maintain books and records that accurately reflect transactions and dispositions of assets and to maintain a system of internal accounting controls.,1,1,EVLV_10-K_Risk Factors_0562
"However, we are currently assessing our banking relationships and the related concentration of deposits at any single financial institution, and are considering options available to reduce concentration risk.",0,0,EVLV_10-K_MD&A_0181
"In future periods, our stock-based compensation expense is expected to increase due to our existing unrecognized stock-based compensation and the issuance of additional stock-based awards to continue to attract and retain employees and non-employee directors.",0,0,PRLB_10-K_MD&A_0222
The decrease was primarily driven by a decline in unit sales across all product families during the period.,0,0,CRCT_10-Q_MD&A_0105
"Unit sales of tractors and combines increased approximately 3.5% for the three months ended March 31, 2023 compared to the same period in 2022.",0,0,AGCO_10-Q_MD&A_0039
"Industrial water had strong organic growth in the quarter of $16 million, across all three of our major geographic regions, driven primarily by western Europe due to good price realization and healthy demand.",0,0,XYL_10-Q_MD&A_0083
Other (Income) Expense - Net Other (income) expense - net was $3.9 million of income in 2022 compared to $16.2 million of expense in 2021.,0,0,IEX_10-K_MD&A_0041
Actual results may differ from these estimates.,0,0,EKSO_10-K_MD&A_0107
"In addition, investigations of any actual or alleged violations of such laws or policies related to us could harm our business, financial condition, results of operations, cash flows and prospects. 41 Table of Contents The long-term impacts of the COVID-19 pandemic, or other similar public health developments, could have an adverse effect on business, results of operations, and financial condition.",0,0,EVLV_10-K_Risk Factors_0568
We expect general and administrative expense to increase in the future as we continue to grow and expand as a global organization.,0,0,PRLB_10-Q_MD&A_0064
"While the ACA is intended to expand health insurance coverage to uninsured persons in the United States, the impact of any overall increase in access to healthcare on sales of our products remains uncertain.",0,0,EKSO_10-K_Risk Factors_0315
"During Q4 FY2022, neither Rolla nor TD China qualified for the HTE because their effective tax rates are lower than 18.9 %.",1,0,TWIN_10-K_MD&A_0632
"Precision and Science Technologies The Precision and Science Technologies segment designs, manufactures and markets a broad range of flow control products for the water and wastewater, food & beverage, chemical processing, precision irrigation, energy, medical equipment, laboratory vacuum and automated liquid handling end-markets.",0,0,IR_10-K_Risk Factors_0086
Failure to deliver backlog in accordance with expectations could negatively impact our financial performance and cause adverse changes in the market price of our common stock.,0,0,BW_10-K_Risk Factors_0070
"At each global Western Digital site, we have local, cross-functional teams responsible for our efforts to meet or exceed local COVID regulations, including providing real-time data to leaders, implementing changes to our physical workplaces and providing robust employee and family benefits to those impacted by COVID.",0,0,WDC_10-K_Risk Factors_0125
The CARES Act was meant to infuse companies with various income and payroll tax cash benefits to ease the impact of the pandemic.,0,0,PRLB_10-K_MD&A_0543
The Company conducts ongoing analysis on state sales tax nexus regulations to determine where collection is necessary.,0,0,CRCT_10-K_MD&A_0532
We are attempting to grow our business substantially.,0,0,PRLB_10-K_Risk Factors_0139
"For example, in part due to ongoing economic uncertainty, we observed a decline in consumer demand beginning in the third quarter of fiscal 2022, particularly with respect to Consumer PCs.",0,0,HPQ_10-K_Risk Factors_0007
"New risks and uncertainties may emerge from time to time, and it is not possible for the Company to predict their occurrence or how they will affect the Company.",0,0,NNBR_10-Q_MD&A_0010
"We have experienced cyber-attacks in the past and, while none of these cyber-attacks resulted in a material disruption to our business, we may experience additional cyber-attacks in the future.",0,0,TRS_10-K_Risk Factors_0085
The sale of equity and convertible debt securities may result in dilution to our shareholders.,0,0,PRLB_10-K_Risk Factors_0445
"There are up to $182 million in shares that may still be purchased under this plan as of March 31, 2023.",0,0,XYL_10-Q_Risk Factors_0210
"We assess our investment in unconsolidated joint venture for recoverability when events and circumstances are present that suggest there has been a decline in value, and if it is determined that a loss in value of the investment is other than temporary, we write down the investment to its fair value.",1,0,AZZ_10-Q_MD&A_0023
They may also have entered into commercial relationships with key customers and have built relationships and dependencies between themselves and those key customers.,0,0,OUST_10-K_Risk Factors_0084
"As of March 31, 2023, the total aggregate unrecognized compensation expense related to the RSUs is approximately $9.1 million, which is expected to be recognized through fiscal 2025. 41 (Gain) Loss on sales of certain assets The company at times will sell or dispose of certain assets that are unrelated to the operations of the Company, therefore, the Company believes it is useful to exclude these gains and losses from our non-GAAP financial measures in order to highlight the performance of the business.",1,0,BW_10-Q_MD&A_0083
"We are committed to providing competitive pay, benefits, and equity that are valuable and meaningful to our employees.",0,0,IR_10-K_Risk Factors_0157
"The engine factories referred to above manufacture non-road, heavy duty diesel engines.",0,0,DE_10-K_MD&A_0124
"On December 16, 2022, the Federal Reserve adopted a final rule implementing the LIBOR Act that, among other things, identifies the applicable SOFR-based benchmark replacements under the LIBOR Act for various contact types.",1,0,EML_10-K_Risk Factors_0040
"Our offerings include the following core programs: health care, wellness, retirement, paid time off, life and disability insurance, and access to voluntary benefits.",0,0,XRX_10-K_MD&A_0133
"The public warrant liability was established in connection with the closing of the Merger. 9 Table of Contents Liquidity and Capital Resources Our primary requirements for liquidity and capital are working capital, inventory management, capital expenditures and general corporate needs.",0,0,EVLV_10-Q_MD&A_0127
"As an example of one such end-process, within packaging, a vacuum will be used on blister packaging, foil handling, labeling, carton erection, stacking and palletizing (placing, stacking or transporting goods on pallets), as well as central vacuum supply for entire packaging departments.",0,0,IR_10-K_Risk Factors_0067
"In addition, our sponsor, officers and directors have entered into a letter agreement with us, pursuant to which they have agreed to waive their redemption rights with respect to their founder shares, private shares and public shares in connection with the completion of a business combination.",1,0,DTI_10-K_Risk Factors_0084
"Longer term, we expect sales and marketing expense to return to our long-term expected range of 8-10% as a percentage of revenue.",0,0,CRCT_10-Q_MD&A_0080
"If any of our common stock or public warrants were to be delisted, the liquidity of our common stock or warrants could be adversely affected and the market price of our common stock or warrants could decrease.",0,0,VELO_10-K_Risk Factors_0574
"In addition, our tax obligations and effective tax rates could be adversely affected by changes in the relevant tax, accounting and other laws, regulations, principles and interpretations (such as the recent United States Inflation Reduction Act which, among other changes, introduced a 15% corporate minimum tax on certain United States corporations and a 1% excise tax on certain stock redemptions by United States corporations), including those relating to income tax nexus, jurisdictional mix of profits at varying statutory tax rates, by changes in foreign currency exchange rates, or by changes in the valuation of our deferred tax assets and liabilities.",1,0,EVLV_10-K_Risk Factors_0471
International sales of our products are subject to factors outside of our control.,0,0,EKSO_10-K_Risk Factors_0058
"Additionally, the Company's term loan with Pacific Western Bank will mature in August 2023 requiring cash outflows of $2.0 million for the repayment of principal.",0,0,EKSO_10-K_MD&A_0092
Restricted Stock The 2012 Plan provides for the award of restricted stock or restricted stock units.,0,0,PRLB_10-K_Risk Factors_0826
"Within our accessories and materials, our SKUs range in price from $0.99 to $999.00.",0,0,CRCT_10-K_Risk Factors_0148
The increase in accounts receivable is due to higher sales during the end of the current quarter compared with the end of the fourth quarter of 2022.,0,0,NNBR_10-Q_Risk Factors_0036
"Additionally, we rely on third-parties and their security procedures for the secure storage, processing, maintenance, and transmission of information that is critical to our operations.",0,0,EVLV_10-K_Risk Factors_0373
"During the first quarter of 2023, we purchased marketable securities totaling $13.5 million and received gross proceeds totaling $4.0 million related to U.S. treasury bill maturities.",0,0,CIX_10-Q_MD&A_0061
"During September 2022, the Company fully drew against the $2.0 billion Term Loan Facility, which will mature in its entirety in September 2025, to finance a portion of the Acquisition.",0,0,PH_10-Q_MD&A_0175
"Further, any changes to laws or regulations, including new restrictions or requirements applicable to our business, or an increase in enforcement of existing laws and regulations, could expose the Company to additional costs and liability.",0,0,EML_10-K_Risk Factors_0131
"Except as noted below, all awards issued under the IU Plan only had service-based conditions.",0,0,CRCT_10-K_MD&A_0673
"We rely upon our cash flow from operations and available liquidity under our revolving credit facility to fund our debt service obligations and other contractual commitments, working capital and capital expenditure requirements.",0,0,TRS_10-Q_MD&A_0133
"This softness, however, is being offset by continued strength in our office print business, particularly for state and local government, education and mid-market accounts, as well as strength in our print and digital service offerings.",0,0,XRX_10-Q_MD&A_0022
We use high-impact practices and technology to drive global workforce capability and integrate learning with work.,0,0,XRX_10-K_MD&A_0106
"For the three months ended March 31, 2023 and 2022, sales to the top three customers accounted for 44.9% and 86.2%, respectively.",0,0,VELO_10-Q_MD&A_0025
"As of March 31, 2023, the outstanding balance on our Term Loan A-2 was $2.7 billion and a one percent increase in the variable rate of interest would increase annual interest expense by $27 million.",0,0,WDC_10-Q_MD&A_0206
"Physical impacts of climate change could have a material adverse effect on our costs and operations. ​ Climate change may increase both the frequency and severity of extreme weather conditions and natural disasters such as hurricanes, thunderstorms, tornadoes, drought and snow or ice storms.",0,0,CIX_10-K_Risk Factors_0055
"For purposes of the minimum EBITDA covenant and the Total Funded Debt to EBITDA ratio, the Fifth Amendment clarified that EBITDA shall exclude any gain that is realized on the forgiveness of the Small Business Administration Paycheck Protection Program loan that the Company previously received.",1,1,TWIN_10-K_MD&A_0423
"Our focus for revenue remains on expanding our selling and marketing efforts and developing our existing customer network to increase demand. 36 Cost of Revenue The following table presents the Cost of Revenue disaggregated by product and service type, as well as the percentage of total cost of revenue.",0,0,VELO_10-Q_MD&A_0101
"Additionally, the Company performs an interim analysis if events or circumstances indicate it is more likely than not that the fair value of a reporting unit is less than its carrying amount.",1,0,EML_10-K_MD&A_0063
"Our business, results of operations, financial condition, and prospects could also be harmed by risks and uncertainties that are not presently known to us or that we currently believe are not material.",0,0,VELO_10-K_Risk Factors_0002
"If we determine that an ownership change has occurred and our ability to use our historical net operating loss and tax credit carryforwards is materially limited, it would harm our future operating results by effectively increasing our future tax obligations.",0,0,EVLV_10-K_Risk Factors_0484
We do not currently maintain hazardous materials insurance coverage.,0,0,PRLB_10-K_Risk Factors_0225
"B&W Thermal Segment Results Three Months Ended March 31, (In thousands) 2023 2022 $ Change Revenues $ 119,236 $ 102,239 $ 16,997 Adjusted EBITDA $ 13,733 $ 14,154 $ (421) Three Months Ended March 31, 2023 and 2022 Revenues in the B&W Thermal segment increased 17% , or $17.0 million to $119.2 million in the three months ended March 31, 2023 compared to $102.2 million in the three months ended March 31, 2022 .",0,0,BW_10-Q_MD&A_0076
The Company’s businesses operate in market segments impacted by COVID-19.,0,0,TWIN_10-K_Risk Factors_0012
Brent crude oil averaged just under $100 per barrel in 2022.,0,1,FTI_10-Q_MD&A_0030
"(amounts in thousands of dollars) Overview In 2022, the Company continued to experience a challenging operational environment resulting from the ongoing substitution of gas-fired and renewable energy plants for coal-fired installations and the ongoing impacts of geopolitical events and the coronavirus (COVID-19) global pandemic.",0,1,FTEK_10-K_MD&A_0000
"The following table shows key financial ratios at the end of each specified period: First Quarter 2023 First Quarter 2022 Fiscal Year 2022 Current ratio 2.7 2.7 2.7 Average days’ sales in accounts receivable 57 63 56 Inventory turnover 4.0 3.2 3.4 Total debt to shareholders’ equity 46.6 % 63.2 % 50.7 % 18 Table of Contents The following table shows important liquidity measures as of the balance sheet date for each specified period (in millions): First First Fiscal Quarter Quarter Year 2023 2022 2022 Cash and cash equivalents - Held in the United States $ 9.7 $ 2.3 $ 7.4 - Held by a foreign subsidiary 3.4 2.9 2.8 13.1 5.2 10.2 Working capital 76.7 83.2 78.3 Net cash provided by (used in) operating activities 6.9 (3.6 ) 7.4 Change in working capital impact on net cash Provided by (used in) operating activities 3.6 (8.8 ) (5.2 ) Net cash provided by investing activities 1.1 1.0 5.1 Net cash (used in) provided by financing activities (5.1 ) 1.6 (11.8 ) Inventories of $57.7 million as of April 1, 2023, represent a decrease of 10.8% as compared to $64.6 million at the end of fiscal year 2022 and a decrease of 14.9% as compared to $67.8 million at the end of the first quarter of fiscal 2022.",0,0,EML_10-Q_MD&A_0042
"Diversity, Equity and Inclusion We want to leverage the power and potential of diversity.",0,0,WDC_10-K_Risk Factors_0079
"The CJEU further noted that reliance on the standard contractual clauses (a standard form of contract approved by the European Commission as an adequate personal data transfer mechanism, and potential alternative to the Privacy Shield) alone may not necessarily be sufficient in all circumstances and that transfers must be assessed on a case-by-case basis.",1,0,EVLV_10-K_Risk Factors_0444
Treasury Stock Xerox Holdings Corporation made no repurchases of its Common Stock in first quarter 2023.,0,0,XRX_10-Q_MD&A_0205
"Loans under the Credit Agreement are designated either as “SOFR Loans,” which accrue interest at an Adjusted Term SOFR plus an Applicable Margin, or “Eurodollar Loans,” which accrue interest at the EURIBO Rate plus an Applicable Margin.",1,0,TWIN_10-K_MD&A_0449
"The accounting rules and regulations that we must comply with are complex and subject to interpretation by the Financial Accounting Standards Board (the “ FASB ”), the SEC and various bodies formed to promulgate and interpret appropriate accounting principles.",1,0,VELO_10-K_Risk Factors_0334
"Although we did not have any funds in Silicon Valley Bank or other institutions that have been closed, we cannot guarantee that the banks or other financial institutions that hold our funds will not experience similar issues.",0,0,DTI_10-Q_Risk Factors_0009
"The proceeds deposited in the trust account could, however, become subject to claims of our creditors that are in preference to the claims of public stockholders. ​ 24 ​ Table of Contents ​ Amended and Restated Certificate of Incorporation Our amended and restated certificate of incorporation contains certain requirements and restrictions relating to our initial public offering that will apply to us until the consummation of our initial business combination.",1,0,DTI_10-K_Risk Factors_0193
The decrease in operating expenses was primarily driven by a reduction in marketing and advertising spend.,0,1,LOGI_10-K_MD&A_0036
Non-service retirement-related costs: Our defined benefit pension and retiree health costs include several elements impacted by changes in plan assets and obligations that are primarily driven by changes in the debt and equity markets as well as those that are predominantly legacy in nature and related to employees who are no longer providing current service to the Company (e.g. retirees and ex-employees).,1,0,XRX_10-Q_MD&A_0246
"If one or more negative outcomes were to occur relative to these cases, the aggregate impact to our financial condition could be material.",0,0,WFRD_10-K_MD&A_0292
"As of March 31, 2023, our principal sources of liquidity consisted of (i) unrestricted cash and cash equivalents of $66.3 million; (ii) investment-grade short-term and long-term marketable debt instruments of $35.4 million that are primarily invested in U.S. treasury securities, corporate notes and bonds, and municipal and agency notes and bonds; and (iii) accounts receivable, net of allowances, of $11.6 million.",0,0,ERII_10-Q_MD&A_0058
"Interest and penalties were immaterial for each of the years ended December 31, 2022, 2021 and 2020 .",0,0,PRLB_10-K_MD&A_0568
We continue to develop new products for both the desalination and industrial wastewater businesses to maintain competitiveness and expand the breadth of these markets.,0,0,ERII_10-K_MD&A_0008
"Our business, results of operations, financial condition, and prospects could also be harmed by risks and uncertainties that are not presently known to us or that we currently believe are not material.",0,0,VELO_10-Q_Risk Factors_0002
"Critical Audit Matters The critical audit matters communicated below are matters arising from the current period audit of the financial statements that were communicated or required to be communicated to the audit committee and that: (1) relate to accounts or disclosures that are material to the financial statements and (2) involved our especially challenging, subjective or complex judgments.",1,0,PRLB_10-K_Risk Factors_0568
We depend on the continued efforts of our executive officers and senior management team.,0,0,AZZ_10-K_Risk Factors_0080
"Capitalized Software Software development costs consist of certain consulting costs and compensation expenses for employees who devote time to the development of our internal-use software and software embedded in products to be sold or leased, as well as certain upgrades and enhancements that are expected to result in enhanced functionality.",1,1,EVLV_10-K_MD&A_0290
"During 2020 and 2021, we ensured safety protocols were in place for employees who were required to work onsite, including partitioning screens in factories and enhanced cleaning and sanitation practices.",0,0,AGCO_10-K_Risk Factors_0114
Poor financial performance of asset markets and the adverse effects of fluctuating currency exchange rates could lead to higher pension and post-retirement benefit expenses.,0,0,HPQ_10-K_Risk Factors_0011
It is possible that the U.S. government may take future measures to impose stricter export controls on items destined for China or additional duties on shipments made from China.,0,0,CRCT_10-K_Risk Factors_0589
"In addition, events such as inclement weather, natural disasters, government shut-downs as a result of air quality, power grid limitations, pandemics, civil unrest or other reasons, labor strikes or shortages, transportation security vulnerabilities or cyberattacks could impair third-party production capabilities.",0,0,CRCT_10-Q_Risk Factors_0488
"Integration with Fabrinet may require additional capital expenditures, efforts and attention from our management and personnel, is subject to similar risks as those enumerated with respect to Benchmark, and potentially higher risks inherent to building a new relationship.",0,0,OUST_10-K_Risk Factors_0314
"For example, the European Commission has proposed a draft regulation, known as the Regulation of Privacy and Electronic Communications, or the ePrivacy Regulation, which would replace the current ePrivacy Directive.",0,0,CRCT_10-Q_Risk Factors_0726
"Other Noncurrent Liabilities The components of other noncurrent liabilities as of March 31, 2023 and December 31, 2022 were: March 31, 2023 December 31, 2022 Pension and retiree medical obligations $ 55.2 $ 55.1 Transition tax payable 9.1 9.1 Deferred revenue 14.5 15.0 Lease liability 99.3 96.6 Other 20.5 20.0 Total other noncurrent liabilities $ 198.6 $ 195.8 16 T a b l e o f C o n t e n t s IDEX CORPORATION NOTES TO CONDENSED CONSOLIDATED FINANCIAL STATEMENTS (Dollars in millions, except per share amounts) (unaudited) 10.",0,0,IEX_10-Q_MD&A_0096
"The financial services operations also offer financing, primarily for John Deere products, in Argentina, Australia, Brazil, China, India, Mexico, New Zealand, Thailand, and in several other countries in Africa, Asia, Europe, and Latin America.",0,0,DE_10-K_Risk Factors_0207
"Those standards require that we plan and perform the audit to obtain reasonable assurance about whether the consolidated financial statements are free of material misstatement, whether due to error or fraud.",0,0,WFRD_10-K_MD&A_0008
"Because of the following factors, as well as other factors affecting the Company’s results of operations and financial condition, past financial performance should not be considered to be a reliable indicator of future performance, and investors should not use historical trends to anticipate results or trends in future periods.",0,0,AAPL_10-K_Risk Factors_0002
The growth opportunities and strength and number of competitors that we face in all of our product categories mean that we are at risk of new competitors coming to market with more innovative products that are more attractive to customers than ours or priced more competitively.,0,0,LOGI_10-K_Risk Factors_0032
"The EAR governs products, parts, technology and software which present military or weapons proliferation concerns, so-called “dual use” items, and ITAR governs military items listed on the United States Munitions List.",1,0,VELO_10-K_Risk Factors_0405
"An adverse change to, loss of or claim that we do not hold necessary licenses or rights may adversely affect our business, results of operations and financial condition.",0,0,CRCT_10-Q_Risk Factors_0833
"These existing and future laws and regulations may impede the growth of the Internet, e-commerce or other online services.",0,0,LCUT_10-K_Risk Factors_0337
"Manufacturing in these countries may be subject to political, economic, pandemic-related labor constraints, border closures, social and legal uncertainties that may harm our relationships with these parties.",0,0,CRCT_10-K_Risk Factors_0474
Inflation has resulted and could continue to result in significant cost increases.,0,0,LCUT_10-K_Risk Factors_0011
"As a result, the majority of revenue recognized in a reporting period is based on completed, invoiced contracts.",0,0,PRLB_10-K_Risk Factors_0719
The costs of complying with privacy and security related legal and regulatory requirements are burdensome and could have a material adverse effect on our results of operations.,0,0,EKSO_10-K_Risk Factors_0353
"Our future financial performance and our ability to execute on our business plan will depend, in part, on our ability to effectively manage any future growth and expansion.",0,0,PRLB_10-K_Risk Factors_0155
"The Term Loan will be repaid in quarterly payments of principal equal to 0.25% of the original aggregate principal amount of the Term Loan, which payments commenced June 30, 2018.",0,0,LCUT_10-K_Risk Factors_0056
"On October 7, 2022, the agreement was amended to change the SOFR-based component of the interest rate on a portion of our variable-rate debt to a fixed rate of 4.277%, resulting in a total fixed rate of 8.627% (the ""2022 Swap"").",1,0,AZZ_10-K_MD&A_0088
"Our SCR systems can also include Ammonia Injection Grid, and GSG™ Graduated Straightening Grid systems to provide high NOx reductions at significantly lower capital and operating costs than conventional SCR systems.",0,0,FTEK_10-K_MD&A_0649
"Our senior management and key employees are generally employed on an at-will basis, which means that they could terminate their employment with us at any time.",0,0,EVLV_10-K_Risk Factors_0242
"While DBMG believes that it maintains a competitive advantage with respect to many of these factors, failure to continue to do so or to meet other competitive challenges could have a material adverse effect on DBMG’s results of operations, cash flows or financial condition.",0,0,VATE_10-K_Risk Factors_0018
"Applied Water Operating income for our Applied Water segment was $83 million (operating margin of 18.3%) during the first quarter of 2023, an increase of $24 million, or 40.7%, when compared to operating income of $59 million (operating margin of 13.9%) during the prior year, or a total increase of 440 basis points.",0,0,XYL_10-Q_Risk Factors_0139
"Covid-19 and related impacts like travel restrictions were still impacting demand in the three months ended March 31, 2022.",0,0,WFRD_10-Q_MD&A_0031
"Within its three reportable segments, the Company maintains 13 reporting units where the Company focuses on organic growth and strategic acquisitions.",0,0,IEX_10-Q_MD&A_0198
The Investment Collateral Security agreement requires us to pledge our investments as collateral for 150 % of the aggregate face amount of outstanding standby letters of credit.,1,0,FTEK_10-K_MD&A_0635
"Any controls and procedures, no matter how well designed and operated, can provide only reasonable assurance of achieving the desired control objectives.",0,0,XYL_10-Q_Risk Factors_0199
"We expect our cash and cash equivalents, together with cash we expect to generate from future operations, will be sufficient to fund our operating expenses and capital expenditure requirements for a period of at least twelve months from the date of this Quarterly Report on Form 10-Q.",0,0,EVLV_10-Q_MD&A_0134
"In addition, the most commonly used Internet browsers—Chrome, Firefox, Internet Explorer and Safari—allow Internet users to modify their browser settings to prevent cookies from being accepted by their browsers, and a number of other software tools allow users to block or otherwise limit the functionality of cookies.",0,0,CRCT_10-Q_Risk Factors_0738
"Moreover, if the costs of meeting production requirements, including capital expenditures, were to exceed our expectations, our results of operations would be harmed.",0,0,CRCT_10-K_Risk Factors_0488
We also cannot be sure that our existing insurance coverage will continue to be available on commercially reasonable terms or at all.,0,0,CRCT_10-Q_Risk Factors_0717
"If our estimates of the costs to complete the project are below the actual costs that we incur, our margins will decrease, or we may incur a loss.",0,0,FTEK_10-K_Risk Factors_0020
"Accessories and Materials revenue is recognized for sales of such items, net of sales discounts, incentives and returns and includes amounts allocated to the material right for discounts on materials and accessories available only to paid subscribers.",1,0,CRCT_10-K_MD&A_0156
Critical Accounting Policies and Estimates Our consolidated financial statements are prepared in accordance with generally accepted accounting principles in the United States.,0,0,EVLV_10-K_MD&A_0225
"If some investors find our common stock less attractive as a result, there may be a less active trading market for our common stock and our market price may be more volatile.",0,0,EVLV_10-K_Risk Factors_0607
"The Company's marketable securities consist of short-term and long-term agency, municipal, corporate and other debt securities.",0,1,PRLB_10-K_Risk Factors_0766
"Because these automotive systems are both themselves complex, and also depend on complex technologies from many suppliers, commercialization of autonomous driving or ADAS products could be delayed or impaired on account of technological capabilities that are not sufficiently advanced for deployment in vehicles.",1,0,OUST_10-K_Risk Factors_0183
The promissory note also requires a mandatory prepayment from the proceeds from certain asset sales and the greater of $3 million or 12.5% of the proceeds from certain equity sales.,1,0,VATE_10-Q_MD&A_0034
"We do not have long-term agreements with any of these suppliers that obligate them to continue to sell components, subsystems, systems or products to us.",0,0,VELO_10-K_Risk Factors_0355
"The 2022 results included a non-cash gain on the remeasurement of the previously held equity investment in the Deere-Hitachi joint venture, partially offset by the impact of higher reserves and impairments related to 3 Table of Contents events in Russia / Ukraine.",1,0,DE_10-K_MD&A_0043
"If such changes take place, there is a risk that the tax rate may increase or decrease in any period.",0,0,FTEK_10-K_MD&A_0534
Derivatives Designated as Net Investment Hedges The Company is exposed to foreign currency exchange risk related to its investment in net assets in foreign countries.,0,0,TWIN_10-K_MD&A_0689
"The third party manufacturers may not continue to meet the Company’s quality standards, social standards regarding its workforce that are expected in the United States or legislation and regulations that apply to the products the Company contracts to manufacture.",0,0,LCUT_10-K_Risk Factors_0245
"Employees purchased 142,982 and 67,729 shares of common stock under the ESPP at an average exercise price of $ 27.09 and $ 61.96 during 2022 and 2021 , respectively.",0,0,PRLB_10-K_Risk Factors_0800
"Similarly, if one or more of the analysts who write reports on us downgrades our stock or publishes inaccurate or unfavorable research about our business, our share price could decline.",0,0,VELO_10-K_Risk Factors_0583
We are also subject to interest risk as it relates to our long-term debt.,0,0,TRS_10-Q_MD&A_0160
"Our FUEL CHEM program is based on proprietary TIFI ® Targeted In-Furnace™ Injection technology, in combination with advanced Computational Fluid Dynamics (CFD) and Chemical Kinetics Modeling (CKM) boiler modeling, in the unique application of specialty chemicals to improve the efficiency, reliability, fuel flexibility, boiler heat rate, and environmental status of combustion units by controlling slagging, fouling, corrosion, and opacity.",1,0,FTEK_10-K_MD&A_0260
"Our Certificate of Incorporation and our Amended and Restated Bylaws provide that, unless we consent in writing to the selection of an alternative forum, the Court of Chancery of the State of Delaware shall be the sole and exclusive forum for state law claims for (i) any derivative action or proceeding brought on our behalf, (ii) any action asserting a claim of breach of a fiduciary duty owed by any director, officer or other employee of our company to us or our stockholders, (iii) any action asserting a claim arising pursuant to any provision of the DGCL or our Certificate of Incorporation or our Amended and Restated Bylaws, (iv) any action to interpret, apply, enforce or determine the validity of our Certificate of Incorporation or our Amended and Restated Bylaws or (v) any action asserting a claim against us governed by the internal affairs doctrine.",1,1,VELO_10-K_Risk Factors_0598
"If the market does not grow as we expect, or if we cannot expand our solutions to meet the demands of this market, our revenue may decline, fail to grow or fail to grow at an accelerated rate, and we may incur operating losses.",0,0,EVLV_10-K_Risk Factors_0101
"In August 2022, we entered into a new general credit agreement with E.Sun Bank which replaced the prior E.Sun Bank credit facility which will also support the growth of our Taiwan business.",0,0,SMCI_10-K_MD&A_0037
We are currently experiencing inflationary pressures affecting the prices of components for our products and transportation resources.,0,0,CRCT_10-K_Risk Factors_0579
"If we cannot generate sufficient cash flow from operations to service our debt, we may need to refinance our debt, dispose of assets or issue equity to obtain necessary funds.",0,0,EVLV_10-K_Risk Factors_0515
"In light of the significant uncertainties inherent in the forward-looking statements and forward-looking information included herein, the inclusion of such statements and information should not be regarded as a representation by us or any other person that the results or conditions described in such statements and information or that our objectives and plans will be achieved.",0,0,EKSO_10-Q_MD&A_0007
"Material Cash Requirements Our material cash requirements include the following items, some of which are represented in the table of Contractual Obligations and Commitments: (1) employee wages, benefits and incentives, (2) the procurement of raw materials and components to support the manufacturing and sale of our products, (3) expenditures for the ongoing improvement and development of existing and new technologies, (4) debt repayments (for additional information see Note 10 in the notes to our condensed consolidated financial statements included elsewhere in the Quarterly Report on Form 10-Q), and (5) operating lease payments (for additional information see Note 11 in the notes to our condensed consolidated financial statements included elsewhere in the Quarterly Report on Form 10-Q).",1,0,EKSO_10-Q_Risk Factors_0097
"We are also subject to the terms of our privacy policies and obligations to our users and other third parties related to privacy, data protection and information security.",0,0,CRCT_10-Q_Risk Factors_0631
"Risks Associated with Law & Compliance • Failure to protect intellectual property, and issues related to third party intellectual property can have an adverse effect. • Changes to our tax rates and additional income tax liabilities could impact profitability. • We face uncertainties with regard to regulations, lawsuits and other related matters. • Changes to cryptocurrency regulations could impact profitability.",0,0,VYX_10-K_Risk Factors_0007
"The Company’s North America distribution operation saw an increase ($3.4 million or 68.5%) on stronger supply of product from the manufacturing operations, as all markets have seen improving demand.",0,1,TWIN_10-Q_Risk Factors_0015
Share-Based Compensation The Company typically grants equity awards annually at its regularly scheduled first quarter meeting of the Board of Directors based on the recommendation from the Compensation Committee.,0,1,IEX_10-Q_MD&A_0133
Existing capacity is sufficient to satisfy John Deere’s current expectations for retail market demand.,0,0,DE_10-K_MD&A_0128
"In the event that we are unable to timely comply with regulatory changes or regulators do not believe we are complying with current regulations applicable to us, significant fines or penalties could result and could adversely affect our reputation, results of operations, cash flow and financial condition.",0,0,CRCT_10-Q_Risk Factors_0360
Many factors could cause actual results to differ materially from these forward-looking statements.,0,0,DE_10-Q_MD&A_0130
"We believe the clinical need for our products has not diminished, as evidenced by clinical data showing the increased prevalence of strokes during the pandemic.",0,0,EKSO_10-K_MD&A_0036
"Common manufacturing facilities and techniques are employed in the production of components for production and precision agriculture equipment, small agriculture and turf equipment, and construction and forestry equipment. 6 Table of Contents In order to utilize manufacturing facilities and technology more effectively, the equipment operations pursue continuous improvements in manufacturing processes.",0,0,DE_10-K_Risk Factors_0131
"If we fail to expand our products or maintain high quality standards in our products, our brand, business and results of operations will be adversely affected.",0,0,CRCT_10-K_MD&A_0088
"During the three months ended December 31, 2022, the Company repurchased 207,452 shares for a total cost of $1.6 million and thereafter retired the shares.",0,0,LCUT_10-K_MD&A_0010
"Risks Related to Confidential Information, Cybersecurity, Privacy, and Intellectual Property • Losses or unauthorized access to or releases of confidential information could adversely affect our business and result in significant reputational, financial and legal consequences. • The collection, storage, transmission, use and distribution of personal data could give rise to liabilities and additional costs of operation as a result of laws, governmental regulation and risks of data breaches and security incidents. • Claims by others that we infringe their proprietary technology could adversely affect our business.",0,0,LOGI_10-K_Risk Factors_0007
"Based on such evaluation, the Company’s Chief Executive Officer and Chief Financial Officer have concluded that, as of the end of such period, the Company’s disclosure controls and procedures are effective in recording, processing, summarizing, and reporting, on a timely basis, information required to be disclosed by the Company in the reports that it files or submits under the Exchange Act, and that such information is accumulated and communicated to the Chief Executive Officer and Chief Financial Officer, as appropriate, to allow timely discussions regarding required disclosure. (b) Changes in Internal Control Over Financial Reporting Management of the Company is responsible for establishing and maintaining adequate internal control over financial reporting, as such term is defined in Exchange Act Rules 13a-15(f) and 15d-15(f).",1,1,TWIN_10-Q_Risk Factors_0121
Drilling activity in international markets is less cyclical than North America as most activities are undertaken by national oil companies which tend to maintain a longer-term view that exhibits less variability in capital spend.,0,0,FTI_10-K_MD&A_0082
"These factors include the impact of the COVID-19 pandemic and resulting economic effects, including supply chain disruptions, cost inflation, rising interest rates, delays in delivery of our products to our customers, impact on demand for our products, reductions in production levels, increased costs, including costs of raw materials, the impact on global economic conditions, the availability, terms and cost of financing, including borrowings under credit arrangements or agreements, the potential impact of bank failures on our ability to access financing or capital markets, and the impact of market conditions on pension plan funded status.",0,0,EML_10-Q_MD&A_0010
We continue to actively work with our suppliers to minimize impacts of supply shortages on our manufacturing capabilities.,0,0,NNBR_10-Q_Risk Factors_0006
"We define gross profit as our revenue less our cost of revenue, and we define gross margin as gross profit expressed as a percentage of revenue.",0,0,PRLB_10-K_MD&A_0061
"Our failure to manage the transition to new products and services or the integration of new technology into new or existing products and services could adversely affect our business, results of operations, operating cash flows and financial condition.",0,0,LOGI_10-K_Risk Factors_0025
"Our acquisition of Poly adds to our growth portfolio by bringing industry-leading video conferencing solutions, cameras, headsets, voice and software capabilities.",0,0,HPQ_10-K_MD&A_0021
"Debt Ratings – To access public debt capital markets, the Company relies on credit rating agencies to assign short-term and long-term credit ratings to the Company’s securities as an indicator of credit quality for fixed income investors.",0,0,DE_10-Q_MD&A_0120
"To successfully grow our sales through cricut.com, we must continue to drive traffic to our website, convert a larger percentage of potential brick-and-mortar and online retail partner sales to our website and create and maintain a streamlined and intuitive online shopping experience.",0,0,CRCT_10-K_Risk Factors_0092
"Whether and to what extent we would be subject to the excise tax in connection with a Business Combination, extension vote or otherwise will depend on a number of factors, including (i) the fair market value of the redemptions and repurchases in connection with the Business Combination, extension or otherwise, (ii) the structure of a Business Combination, (iii) the nature and amount of any “PIPE” or other equity issuances in connection with a Business Combination (or otherwise issued not in connection with a Business Combination but issued within the same taxable year of a Business Combination) and (iv) the content of regulations and other guidance from the Treasury.",1,0,AIRJ_10-Q_Risk Factors_0018
"Revolving Credit Agreement We have a revolving credit agreement with MSD PCOF Partners IX, LLC (""Revolving Credit Agreement"").",0,1,VATE_10-Q_MD&A_0182
Competition for qualified personnel is especially severe in the San Francisco Bay Area.,0,0,OUST_10-K_Risk Factors_0338
Cash-settled restricted stock awards generally cliff vest after three years .,0,0,IEX_10-Q_MD&A_0147
John Deere manufactures its production and precision agriculture equipment for sale primarily through independent retail dealer networks.,0,0,DE_10-K_Risk Factors_0057
"The relevant tax rules and regulations are complex, often changing and, in some cases, are interdependent.",1,0,BALL_10-K_Risk Factors_0095
"For example, we saw significant growth in sales during the COVID-19 pandemic in 2020 and 2021 but saw a reduction in sales in 2022.",0,0,CRCT_10-Q_Risk Factors_0019
"A company’s internal control over financial reporting includes those policies and procedures that (1) pertain to the maintenance of records that, in reasonable detail, accurately and fairly reflect the transactions and dispositions of the assets of the company; (2) provide reasonable assurance that transactions are recorded as necessary to permit preparation of financial statements in accordance with generally accepted accounting principles, and that receipts and expenditures of the company are being made only in accordance with authorizations of management and directors of the company; and (3) provide reasonable assurance regarding prevention or timely detection of unauthorized acquisition, use, or disposition of the company’s assets that could have a material effect on the financial statements.",1,1,WFRD_10-K_MD&A_0037
"We have no outstanding debt other than our outstanding letters of credit, under our Investment Collateral Security agreement with BMO Harris Bank, N.A. (the Investment Collateral Security agreement), which does not have any financial covenants.",0,0,FTEK_10-K_MD&A_0169
The fair value of PSUs vested during 2021 was $ 2 million and nil for 2020 and 2022.,0,0,WFRD_10-K_MD&A_0331
"Additionally, the performance of our reseller partners may affect our brand and reputation if customers do not have a positive experience with our products as implemented by our reseller partners or with the implementation generally.",0,0,EVLV_10-K_Risk Factors_0216
"Our APC business experienced improvement in 2022 , compared to 2021 , due to the execution of projects awarded in the second half of 2021 and in 2022.",0,0,FTEK_10-K_MD&A_0017
"To address these challenges, we continue to pursue innovation with a view towards developing new products and services aligned with generating market demand and meeting the needs of our customers and partners.",0,0,HPQ_10-K_MD&A_0037
"We expect the substantial completion of our HPE Next and cost optimization and prioritization restructuring plans, coupled with related cost reduction measures and operational efficiencies, may moderate the impact of unfavorable foreign exchange effects and inflationary pressures in fiscal 2023.",0,0,HPE_10-Q_MD&A_0020
The various financing options offered by the financial services operations are designed to enhance sales of John Deere products and generate financing 8 Table of Contents income for the financial services operations.,0,0,DE_10-K_Risk Factors_0187
This affords a wide breadth of design freedom for creating new metal parts and it enables replication of existing parts without the need to redesign the part to be manufacturable with AM.,0,0,VELO_10-K_MD&A_0009
The Company determines if an arrangement is a lease at inception by evaluating whether the arrangement conveys the right to use an identified asset and whether the Company obtains substantially all of the economic benefits from and has the ability to direct the use of the asset.,0,0,FTEK_10-K_MD&A_0440
"Our future success depends, in part, on our ability to expand the deployment of our products with existing customers by selling them additional Evolv Express systems.",0,0,EVLV_10-K_Risk Factors_0127
"We may incur liabilities, expenses, costs and other operational losses relating to the GDPR and privacy laws of applicable EU Member States and the United Kingdom, including in connection with any measures we take to comply with them.",0,0,CRCT_10-K_Risk Factors_0659
Key factors in the Company’s growth strategy have been the selective use and management of the Company’s brands and the Company’s ability to provide a stream of new products and designs.,0,1,LCUT_10-Q_MD&A_0029
Costs for warranties for parts and services for equipment under lease are accrued separately at lease commencement and amortized to cost of revenue over the lease term to the extent the costs are probable and can be reasonably estimated since the related revenue is being recognized over the lease term.,1,1,VELO_10-K_MD&A_0276
We maintain a valuation allowance to reserve against our net deferred tax assets in certain foreign jurisdictions.,1,0,AGCO_10-Q_MD&A_0060
Our commitment to diversity and inclusion starts at the top with a highly skilled and diverse board.,0,0,AGCO_10-K_Risk Factors_0132
"Further, we do not know if any of our pending trademark or patent applications will be approved.",0,0,CIX_10-K_Risk Factors_0030
We apply authoritative accounting guidance for fair value measurements of financial and non-financial assets and liabilities.,1,0,FTEK_10-K_MD&A_0297
"Similarly, some of our customers must build or prepare facilities to install a subset of our additive manufacturing solutions, and the completion of such projects can be unpredictable, which can impact the period in which we recognize the revenue relating to that additive manufacturing solution sale.",0,0,VELO_10-K_Risk Factors_0238
"Likewise, the Company does not hedge the translation exposure represented by the net assets of its foreign subsidiaries.",0,0,TWIN_10-K_MD&A_0701
"Any factors adversely affecting sales of our connected machines, including introduction by competitors of comparable machines at lower price points, a maturing product lifecycle, shortages in our supply or inventory of connected machines, a decline in consumer spending or other factors discussed elsewhere in this Risk Factors section, could result in a continued decline in sales of our connected machines, which would adversely affect our future revenue and results of operations.",0,0,CRCT_10-Q_Risk Factors_0045
"Any compromise of our information security could damage our reputation and brand and expose us to a risk of loss, costly litigation and liability that would substantially harm our business and operating results.",0,0,PRLB_10-K_Risk Factors_0044
"Historical seasonal patterns may not continue in the future and have been impacted by supply constraints, shifts in customer behavior, continuing impacts of the macroeconomic challenges and different demand dynamics.",0,0,HPQ_10-K_MD&A_0067
"These charges relate to the Belgian restructuring program just mentioned ($2.3 million), an impairment charge of the Company’s corporate office building ($4.3 million), and other restructuring activities at the company’s domestic and European operations ($0.8 million).",0,0,TWIN_10-K_MD&A_0053
Third parties may own issued patents and pending patent applications that exist in fields relevant to additive manufacturing or any other technology related to our products.,0,0,VELO_10-K_Risk Factors_0471
Application of the amendments is through a cumulative-effect adjustment to retained earnings as of the effective date.,1,1,FTEK_10-K_MD&A_0135
"Beginning in 2021, a surge in demand for electronics containing semiconductor chips and stockpiling of chips by certain companies created disruptions in the supply chain, which continue to persist and have resulted in a global chip shortage impacting our industry.",0,0,OUST_10-K_MD&A_0041
"The emergence of new variants of COVID-19, evolving governmental plans to institute vaccination mandates and limited availability of vaccines in various jurisdictions create uncertainty that may impact our employees and result in labor shortages and unforeseen costs.",0,0,TRS_10-K_Risk Factors_0021
"These decreases are partially offset by increases in provision for excess and obsolete inventories of $8.3 million, depreciation and amortization expense of $4.3 million, stock-based compensation expense of $4.3 million and net income of $173.3 million.",0,0,SMCI_10-K_MD&A_0224
"Furthermore, if the pro rata portion of our trust account distributed to our public stockholders upon the redemption of 100% of our public shares in the event we do not complete our initial business combination within the required time period is not considered a liquidation distribution under Delaware law and such redemption distribution is deemed to be unlawful, then pursuant to Section 174 of the DGCL, the statute of limitations for claims of creditors could then be six years after the unlawful redemption distribution, instead of three years, as in the case of a liquidation distribution.",1,1,DTI_10-K_Risk Factors_0171
"The District Court Judge appointed Utah Retirement Systems (“URS”) as Lead Plaintiff, and on March 16, 2020, URS filed its Amended Complaint.",0,0,WFRD_10-K_MD&A_0298
This review facilitates the identification of key talent and allows us to build meaningful development plans and align career growth opportunities.,0,0,PH_10-K_Risk Factors_0040
Other operating expenses are primarily driven by a $1.7 million litigation accrual in the second quarter of fiscal year 2022 that was settled in the first quarter of fiscal year 2023.,0,0,SXI_10-Q_MD&A_0140
"Materials and Supplies Our Flash consists of flash-based memory, controllers and firmware and other components.",0,0,WDC_10-K_Risk Factors_0045
"Industrial 3D Printing is best suited for functional prototypes, complex designs and end-use applications.",0,0,PRLB_10-Q_Risk Factors_0029
"Leading indicators 10 Table of Contents include injury/illness corrective action closure rates, near-miss corrective action closure rates, and risk reduction from safety and ergonomic risk assessment projects.",0,0,DE_10-K_MD&A_0250
Some of the international locations in which we operate lack a developed legal system and have higher than normal levels of corruption.,0,0,VELO_10-K_Risk Factors_0401
"Our business currently depends in part on our activities in the EMEA, APAC, and other foreign markets.",0,0,EKSO_10-K_Risk Factors_0059
There can be no assurance that future developments affecting us will be those that we have anticipated.,0,0,AIRJ_10-K_MD&A_0006
"To compete effectively, we must retain long standing relationships with significant customers, offer attractive pricing, maintain product quality, meet customer delivery requirements, develop enhancements to products that offer performance features that are superior to our competitors and which maintain our brand recognition, continue to automate our manufacturing capabilities, continue to grow our business by establishing relationships with new customers, diversify into emerging markets and penetrate new markets.",0,0,SXI_10-K_Risk Factors_0036
"It is also possible that we may face reputational harm if we determine that certain of our products contain minerals not determined to be conflict free or if we are unable to alter our products, processes or sources of supply to avoid such materials.",0,0,CRCT_10-K_Risk Factors_0577
"We provide extensive health and safety resources and training to all of our employees, especially for those who work in our manufacturing and operations.",0,0,WDC_10-K_Risk Factors_0122
We may transfer cash from certain international subsidiaries to the U.S. and other international subsidiaries when we believe it is cost-effective to do so.,0,0,XYL_10-Q_MD&A_0195
"During the second quarter of 2023, the Europe net sales increase consisted primarily of higher net sales of iPhone, partially offset by lower net sales of Mac.",0,0,AAPL_10-Q_MD&A_0028
We believe we are well-positioned in our market as a leading provider of high-resolution digital lidar sensors.,0,0,OUST_10-Q_MD&A_0077
"Our reliance on these suppliers involves significant risks and uncertainties, including whether the suppliers will provide an adequate supply of required components, subsystems or systems of sufficient quality will increase prices for the components, subsystems or systems and will perform their obligations on a timely basis.",0,0,VELO_10-K_Risk Factors_0356
"Risks Related to Cyber Security, Privacy, and Intellectual Property • Significant disruptions in, or breaches in security of, our websites, information technology systems or our products could adversely affect our business. 40 Table of Contents • The collection, storage, transmission, use and distribution of user data could give rise to liabilities and additional costs of operation as a result of laws, governmental regulation and risks of data breaches and security incidents. • Claims by others that we infringe their proprietary technology could adversely affect our business. • We may be unable to protect our proprietary rights.",0,0,LOGI_10-Q_Risk Factors_0007
John Deere’s production and precision agriculture and small agriculture and turf segments together offer a full line of agriculture and turf equipment and related service parts.,0,0,DE_10-K_Risk Factors_0066
"In situations where pricing is highly variable, or a product is never sold on a stand-alone basis, the Company estimates the SSP using the residual approach.",1,1,VELO_10-K_MD&A_0250
"We are subject to numerous federal, state, local and international laws and regulations regarding privacy, data protection, information security and the storing, sharing, use, processing, transfer, disclosure and protection of personal information and other content and data, which we refer to collectively as privacy laws, the scope of which is changing, subject to differing interpretations and may be inconsistent among countries, or conflict with other laws, regulations or other obligations.",1,0,CRCT_10-K_Risk Factors_0627
A change in these principles or interpretations could have a significant effect on our reported results of operations and could affect the reporting of transactions already completed before the announcement of such change.,0,0,EVLV_10-K_Risk Factors_0630
Certain of our stockholders that hold Founder Shares were in the past subject to lock-up restrictions that have expired.,0,0,EVLV_10-K_Risk Factors_0594
"For the fiscal 2023 first nine months, marketing, engineering and administrative (“ME&A”) expenses, as a percentage of sales, were 23.7%, compared to 25.6% for the fiscal 2022 first nine months.",0,0,TWIN_10-Q_Risk Factors_0054
"Moreover, we manufacture and sell hardware and software products that allow our users to store confidential information, including their original designs, locally or in our cloud infrastructure.",0,0,CRCT_10-Q_Risk Factors_0708
The use of such hedging activities may not offset any or more than a portion of the adverse financial effects of unfavorable movements in foreign exchange rates over the limited time the hedges are in place and may introduce additional risks if we are unable to structure effective hedges with such instruments.,1,0,CRCT_10-Q_Risk Factors_0795
"The cash conversion cycles were as follows (in days): Three Months Ended March 31, 2023 April 1, 2022 Days sales outstanding 52 49 Days in inventory 144 104 Days payables outstanding (57) (63) Cash conversion cycle 139 90 Changes in days sales outstanding (“DSO”) are generally due to the timing of shipments.",0,0,WDC_10-Q_MD&A_0126
"If we seek stockholder approval of our initial business combination and we do not conduct redemptions in connection with our initial business combination pursuant to the tender offer rules, our sponsor, directors, executive officers, advisors or their affiliates may purchase shares or public warrants in privately negotiated transactions or in the open market prior to the completion of our initial business combination, where otherwise permissible under applicable laws, rules and regulations, although they are under no obligation to do so.",1,0,AIRJ_10-K_Risk Factors_0058
The input method requires an analysis of the incurred time in production and an estimate of the total time necessary to complete the total parts per the customer's order.,1,0,PRLB_10-K_Risk Factors_0677
"Additionally, we can expect continued momentum for water quality products and increased demand for pipeline assessment services due to aging infrastructure and climate challenges.",0,0,XYL_10-Q_MD&A_0053
John Deere has achieved and plans to continue to achieve compliance with these regulations through significant investments in the development of new engine technologies and after-treatment systems.,0,0,DE_10-K_Risk Factors_0223
"Our accounts receivable sales agreements in North America, Europe and Brazil permit the sale, on an ongoing basis, of a majority of our receivables to our U.S., Canadian, European and Brazilian finance joint ventures.",0,1,AGCO_10-Q_MD&A_0128
"Our brands and reputation are also dependent on third parties, such as suppliers, manufacturers, distributors, retailers, product reviewers and the media as well as online consumer product reviews, consumer recommendations and referrals.",0,0,LOGI_10-Q_Risk Factors_0072
"Capable of delivering 7.2 megawatts of predictable clean energy to the grid once completed, these Orbital tidal stream energy projects will support the United Kingdom’s security of supply, energy transition and broader climate change objectives.",0,0,FTI_10-K_MD&A_0049
Our management believes it is probable that these projects will be successfully completed and that there will not be a material adverse impact on our operations from these bank performance guarantees and letters of credit.,0,0,FTEK_10-K_MD&A_0616
"Customers may demand lower pricing, special packaging, shorter lead times for the delivery of products or impose other requirements on product suppliers like the Company.",0,0,LCUT_10-K_Risk Factors_0198
"We include ESG metrics in the compensation criteria for all senior management, which covers climate change, a balanced workforce, succession planning, board refreshment and workplace safety.",0,0,XRX_10-K_MD&A_0148
"Since then, we have expanded our life sciences offerings through internal development investments and through a series of acquisitions.",0,1,AZTA_10-Q_MD&A_0030
"Operating profit improved due to price realization and improved shipment volumes as a result of improved supply chain conditions, partially offset by higher production costs.",0,0,DE_10-Q_MD&A_0072
We expect to produce gross savings of approximately $1.1 million during 2023 as a result of the January 2023 restructuring plan.,0,0,CRCT_10-Q_MD&A_0081
"We intend to reach our goal of zero recordable incidents by 2030 through our continued focus on team member engagement and accountability, coupled with a strong framework of systems and procedures.",0,0,PH_10-K_Risk Factors_0023
Our forecasts of market growth may not be accurate.,0,0,OUST_10-K_Risk Factors_0217
Inflation or significant changes in interest rates could reduce the demand for our products and services.,0,0,BW_10-K_Risk Factors_0129
We attempt to include provisions in our agreements with customers that are designed to limit our exposure to potential liability for damages arising from defects or errors in our products.,0,0,PRLB_10-K_Risk Factors_0189
"For the year ended December 31, 2022, cost of 3D Printers increased compared to the prior year in 2021, due to higher material, labor and factory overhead costs associated with higher production volumes and the change in our product mix towards more Sapphire XC systems compared to Sapphire systems.",0,0,VELO_10-K_MD&A_0121
"These leases primarily consist of office and warehouse facilities, as well as production and office equipment. 35 The Company determines if an arrangement is a lease at contract inception.",0,0,TWIN_10-K_MD&A_0328
"Although the results of such legal proceedings cannot be predicted with certainty, the Company believes that the ultimate disposition of these matters will not have a material adverse effect, individually or in the aggregate, on the Company’s business, financial condition, results of operations or cash flows. 19.",0,0,IEX_10-Q_MD&A_0164
Future acquisitions could divert management’s time and focus from operating our business.,0,0,EKSO_10-K_Risk Factors_0101
The Company expects to make contributions during fiscal year 2024 of an estimated $7.4 million to its U.S. funded defined benefit plan.,0,0,SXI_10-Q_MD&A_0186
"Furthermore, in some instances, these large companies may have internally developed products and solutions that are competitive to our products.",0,0,OUST_10-K_Risk Factors_0095
"We also expect increased tie-back activity, with growth from these smaller projects to come primarily from the North Sea, Gulf of Mexico and West Africa – all regions in which we have a strong presence and are well-positioned due to our extensive installed base.",0,0,FTI_10-K_MD&A_0066
"The change is primarily due to the repurchase of 147,500 shares at a cost of $28.3 million in the first quarter of 2022, of which $2.0 million did not settle until April 2022.",0,0,IEX_10-Q_MD&A_0227
We operate in a highly competitive market and we may be unable to compete successfully against existing and future competitors.,0,0,CRCT_10-Q_Risk Factors_0112
The Company’s subsidiaries are: Name Location PL-US International LLC United States Hubs Manufacturing Inc.,0,1,PRLB_10-K_MD&A_0313
"The risks we may encounter include those associated with: 15 Table of Contents • disruption to our business and the continued successful execution of our company strategy, goals and responsibilities, including but not limited to the Company’s non-GAAP EPS growth, including mix shift to software and services, increase in recurring revenue and free cash flow, as well as the NCR-as-a-Service model, while managing significant transactions; • increased capital and research and development expenses and resource allocation; • assimilation and integration of different business operations, corporate cultures, personnel, infrastructures (such as data centers) and technologies or solutions acquired or licensed, while maintaining quality, and designing and implementing appropriate risk management measures; • retention of key employees and talent associated with the acquired or combined business; • the incurrence of significant transaction fees and costs; • the potential for unknown liabilities within the acquired or combined business that we may not become aware of until after the completion of the acquisition; and • the possibility of conflict with joint venture or alliance partners regarding strategic direction, prioritization of objectives and goals, governance matters or operations.",1,0,VYX_10-K_Risk Factors_0043
This shared platform is the catalyst for talent management at Parker.,0,0,PH_10-K_Risk Factors_0038
We may amend the terms of the public warrants and private placement warrants in a manner that may be adverse to holders of public warrants with the approval by the holders of at least 65% of the then outstanding public warrants.,0,0,VELO_10-K_Risk Factors_0557
"The increase in organic operating income is attributable to higher volume leverage, favorable price/cost and operational productivity, partially offset by increases in employee-related costs, discretionary spending and resource investments.",0,0,IEX_10-K_MD&A_0036
"Amortization expense was $2.4 million and $4.0 million in the three months ended March 31, 2023 and 2022, respectively.",0,0,BW_10-Q_MD&A_0095
"The primary drivers were collections of receivables (excluding receivables related to sales) exceeding the cost of receivables acquired and a change in collateral on derivatives – net, partially offset by purchases of property and equipment.",1,0,DE_10-Q_MD&A_0090
"In addition, the risk of state-supported and geopolitical-related cybersecurity attacks is believed to be heightened in connection with the war in Ukraine and any related political or economic responses and counter-responses.",0,0,EKSO_10-K_Risk Factors_0391
Actual inventory purchases will vary based on current and forecasted demand for our products.,0,0,CRCT_10-K_MD&A_0213
"Since control transfers over time, revenue is recognized based on the extent of progress towards completion of the single performance obligation.",1,0,FTEK_10-K_MD&A_0400
Major Customers and Credit Risk Substantially all of our customers are engaged in the energy industry.,0,0,WFRD_10-K_MD&A_0070
"Income from operations increased $2.4 million, or 43.6%, in the nine months ended March 31, 2023 compared to the prior year period primarily due to productivity initiatives, volume increases and the impact of a one-time project related charge in first quarter of fiscal year 2022 that did not repeat.",0,1,SXI_10-Q_MD&A_0127
"If input costs increase at rapid rates, our ability to recover cost increases on a timely basis is made more difficult by the lag nature of these contracts.",0,0,TRS_10-Q_MD&A_0037
Gross profit decreased from $222.7 million in 2021 to $215.5 million in 2022.,0,0,PRLB_10-K_MD&A_0098
"Our third-party manufacturers, including Intretech, are largely based in Malaysia and China.",0,0,CRCT_10-Q_Risk Factors_0491
"Lack of information technology infrastructure, shortages in business capitalization, and manual processes and data integrity issues, particularly with smaller suppliers can also create product time delays, inventory and invoicing problems, and staging delays, as well as other operating issues.",0,0,VYX_10-K_Risk Factors_0160
"In addition, we may, from time-to-time, purchase more inventory than is immediately required in order to shorten our delivery time in case of an anticipated increase in demand for our products.",0,0,ERII_10-K_Risk Factors_0103
"The industrial end market had $35 million of organic growth across all major geographic regions, particularly in the emerging markets, driven by projects in both Latin America and Africa, and in western Europe and the U.S. due to good price realization.",0,0,XYL_10-Q_MD&A_0073
"These restrictions may restrict our current and future operations, particularly our ability to respond to certain changes in our business or industry or take future actions.",0,0,CRCT_10-K_Risk Factors_0398
"The contracts explicitly specify the equipment which is a production system with defined components and services including the printer itself, services, and accessories.",0,0,VELO_10-K_MD&A_0265
Some of this litigation includes claims for punitive and consequential as well as compensatory damages.,0,0,TRS_10-K_Risk Factors_0145
"In addition, we have experienced, and expect to continue to experience, the impact of cost inflationary pressure on raw materials, wage rates and freight.",0,0,TRS_10-K_Risk Factors_0046
Marketing General managers along with sales managers lead DBMG’s sales and marketing efforts.,0,0,VATE_10-K_Risk Factors_0003
"If the Company is unable to remain in compliance and does not make alternate arrangements, an event of default would occur under the Company’s Secured Indenture which, among other remedies, could result in the outstanding obligations under the indenture becoming immediately due and payable and permitting the exercise of remedies with respect to the collateral.",1,0,VATE_10-Q_MD&A_0223
The Company's customers conduct nearly all of their business over the internet.,0,0,PRLB_10-K_Risk Factors_0608
"In addition, we may be exposed to recalls, product replacements or modifications, write-offs of inventory or intangible assets and significant warranty and other expenses, such as litigation costs and regulatory fines.",0,0,CRCT_10-Q_Risk Factors_0572
"As we gain experience with Sapphire XC production, we expect to lower our material costs and reduce labor and overhead expenses per unit.",0,1,VELO_10-K_MD&A_0123
"Selling, General and Administrative Expenses Selling, general and administrative expenses primarily include the following categories except where an allocation to the cost of sales line item is warranted due to the project- or product-line nature of a portion of the expense category: salaries and wages, employee benefits, non-project travel, insurance, legal, rent, accounting and auditing, recruiting, telephony, employee training, Board of Directors’ fees, auto rental, office supplies, dues and subscriptions, utilities, real estate taxes, commissions and bonuses, marketing materials, postage and business taxes.",0,0,FTEK_10-K_MD&A_0426
We may be subject to claims or inquiries regarding alleged unauthorized use of a third party’s intellectual property.,0,0,TRS_10-K_Risk Factors_0123
"Based on our strategic initiative to increase sales through online channels, our brick-and-mortar retail partners may decide not to adequately display our products in store, choose to reduce the in-store space for our products, locate our products in less than premium positioning in their store, choose not to carry some or all of our products or promote competitors’ products over ours in store, and as a result, our sales could decrease and our business could be harmed.",0,0,CRCT_10-Q_Risk Factors_0098
"John Deere also retains consultants, independent contractors, and temporary and part-time workers.",0,0,DE_10-K_MD&A_0236
Only items identified as of the acquisition date are considered for subsequent adjustment.,1,0,IEX_10-Q_MD&A_0028
"Our initial stockholders (including our sponsor) own, on an as-converted basis, 20% of our outstanding shares of common stock immediately following the completion of our IPO Our initial stockholders, directors and members of our management team also may from time to time purchase Class A common stock prior to our initial business combination.",0,0,AIRJ_10-K_Risk Factors_0015
"For example, this metric does not capture how active a User is during the 90-day period, nor whether a User is purchasing subscriptions or accessories and materials.",0,0,CRCT_10-K_MD&A_0138
Intense competition and long operating cycles are key characteristics of the company’s aerospace and defense industry where it is common for work on major programs to be shared among a number of companies.,0,0,BALL_10-Q_MD&A_0018
The 2020 order could be subject to further petitions for reconsideration or court appeals.,0,0,CRCT_10-K_Risk Factors_0331
"If we fail to continue our innovation, our market position and revenue may be adversely affected, and our investments in that area will not be recovered.",0,0,OUST_10-Q_MD&A_0072
We do not undertake any obligation to update or revise any forward-looking statements to reflect any future events or circumstances.,0,0,CR_10-Q_MD&A_0012
"Gross profit increased $2.6 million to $11.9 million, or 24.1% of sales, in the three months ended March 31, 2023, as compared to $9.3 million, or 22.6% of sales, in the three months ended March 31, 2022.",0,0,TRS_10-Q_MD&A_0087
Cash equivalents include investments in money market funds.,0,0,FTEK_10-K_MD&A_0304
"None of our other officers will indemnify us for claims by third parties including, without limitation, claims by vendors and prospective target businesses.",0,0,DTI_10-K_Risk Factors_0150
We believe our current cash position and net cash flows expected to be generated from operations are adequate to fund planned operations of the Company for the next 12 months.,0,0,FTEK_10-Q_MD&A_0057
"If our plan of distribution complies with Section 281(b) of the DGCL, any liability of stockholders with respect to a liquidating distribution is limited to the lesser of such stockholder’s pro rata share of the claim or the amount distributed to the stockholder, and any liability of the stockholder would likely be barred after the third anniversary of the dissolution.",1,0,AIRJ_10-K_Risk Factors_0176
"We may use the Shelf Registration Statement or other capital sources, including other offerings of equity or debt securities or the credit markets, to satisfy future financing needs, including planned or unanticipated capital expenditures, investments, debt repayments or other expenses.",0,0,WDC_10-Q_MD&A_0110
"The repatriation of cash balances from certain of our subsidiaries could have adverse tax consequences or be subject to capital controls; however, those balances are generally available without legal restrictions to fund ordinary business operations.",1,1,SXI_10-Q_MD&A_0147
"In addition, our actual or projected operating results may fail to match our past performance.",0,0,PRLB_10-K_Risk Factors_0216
"The competitive environment for the agriculture and turf operations includes some global competitors, including AGCO Corporation, CLAAS KGaA mbH, CNH Industrial N.V., Kubota Tractor Corporation, Mahindra, and The Toro Company, as well as many regional and local competitors.",0,0,DE_10-K_MD&A_0113
"Making estimates and judgments about future events is inherently unpredictable and is subject to significant uncertainties, some of which are beyond our control.",0,0,SMCI_10-Q_MD&A_0026
The third patent is a continuation-in-part of a patent that UC Berkeley has licensed to us.,0,0,EKSO_10-K_Risk Factors_0195
"Furthermore, the continued weakness and uncertainty in worldwide credit markets, including the sovereign debt situation in certain countries in the European Union, or EU, may adversely impact the ability of our customers to adequately fund their expected capital expenditures, which could lead to delays or cancellations of planned purchases of our products.",0,0,EVLV_10-K_Risk Factors_0184
"The occurrence of any material defects in our connected machines or certain other products, or the 46 flow-down obligations for brick-and-mortar and online retail partner and distributor returns, could result in an increase in product returns or make us liable for damages and warranty claims and/or returns in excess of our current reserves, which could result in an adverse effect on our business prospects, liquidity, financial condition and cash flows if warranty claims were to materially exceed anticipated levels.",1,1,CRCT_10-Q_Risk Factors_0340
"We are subject to the risk of shortages and long lead times in the supply of these components or accessories and materials, and the risk that our suppliers discontinue or modify components used in our products.",0,0,CRCT_10-Q_Risk Factors_0499
"If our community of users does not continue to promote our products through word-of-mouth referrals at the same or increasing rates or we otherwise experience a decline in our ability to acquire new users organically, we will need to expend additional resources on advertising and increase our marketing expenses.",0,0,CRCT_10-K_Risk Factors_0371
"Non-cash expenses for the year ended December 31, 2022 are primarily attributable to $22.5 million of stock-based compensation expense, $5.5 million of depreciation and amortization, $1.6 million of write-off of inventory, and $1.2 million of loss from impairment of property and equipment, offset by $13.8 million of an aggregate change in fair value of the earn-out liability, contingently issuable common stock warrant liability, and public warrant liability.",1,0,EVLV_10-K_MD&A_0217
"Additionally, in order to remain competitive throughout all industry cycles, we actively change our selling price per unit in response to changes in costs for key components such as CPU/GPU, memory and storage.",0,0,SMCI_10-K_MD&A_0132
Our aspiration is zero carbon emissions.,0,0,AGCO_10-K_Risk Factors_0005
"As a result of this equity transaction, Pansend's basis in MediBeacon increased by $3.8 million and Pansend recognized $3.8 million additional equity method losses which were previously unrecognized because Pansend's carrying amount of its investment in MediBeacon had been previously reduced to zero.",1,0,VATE_10-Q_MD&A_0101
"The total expected cash to be used could vary depending on the timing and completion of various capital projects and the availability, timing and terms of related financing .",0,0,WDC_10-Q_MD&A_0115
"As of March 31, 2023, we had approximately $706.2 million outstanding borrowings under the revolving credit facility and had the ability to borrow approximately $543.8 million.",0,0,AGCO_10-Q_MD&A_0103
"Our ability to accurately forecast demand could be affected by many factors, including changes in consumer demand for our products, changes in demand for the products of our competitors, unanticipated changes in general market or economic conditions or changes in consumer confidence in future economic conditions.",0,0,CRCT_10-K_Risk Factors_0055
"The impact of these product and pricing pressures could include lower customer satisfaction, decreased demand for our solutions, loss of market share and reduction of operating profits.",0,0,VYX_10-K_Risk Factors_0038
"In addition, we use hazardous materials in our business, and we must comply with environmental laws and regulations associated therewith.",0,0,VELO_10-K_Risk Factors_0421
"Contracts for 3D Printers also include post-sale customer support services (“ Support Services ”), except for our distributor partners, which are qualified to perform support services.",0,0,VELO_10-K_MD&A_0051
The Company's accounting policy for the recognition of environmental liabilities requires significant judgements and estimates by management and may be impacted by changing regulations and approaches to remediation plans.,1,0,AZZ_10-Q_MD&A_0001
"On January 25, 2023, we entered into a new delayed draw term loan agreement, which allows us to draw a single unsecured loan of up to $875 million any time through June 30, 2023.",0,0,WDC_10-Q_MD&A_0042
We have an insurance program in place to fund supplemental retirement income benefits for three retired executives.,0,0,SXI_10-Q_MD&A_0187
"Instead, various known and unknown factors are likely to cause the Company’s actual performance and management’s actions to vary, and the results of these variances may be both material and adverse.",0,0,PSIX_10-Q_MD&A_0003
"From time to time, we may enter into transactions to dispose of businesses or capital assets that no longer fit our long-term strategy.",0,0,WFRD_10-Q_Risk Factors_0101
"Delays could result in adverse publicity (if potential new product announcements are leaked and then delayed), loss of sales and delay in market acceptance, any of which could cause us to lose or fail to engage with existing users or impair our ability to attract new users.",0,1,CRCT_10-Q_Risk Factors_0034
The current target is to complete the separation by the end of 2023.,0,0,VYX_10-K_Risk Factors_0055
Annual or multi-year contracts are subject to rescheduling and cancellation by customers due to the long-term nature of the contracts.,0,0,XYL_10-Q_MD&A_0113
These risks may be considerable in any given year or cumulatively.,0,0,BW_10-K_Risk Factors_0089
"We are committed to providing total rewards that are market-competitive and performance-based, driving innovation and operational excellence.",0,0,AGCO_10-K_Risk Factors_0106
"Income Taxes Three Months Ended March 31, (In thousands, except for percentages) 2023 2022 $ Change (Loss) income before income taxes $ (11,985) $ (7,454) $ (4,531) Income tax (benefit) expense $ 490 $ 1,230 $ (740) Effective tax rate (4.1) % (16.5) % Our income tax expense in the first quarter of 2023 reflects a full valuation allowance against our net deferred tax assets, except in Mexico, Canada, the United Kingdom, Brazil, Finland, Germany, Thailand, the Philippines, Indonesia, and Sweden.",1,1,BW_10-Q_MD&A_0112
"We have taken effective action around the world to protect our health and safety, continue to serve our customers, support our communities and manage our cash flows.",0,0,SXI_10-Q_MD&A_0044
It is uncertain that the Company will be able to consummate a Business Combination by this time.,0,0,DTI_10-Q_MD&A_0049
"Level 2 inputs are quoted prices or other market data for similar assets and liabilities in active markets, or inputs that are observable for the asset or liability, either directly or indirectly through market corroboration, for substantially the full term of the financial instrument.",1,1,WFRD_10-K_MD&A_0262
"The goodwill recorded for the acquisition reflects the strategic fit, revenue and earnings growth potential of this business.",0,0,IEX_10-Q_MD&A_0016
The manufacturing processes involve a number of steps that are dependent on each other and occur in “clean room” environments that demand skill in process engineering and efficient space utilization to control the operating costs of these manufacturing environments.,1,1,WDC_10-K_Risk Factors_0018
Product sales are billed and recognized when control passes to the customer.,0,0,WFRD_10-K_MD&A_0145
"During the first six months of 2023, the Europe net sales decrease consisted primarily of lower net sales of Mac, partially offset by higher net sales of iPhone.",0,0,AAPL_10-Q_MD&A_0029
"We were in compliance with all requirements under our Term Loan Facility and ABL Facility as of March 31, 2023.",0,0,NNBR_10-Q_Risk Factors_0054
"Sales for the AZZ Precoat Metals segment, which was acquired on May 13, 2022, were $215.0 million for the current quarter.",0,0,AZZ_10-Q_Risk Factors_0030
"Because we will not be complying with Section 280 of the DGCL, Section 281(b) of the DGCL requires us to adopt a plan, based on facts known to us at such time that will provide for our payment of all existing and pending claims or claims that may be potentially brought against us within the subsequent 10 years.",1,0,DTI_10-K_Risk Factors_0174
"As of March 31, 2023, our portfolio of connected machines range from $179.00 to $429.00 MSRP, and subscription offerings range from $9.99 per month to $95.88 per year for Cricut Access or $119.88 per year for Cricut Access Premium, which includes all of the benefits of Cricut Access as well as additional discounts and preferred shipping.",0,0,CRCT_10-Q_Risk Factors_0148
Price increases primarily reflect our efforts to recover an increase in raw material and freight costs.,0,0,EML_10-Q_MD&A_0022
This has resulted in new subsea investments coming much earlier in the cycle and more in parallel with U.S. land markets.,0,0,FTI_10-K_MD&A_0053
"In addition, changes in regulatory policy for the approval or CE marking of a medical device during the period of product development and regulatory agency review or notified body review of each submitted new application may cause delays or rejections.",1,0,EKSO_10-K_Risk Factors_0256
"This swap is included in the disclosures in Note R, Derivative Financial Instruments. 44 During the fourth quarter of fiscal 2021, the Company designated its euro denominated Revolving Loan as a net investment hedge to mitigate the risk of variability in its euro denominated net investments in wholly-owned foreign companies.",1,0,TWIN_10-K_MD&A_0494
"For these notes, after the May 2023 redemption of the Exit Notes, we expect $173 million in interest payments annually in 2023 and approximately $167 million in interest payments annually, beginning in 2024 until the maturity of these obligations.",0,0,WFRD_10-Q_MD&A_0112
EksoHealth EksoHealth is our business unit focused on developing and marketing exoskeletons for medical applications.,0,0,EKSO_10-Q_Risk Factors_0011
The additive manufacturing industry in which we operate is fragmented and competitive.,0,0,VELO_10-K_Risk Factors_0187
Sales for the fourth quarter of 2022 were $69.1 million compared to $59.6 million for the same period in 2021.,0,0,EML_10-K_MD&A_0007
"If any of these risks actually occur, our business, results of operations, financial condition, and prospects could be materially and adversely affected Except for as set forth below, there have been no material changes in the risk factors described in Part I, Item 1A. “Risk Factors” in our Annual Report on Form 10-K for the year ended December 31, 2022.",0,0,VELO_10-Q_Risk Factors_0003
The Company’s fiscal year is a 52-53-week fiscal year ending on the Saturday nearest to December 31.,0,1,EML_10-Q_MD&A_0002
"WCC Results WCC revenues of $421 million in the three months ended March 31, 2023, increased $77 million, or 22% compared to $344 million in the three months ended March 31, 2022.",0,0,WFRD_10-Q_MD&A_0064
"Rotary vane compressors feature high efficiency, compact compression technology and can be found throughout all sectors of industry, including automotive, food and beverage, energy and manufacturing with specialized solutions within transit, gas and snow making.",0,0,IR_10-K_Risk Factors_0063
"Any investments in other entities may also subject us to the operating and financial risks of such entities, and we rely on the internal controls and financial reporting controls of such entities.",0,0,VELO_10-K_Risk Factors_0128
Acquisitions also frequently result in the recording of goodwill and other intangible assets which are subject to potential impairment in the future that could harm our financial results.,0,0,OUST_10-K_Risk Factors_0371
"To address this, we must, among other activities, grow and improve our marketing capability and brand awareness, which may be costly.",0,0,OUST_10-K_Risk Factors_0052
"The segment’s primary products include a broad range of backhoe loaders, crawler dozers and loaders, four-wheel-drive loaders, excavators, motor graders, articulated dump trucks, landscape loaders, skid-steer loaders, milling machines, pavers, compactors, rollers, crushers, screens, asphalt plants, log skidders, log feller bunchers, log loaders, log forwarders, log harvesters, and a variety of attachments.",0,0,DE_10-K_Risk Factors_0095
"We compensate for some of these limitations by also reviewing other metrics that capture portions of this information, including the metrics below.",0,1,CRCT_10-K_MD&A_0139
Future impairments and charges are possible in connection with these exposures.,0,0,AGCO_10-Q_Risk Factors_0026
"Any increase in nickel, steel and/or aluminum prices that is not offset by an increase in the Company’s prices could have an adverse effect on the Company’s business, financial position, results of operations or cash flows.",0,0,EML_10-K_Risk Factors_0075
"The final purchase price allocation was as follows: (in thousands) Assets acquired: Current assets $ 2,497 Intangible assets 30,770 Goodwill 280,925 Other long-term assets 1,139 Total assets acquired 315,331 Liabilities assumed: Current contingent consideration 7,093 Current liabilities 5,666 Long-term contingent consideration 6,507 Long-term deferred tax liabilities 1,688 Other long-term liabilities 255 Total liabilities assumed 21,209 Net assets acquired $ 294,122 Cash paid $ 133,847 Cash acquired ( 6,434 ) Net cash consideration 127,413 Equity portion of purchase price 166,709 Total purchase consideration $ 294,122 65 Table of Contents Proto Labs, Inc.",1,0,PRLB_10-K_MD&A_0445
"The higher CO 2 employee costs was due primarily to an increase in headcount, higher wages, an increase in benefit costs, and higher share-based compensation expense.",0,0,ERII_10-Q_MD&A_0046
"If our third-party logistics partners do not perform their obligations or meet our expectations, or those of our brick-and-mortar and online retail partners, distributors or our online sales channels, our reputation and business could suffer.",0,0,CRCT_10-K_Risk Factors_0544
"We believe we are in the early stages of our growth and that we have a significant untapped opportunity in the United States and Canada, as well as globally.",0,0,CRCT_10-K_MD&A_0038
"Sales and Distribution We sell our products to computer manufacturers and OEMs, cloud service providers, resellers, distributors and retailers throughout the world.",0,0,WDC_10-K_Risk Factors_0057
We generally determine standalone selling price based on the price charged to customers.,0,0,PRLB_10-K_Risk Factors_0473
"If we are unable to successfully maintain and enhance our brand, this could have a negative impact on our business and ability to generate revenue.",0,0,PRLB_10-K_Risk Factors_0124
"Additionally, we are unable to predict the potential effects that any resurgence of COVID-19, its variants or any future pandemic, or the continuation or escalation of the military conflict between Russia and Ukraine, and related sanctions or market disruptions, may have on our business.",0,0,BALL_10-K_MD&A_0003
"The impact of foreign currency translation was to increase inventories by $2.0 million versus June 30, 2022.",0,1,TWIN_10-Q_Risk Factors_0072
"These false positives may impair the perceived reliability of our products, and may therefore adversely impact market acceptance of our products, and could result in negative publicity, loss of customers and sales and increased costs to remedy any problem.",0,0,EVLV_10-K_Risk Factors_0134
"Net cash used in investing activities of continuing operations for the nine-month period was $1.2 billion, compared to $13.4 million for the prior year nine-month period.",0,0,AZZ_10-Q_Risk Factors_0086
Management believes that reporting organic sales provides useful information to investors by helping to identify underlying growth trends in the Company’s business and facilitating easier comparisons of the Company’s revenue with prior and future periods and to its peers.,0,1,IEX_10-Q_Risk Factors_0078
"Variable Interest Entities We determine at the inception of each arrangement whether an entity in which we hold an investment or in which we have other variable interests is considered a variable interest entity (""VIE"").",1,0,SMCI_10-K_MD&A_0111
"Any failure to do so could have a material adverse impact on the Company’s business, financial condition, results of operations, cash flows, and competitive position.",0,0,LCUT_10-K_Risk Factors_0045
"In accounting for the terms of the PPP Loan, the Company is guided by ASC 470 Debt , and ASC 450 - 30 Gain contingency .",1,1,TWIN_10-K_MD&A_0471
"We did not record any excess tax benefits within income tax expense for the years ended December 31, 2022 and 2021 .",0,0,FTEK_10-K_MD&A_0577
"Side channel vacuum pumps are used for conveying gases and gas-air mixtures in a variety of applications, including laser printers, packaging, soil treatment, textiles and food and beverage products.",0,0,IR_10-K_Risk Factors_0069
This may impair the ability to grow or even maintain current levels of revenues and earnings.,0,0,EML_10-K_Risk Factors_0081
"Examples include working with the supply base to prioritize allocations to improve material availability, multi-sourcing selected parts and materials, providing resources to suppliers to address constraints, entering long term contracts for some critical components, and using alternative freight carriers to expedite delivery.",0,1,DE_10-K_MD&A_0169
"Overall, we expect cost of revenue to increase in absolute dollars.",0,0,PRLB_10-Q_MD&A_0052
"We rely on a limited number of distributors for certain domestic sales, including to help establish relationships with certain retailers, and primarily sell through distributors internationally.",0,0,CRCT_10-Q_Risk Factors_0250
"Unanticipated changes in purchasing and other practices by the Company’s customers, including a customer’s pricing and payment terms, inventory de-stocking, limitations on shelf space, more extensive packaging requirements, changes in order quantities, use of private label brands and other practices, could materially and adversely affect the Company’s business, results of operations and financial condition.",0,0,LCUT_10-K_Risk Factors_0168
We currently carry insurance and maintain reserves for potential product liability claims.,0,0,TRS_10-K_Risk Factors_0134
"Compliance with these laws and regulations is a rigorous and time-intensive process, and we may be required to put in place additional mechanisms to comply with such laws and regulations.",0,1,EKSO_10-K_Risk Factors_0375
The first step is to determine whether it is more likely than not that each income tax position would be sustained upon audit.,1,0,SMCI_10-K_MD&A_0087
"The Company faces various risks related to public health issues, including epidemics, pandemics and other outbreaks, including the global outbreak of the COVID-19 pandemic.",0,0,IEX_10-K_Risk Factors_0027
Regulations requiring the use of “standard transactions” for healthcare services issued under HIPAA may negatively affect our profitability and cash flows.,0,0,EKSO_10-K_Risk Factors_0354
"For example, larger, more productive equipment is well accepted where farmers are striving for more efficiency in their operations.",0,0,DE_10-K_MD&A_0074
"Net sales in the nine months ended March 31, 2023 decreased $6.4 million, or 2.7%, when compared to the prior year period.",0,0,SXI_10-Q_MD&A_0095
"Currency Impact To understand the trends in the business, we believe that it is helpful to analyze the impact of changes in the translation of foreign currencies into U.S.",0,0,XRX_10-Q_MD&A_0012
"If we have not completed an initial business combination within such applicable time period or such later date as approved by our stockholders, we will: (i) cease all operations except for the purpose of winding up; (ii) as promptly as reasonably possible but not more than ten business days thereafter, redeem the public shares, at a per-share price, payable in cash, equal to the aggregate amount then on deposit in the trust account, including interest earned on the funds held in the trust account and not previously released to us to pay our taxes, if any (less up to $100,000 of interest to pay dissolution expenses), divided by the number of then outstanding public shares, which redemption will completely extinguish public stockholders’ rights as stockholders (including the right to receive further liquidating distributions, if any), subject to applicable law; and (iii) as promptly as reasonably possible following such redemption, subject to the approval of our remaining stockholders and our board of directors, liquidate and dissolve, subject in each case to our obligations under Delaware law to provide for claims of creditors and the requirements of other applicable law. 26 If we seek stockholder approval of our initial business combination, our sponsor, directors, officers, advisors and their affiliates may elect to purchase shares or public warrants from public stockholders, which may influence a vote on a proposed business combination and reduce the public “float” of our Class A common stock.",1,0,AIRJ_10-K_Risk Factors_0057
"These key components included memory, solid-state drives, motherboards and other components.",0,0,SMCI_10-Q_MD&A_0062
"If a dispute arises with a distributor or if we terminate our relationship with a distributor or a distributor goes out of business, it may take time to identify an alternative distributor, to train new personnel to market our products, and our ability to sell our products in a region formerly serviced by a terminated distributor could be harmed.",0,0,OUST_10-K_Risk Factors_0210
Climate change may have a long-term impact on our business.,0,0,HPQ_10-K_Risk Factors_0044
Impairment of Long-lived Assets --The Company reviews long-lived assets for impairment whenever events or changes in business circumstances indicate that the carrying amount of the assets may not be fully recoverable.,0,0,TWIN_10-K_MD&A_0332
"We depend on suppliers for components, parts and raw materials for our products, and any failure by our suppliers to provide products as needed, or by us to promptly address supplier issues, will adversely impact our ability to timely and efficiently manufacture and sell products.",0,0,AGCO_10-Q_Risk Factors_0012
The amount recognized primarily represents fair value revaluation gains (losses) of our investment.,1,0,FTI_10-Q_MD&A_0067
"The Company reviews potential problems, such as past due accounts, a bankruptcy filing or deterioration in the customer’s financial condition, to ensure that the Company has adequately accrued for potential loss.",0,0,EML_10-K_MD&A_0047
"In the water and environmental end-market, our pumps and related equipment are used for water treatment in municipal and industrial facilities such as in dosing and sludge transfer.",0,0,IR_10-K_Risk Factors_0091
"During the three months ended November 30, 2022, the Company completed the sale of the AIS segment.",0,0,AZZ_10-Q_Risk Factors_0047
"Under this method, we determine tax assets and liabilities based upon the differences between the financial statement carrying amounts and the tax basis of assets and liabilities using enacted tax rates in effect for the year in which the differences are expected to affect taxable income.",1,0,PRLB_10-K_Risk Factors_0527
"Dividends Returning capital to our shareholders remains an important part of our capital allocation framework, which also consists of strategic investments.",0,0,HPE_10-Q_MD&A_0049
"More broadly, Human Resources (HR) provides a forum for management to review the future needs of the organization, noting strengths, gaps and strategies to build strong teams for the next chapter at Xerox.",0,0,XRX_10-K_MD&A_0108
"Risks Related to Third Parties • We could be subject to personal injury, property damage, product liability, warranty and other claims involving allegedly defective products that we supply. • We depend on independent contractors and third parties to provide key services in our product development and operations, and any disruption of their services, or an increase in cost of these services, could negatively impact our financial condition and results of operations. • We may rely heavily on future collaborative and supply chain partners. • If our suppliers become unavailable or inadequate, our customer relationships, results of operations and financial condition may be adversely affected.",0,0,VELO_10-K_Risk Factors_0014
Our success depends on our ability to maintain the value and reputation of the Cricut brand.,0,0,CRCT_10-K_Risk Factors_0274
We anticipate that continuing efforts will be made to consider and adopt such legislation in the future.,0,0,BALL_10-K_Risk Factors_0076
"For example, Brexit could lead to potentially divergent laws and regulations, such as with respect to data protection and data transfer laws, that could be costly and complicate compliance efforts.",0,0,LCUT_10-K_Risk Factors_0017
"OVERVIEW BUSINESS OVERVIEW NCR Corporation (“NCR”, the “Company”, “we” or “us”) was originally incorporated in 1884 and is a software- and services-led enterprise technology provider that runs stores, restaurants and self-directed banking for our customers, which includes businesses of all sizes.",0,0,VYX_10-Q_MD&A_0006
"The Company determines its stock-based compensation in accordance with ASC 718, which requires the measurement and recognition of compensation expense for all share-based payment awards made to employees and non-employee directors based on fair value.",1,0,PRLB_10-K_MD&A_0499
"No other country accounted for more than 10% of our PP&E, Net and operating lease assets identifiable by geography as of December 31, 2022 and 2021.",0,1,WFRD_10-K_MD&A_0181
We mitigate such risks through the addition of access to a network of manufacturing partners via our acquisition of Hubs in 2021.,0,0,PRLB_10-K_Risk Factors_0077
"Our promotional discounting activity is also higher in the fourth quarter, which negatively impacts gross margin during this period.",0,0,CRCT_10-Q_Risk Factors_0191
"Our operating results may fluctuate for a variety of reasons, including our failure to close large volume opportunity customer sales.",0,0,EVLV_10-K_Risk Factors_0020
We design and manufacture substantially all of the recording heads and magnetic media required for our products.,0,0,WDC_10-K_Risk Factors_0051
Our nearly 7.9 million users’ journeys typically begin with the purchase of a connected machine and expand across our family of products as users harness the power of our platform.,0,0,CRCT_10-K_MD&A_0032
"Our backlog was $704 million at December 31, 2022 and $639 million at December 31, 2021.",0,0,BW_10-K_Risk Factors_0067
Income Taxes --The Company recognizes deferred tax assets and liabilities for the expected future income tax consequences of events that have been recognized in the Company’s financial statements.,1,0,TWIN_10-K_MD&A_0338
"Accordingly, we may be at risk that any such warranty increase could result in foreseeable and unforeseeable losses for the Company.",0,0,OUST_10-K_Risk Factors_0144
"Total effective tax rate increased by 9.5% from 5.8% for the fiscal year ended June 30, 2021 to 15.7% for the fiscal year ended June 30, 2022.",0,0,SMCI_10-K_MD&A_0200
"Adjusting for these non-recurring items, the gross profit percent for the first nine months of the prior year would have been 25.5%.",0,0,TWIN_10-Q_Risk Factors_0053
"The fair values of plan assets on a consolidated basis (determined primarily using Level 2 inputs) were $ 97 million and $ 160 million as of December 31, 2022 and December 31, 2021, respectively.",1,0,WFRD_10-K_MD&A_0281
"On July 16, 2021, we consummated the business combination (the “Merger”), contemplated by the Agreement and Plan of Merger, dated March 5, 2021, with NHIC Sub Inc. (“Merger Sub”), a wholly-owned subsidiary of NewHold Investment Corp. (“NHIC”), a special purpose acquisition company, which is our legal predecessor, and Evolv Technologies, Inc. dba Evolv Technology, Inc. (“Legacy Evolv”), as amended by that certain First Amendment to Agreement and Plan of Merger dated June 5, 2021 by and among NHIC, Merger Sub and Legacy Evolv (the “Amendment” and as amended, the “Merger Agreement”).",1,0,EVLV_10-K_MD&A_0006
"Management believes that the presentation of these measures provides investors with greater transparency when comparing operating results across a broad spectrum of companies, which provides a more complete understanding of our financial performance, competitive position and prospects for the future.",0,0,AZZ_10-Q_MD&A_0030
"Other expense, net in the three months ended March 31, 2023 was primarily attributable to foreign exchange losses in the Argentinian Peso.",0,0,WFRD_10-Q_MD&A_0049
The market for energy recovery devices and pumps for water treatment plants is competitive and evolving.,0,0,ERII_10-K_Risk Factors_0014
Any transition of the cloud services currently provided by Amazon Web Services to another cloud provider would be difficult to implement and will cause us to incur significant time and expense.,0,0,CRCT_10-Q_Risk Factors_0290
"The full amount of $ 0.9 million was written off during the year ended December 31, 2022, net of $ 0.2 million in unrealized foreign currency losses.",0,0,CRCT_10-K_MD&A_0368
Our Employee Resource Groups (“ERGs”) help create an inclusive culture that embraces the uniqueness of our employees.,0,0,WDC_10-K_Risk Factors_0081
"These processes create parts with a high level of accuracy, detail, strength and durability.",0,0,PRLB_10-Q_MD&A_0037
"As the landscape evolves, we may also find it necessary to make significant further investments to protect information and infrastructure.",0,0,VYX_10-Q_Risk Factors_0014
The Company recorded the forgiveness as income from extinguishment of loan.,0,0,TWIN_10-K_MD&A_0149
We highlight employee development and engagement as a standard part of our employee experience.,0,0,IR_10-K_Risk Factors_0146
"Bribery Act is broader in scope than the FCPA in that it directly addresses commercial bribery in addition to bribery of government officials and it does not recognize certain exceptions, notably facilitation payments that are permitted by the FCPA.",1,1,LCUT_10-K_Risk Factors_0329
"In addition, until the market has fully analyzed our value without the separated business, the price of our shares may experience greater volatility.",0,0,VYX_10-K_Risk Factors_0078
"Based on the foregoing, the Company’s Chief Executive Officer and Chief Financial Officer concluded that the Company’s disclosure controls and procedures were effective as of March 31, 2023.",0,0,IEX_10-Q_MD&A_0292
"We cannot forecast the number, timing or size of any future acquisitions or other similar strategic transactions, or the effect that any such transactions might have on our operating or financial results.",0,0,PRLB_10-K_Risk Factors_0083
The promissory note also requires a mandatory prepayment from the proceeds from certain asset sales and the greater of $3 million or 12.5% of the proceeds from certain equity sales.,0,0,VATE_10-Q_MD&A_0161
"We believe that our current cash, cash equivalents, borrowing capacity available from our credit facilities and internally generated cash flows will be sufficient to support our operating businesses and maturing debt and interest payments for the 12 months following the filing of this Quarterly Report on Form 10-Q.",0,0,SMCI_10-Q_MD&A_0108
Year-over-year product revenues increased 29% and service revenues increased 25%.,0,0,WFRD_10-Q_Risk Factors_0021
"However, as our customers continue research and development projects to commercialize semi-autonomous solutions that rely on lidar technology, it is difficult to estimate the timing of ultimate end market and customer adoption.",0,0,OUST_10-Q_MD&A_0046
"We utilize bonding facilities to support such obligations, but the issuance of bonds under those facilities is typically at the surety's discretion.",0,0,BW_10-Q_MD&A_0143
"Those standards require that we plan and perform the audits to obtain reasonable assurance about whether the financial statements are free of material misstatement, whether due to error or fraud.",0,0,TWIN_10-K_MD&A_0260
"These proceedings may seek remedies relating to matters including environmental, tax, intellectual property, acquisitions or divestitures, product liability, property damage, personal injury, privacy, employment, labor and pension, government contract issues and commercial or contractual disputes.",0,0,XYL_10-Q_Risk Factors_0203
"We continue to use single sources of supply for certain castings, motors and other select engineered components.",0,0,IR_10-K_Risk Factors_0134
"The Executive Committee of our Board of Directors is overseeing the assessment process and evaluating a range of alternatives, including options for separating our Flash and HDD business units.",0,0,WDC_10-Q_MD&A_0025
Dollar during the quarter; ii) $4 million of net unrealized gains; and iii) $14 million of net losses from the changes in defined benefit plans primarily due to the adverse impact of currency partially offset by net actuarial gains and amortization of actuarial losses and settlement losses.,1,0,XRX_10-Q_MD&A_0140
"In limited circumstances, we have agreed to reimburse our manufacturers for purchased components that were not used as a result of our decision to discontinue products or the use of particular components.",0,0,CRCT_10-Q_Risk Factors_0531
The Company implemented the following mitigation efforts to minimize the impact of supply chain disruptions on its ability to meet customer demand: • Worked with the supply base to obtain allocations and improve on-time deliveries of parts. • Multi-sourced some parts and materials. • Provided resources to suppliers to address constraints. • Entered into long-term contracts for some critical components. • Utilized alternative freight carriers to expedite delivery.,0,0,DE_10-Q_MD&A_0041
"In addition, to the extent that sales of copycat products create confusion or experiences with our products among consumers, our brand and business could be harmed.",0,0,CRCT_10-K_Risk Factors_0140
"Our cash in foreign locations was $210.7 million a nd $169.5 million as of March 31, 2023 and June 30, 2022, respectively.",0,0,SMCI_10-Q_MD&A_0103
"In addition, developments in tariff regulations in the U.S. and foreign jurisdictions have resulted in uncertainty regarding international trade policies and future commodity prices, contributing to an increased risk of higher commodity costs that could have an adverse impact on the Company ’ s profitability, financial condition and results of operations.",0,0,TWIN_10-K_Risk Factors_0033
Acquisitions and alliance activities inherently involve risks.,0,0,VYX_10-K_Risk Factors_0042
"Our ability to comply with these covenants is dependent upon our future performance, which is subject to economic conditions in our markets along with factors that are beyond our control.",0,0,SXI_10-K_Risk Factors_0019
"However, our ability to effectively compete is impacted by a number of factors.",0,0,CIX_10-K_Risk Factors_0005
"This decline, however, will negatively affect our revenue in future periods.",0,0,EVLV_10-K_Risk Factors_0094
"In the event that we liquidate and it is subsequently determined that the reserve for claims and liabilities is insufficient, stockholders who received funds from our trust account could be liable for claims made by creditors.",0,0,DTI_10-K_Risk Factors_0157
"The ESPP provides for six -month offering periods with a single purchase period, and at the end of each offering period, employees are able to purchase shares at 85 percent of the lower of the fair market value of the Company’s common stock on the first trading day of the offering period or on the last trading day of the offering period.",0,0,PRLB_10-K_MD&A_0495
"They may also assert such claims against our customers or reseller partners, whom we typically 29 Table of Contents indemnify against claims that our products infringe, misappropriate, or otherwise violate the intellectual property rights of third parties.",0,0,EVLV_10-K_Risk Factors_0315
"We also recently acquired a company that develops and manufactures a robot that moves throughout the barn measuring temperature, air quality, light and noise, enlisting artificial intelligence to spot potential health, welfare and other problems.",0,0,AGCO_10-K_Risk Factors_0065
"Our results of operations have been materially impacted over the past few years by macro-economic factors, first by the onset and proliferation of the coronavirus (""COVID-19"") pandemic, then further from increased energy costs and supply chain disruptions from the Russia-Ukraine conflict, and more recently by cost inflation (raw materials, wage rates and freight) and a lack of material availability.",0,0,TRS_10-Q_MD&A_0011
"The Company’s sourcing operations and its vendors are impacted by labor costs in China, where labor historically has been readily available at low cost relative to labor costs in North America.",0,0,LCUT_10-K_Risk Factors_0229
The Company’s teams have demonstrated their ability to quickly adapt to challenges and changing conditions as well as to solve critical problems for customers.,0,0,IEX_10-K_MD&A_0019
The Company seeks to minimize the effects of inflation and changing prices through price increases to maintain reasonable gross margins.,0,0,IEX_10-Q_MD&A_0289
"Even if we complete the development of our new products and services in a cost-effective and timely manner, they may not be competitive with products developed by others, they may not achieve acceptance in the market at anticipated levels or at all, they may not be profitable or, even if they are profitable, they may not achieve margins as high as our expectations or as high as the margins we have achieved historically.",0,0,LOGI_10-K_Risk Factors_0022
"Certain competitors may have lower cost structures or larger economies of scale on raw materials and may, therefore, be able to provide their products and services at lower prices than we are able to provide.",0,0,AZZ_10-K_Risk Factors_0005
"Due to the spread of COVID-19, we, at times, have modified our business practices, including employee travel restrictions, employee work locations, and cancellation of physical participation in non-critical meetings, events and conferences pursuant to applicable government guidelines.",0,0,SXI_10-K_Risk Factors_0005
"This review uses historical results, projected future operating results based upon approved business plans, eligible carryforward periods, tax planning opportunities and other relevant considerations.",1,0,TWIN_10-K_Risk Factors_0097
"These include supplier capacity constraints, extended supplier lead times and a global shortage of electronic components.",0,0,TWIN_10-Q_Risk Factors_0034
The prices of these commodities have historically fluctuated on a cyclical basis and have often depended on a variety of factors over which the Company has no control.,0,0,LCUT_10-K_Risk Factors_0251
"The President and the executive branch of the federal government have a significant impact on the implementation of the provisions of the ACA, and the current or future administrations could make changes impacting the implementation and enforcement of the ACA, which could harm our business, operating results and financial condition.",0,0,EKSO_10-K_Risk Factors_0338
"Our outstanding trade receivables are not covered by collateral, third-party bank support or financing arrangements, or credit insurance.",0,0,OUST_10-K_Risk Factors_0264
These audits include compliance reviews and penetration tests where applicable.,0,0,VELO_10-K_Risk Factors_0248
We anticipate fluctuation in our cost of goods sold over the next 12-15 months as a result of ongoing supply chain constraints.,0,0,OUST_10-K_MD&A_0045
We will remain a smaller reporting company and may take advantage of certain scaled disclosures available to smaller reporting companies until the last day of the fiscal year in which (a) the market value of our voting and nonvoting common stock held by non-affiliates equals or exceeds $250.0 million measured on the last business day of that year’s second fiscal quarter and (b) our annual revenue equals or exceeds $100.0 million during the most recently completed fiscal year or our voting and nonvoting common stock held by non-affiliates equals or exceeds $700.0 million measured on the last business day of that year’s second fiscal quarter.,1,0,VELO_10-Q_MD&A_0198
"The aggregate value of all such letters of credit and bank guarantees outside of our Letter of Credit Agreement as of March 31, 2023 was $53.0 million.",0,0,BW_10-Q_MD&A_0139
Our leases do not contain any material residual value guarantees or material restricted covenants and we currently have no material sublease arrangements.,0,0,FTEK_10-K_MD&A_0629
The acquisition represents a continued transition of the Company from a diverse holding company to a focused provider of coating and galvanizing services for critical applications.,0,0,AZZ_10-Q_Risk Factors_0025
"Our plants’ production may be prevented or curtailed due to severe or unanticipated weather and climate events. ​ Our business is subject to substantial environmental remediation and compliance costs. ​ Our operations are subject to federal, state, provincial and local laws and regulations in multiple jurisdictions relating to environmental hazards, such as emissions to air, discharges to water, the handling and disposal of hazardous and solid wastes and the clean-up of hazardous substances.",0,0,BALL_10-K_Risk Factors_0116
"If the net proceeds of our IPO and the sale of the private placement warrants not being held in the trust account are insufficient to allow us to operate for at least the next 18 months (or 21 months or 24 months, as applicable), it could limit the amount available to fund our search for a target business or businesses and complete our initial business combination, and we will depend on loans from our sponsor or management team to fund our search and to complete our initial business combination.",0,0,AIRJ_10-K_Risk Factors_0103
"Net cash provided by investing activities of discontinued operations for the nine-month period was $4.0 million, compared to $3.0 million for the prior year nine-month period.",0,0,AZZ_10-Q_Risk Factors_0088
"Our ability to forecast our future operating results is subject to a number of uncertainties, including our ability to plan for and model future growth.",0,0,EVLV_10-K_Risk Factors_0008
"Gross Profit and Gross Margin Total gross profit (loss) was $2.9 million and less than $0.1 million for the three months ended March 31, 2023 and 2022, respectively.",0,0,VELO_10-Q_MD&A_0116
"In 2021, we leased a facility in Chicago, Illinois that encompasses approximately 10,000 square feet of office space utilized to support our outsourced manufacturing operations.",0,0,PRLB_10-K_Risk Factors_0275
"Overview The Company has three distinct operating segments: the AZZ Metal Coatings segment, the AZZ Precoat Metals segment and the AZZ Infrastructure Solutions segment.",0,0,AZZ_10-Q_Risk Factors_0014
"To the extent shares are sold into the market by our stockholders pursuant to the Resale Shelf Registration Statement, under Rule 144 under the Securities Act or otherwise, particularly in substantial quantities, the market price of our common stock could decline.",0,0,VELO_10-K_Risk Factors_0546
"Treasury Department, and the FDIC announced in a joint statement on March 12, 2023 that all SVB deposits, including both insured and uninsured amounts, would be available in full to account holders, a similar failure of any of the financial institutions where we maintain our cash and cash equivalents could impact our ability to access uninsured funds in a timely manner or at all.",1,0,EVLV_10-K_Risk Factors_0494
"In limited circumstances, we have agreed to reimburse our manufacturers for purchased components that were not used as a result of our decision to discontinue products or the use of particular components.",0,0,CRCT_10-K_Risk Factors_0530
Seasonal patterns in retail demand for agricultural equipment can result in substantial variations in the volume and mix of products sold to retail customers during the year.,0,0,DE_10-K_MD&A_0082
"Because our interests in entities are highly illiquid and not traded in any public market, we may not be able to timely dispose of these interests or may have to sell at less than our carrying value.",0,0,VELO_10-K_Risk Factors_0135
"Any forward-looking statement speaks only as of the date of this Quarterly Report, and the Company undertakes no obligation to publicly update or review any forward-looking statement, whether as a result of new information, future developments or otherwise, except as required by law.",0,0,NNBR_10-Q_MD&A_0009
"Sales and Marketing Three Months Ended March 31, Change 2023 2022 $ % (dollars in thousands) Sales and marketing $ 29,616 $ 32,789 $ (3,173) (10) % As a percentage of total revenue 16 % 13 % Sales and marketing expenses decreased by $3.2 million, or 10%, to $29.6 million for the three months ended March 31, 2023 from $32.8 million for the three months ended March 31, 2022.",0,1,CRCT_10-Q_MD&A_0111
"Excluding the impact of special charges and restructuring and realignment costs, adjusted operating income was $167 million (adjusted margin of 11.5%) during the first quarter of 2023 as compared to $116 million (adjusted margin of 9.1%) in 2022.",0,0,XYL_10-Q_MD&A_0030
"In addition, roadbuilding equipment is sold at approximately 114 roadbuilding-only locations that may carry products that compete with John Deere’s construction, earthmoving, material handling, and/or forestry equipment.",0,1,DE_10-K_Risk Factors_0150
"For revenue recognition, examples of estimates and judgments include: determining the nature and timing of satisfaction of performance obligations, determining the standalone selling price (“SSP”) of performance obligations, estimating variable consideration such as sales incentives and product returns.",1,0,CRCT_10-K_MD&A_0336
"REV7 features the all-new OSDome sensor, as well as upgraded OS0, OS1, and OS2 sensors that deliver double the range, enhanced object detection, increased precision and accuracy, and greater reliability.",0,1,OUST_10-Q_MD&A_0019
"The Company competes with many other suppliers, some of which are larger than the Company, have greater financial and other resources or employ brands that are more established, have greater consumer recognition or are more favorably perceived by consumers or retailers than the Company’s brands.",0,0,LCUT_10-K_Risk Factors_0162
"The Company has also committed to continuing to own, directly or through one or more wholly-owned subsidiaries, at least 51 percent of the voting shares of capital stock of Capital Corporation and to maintain Capital Corporation’s consolidated tangible net worth at not less than $50 million.",1,0,DE_10-K_MD&A_0201
"Additionally, the inability to develop new or updated products on a timely basis could result in the loss of business to competitors.",0,0,EML_10-K_Risk Factors_0087
"CDP is a nonprofit organization that runs the global disclosure system for investors, companies, and regions to manage their environmental impacts.",0,0,XRX_10-K_MD&A_0063
Other unknown or unpredictable factors also could have material adverse effects on our future results.,0,0,PRLB_10-Q_MD&A_0005
"In particular, global events such as the public health emergencies, including the COVID-19 pandemic and its variants, international political turmoil, including Russia's invasion of Ukraine and related international sanctions, supply chain disruptions, the ongoing negotiations regarding the United States' federal government's debt limit, and prolonged inflation and rising interest rates have resulted in, and may continue to result in, significant disruption of global financial markets, reducing our ability to access capital.",0,0,EVLV_10-Q_MD&A_0138
"Risk Factors Risks Related to our Business If we fail to innovate and develop new products in a timely and cost-effective manner for our new and existing product categories, our business and operating results could be adversely affected.",0,0,LOGI_10-K_Risk Factors_0014
"We continue to focus on reducing our material costs through improved purchasing and inventory planning, accelerating production cycle times and improving efficiencies on the production floor to lower our cost of revenue. 62 We expect our cost of revenue to improve as we address the challenges that impact our production.",0,0,VELO_10-K_MD&A_0133
A strategic alignment of products and solutions around production systems roadmaps.,0,0,DE_10-K_Risk Factors_0014
Its segment structure reflects the way management makes operating decisions and manages the growth and profitability of the business.,0,0,TWIN_10-K_MD&A_0520
"Even if we are able to successfully develop proposed products when anticipated, these products may not produce sales in excess of the costs of development, and they may be quickly rendered obsolete by changing consumer preferences or the introduction by our competitors of products embodying new technologies or features.",0,0,EKSO_10-K_Risk Factors_0070
"We believe such a change would generally not have a material impact on our financial position, but could have a material impact on our results of operations.",0,0,PRLB_10-K_Risk Factors_0552
"The current quarter increase was due to improved sales as described above, partially offset by increased costs for labor and raw materials for the current quarter.",0,0,AZZ_10-Q_Risk Factors_0032
"It is possible that the integration process could result in diversion of the attention of each company’s management, which could adversely affect each company’s ability to maintain relationships with customers, clients, employees, and other constituencies or the Company’s ability to achieve the anticipated benefits of the acquisition, or could reduce each company’s operating results or otherwise adversely affect the Company’s business and financial results.",0,0,LCUT_10-K_Risk Factors_0100
"We may require additional funds to respond to business challenges and opportunities, including the need to provide working capital, develop new features or enhance our products, expand our manufacturing capacity, improve our operating infrastructure or acquire complementary businesses and technologies.",0,0,VELO_10-Q_MD&A_0146
The Company is subject to a $ 250 million minimum liquidity covenant and minimum interest coverage ratio and maximum ratio of funded debt as noted above under our latest amended Credit Agreement as defined in the applicable documents.,1,0,WFRD_10-K_MD&A_0256
Contract consideration is allocated between the two performance obligations based on relative fair value.,1,0,VELO_10-Q_MD&A_0054
"Among other things, the CCPA gives California consumers expanded rights related to their personal information, including the right to access and delete their personal information and receive detailed information about how their personal information is used and shared.",0,0,EVLV_10-K_Risk Factors_0413
You should not rely on our revenue for any previous quarterly or annual period as any indication of our revenue or revenue growth in future periods.,0,0,CRCT_10-Q_Risk Factors_0017
This conversion option was determined to be an embedded derivative that was required to be bifurcated and accounted for separately from the notes.,1,0,EVLV_10-K_MD&A_0096
"The increase was primarily attributable to the Velodyne Merger, which increased the headcount expenses and other costs.",0,0,OUST_10-Q_MD&A_0137
"The program was effective until the earlier of July 31, 2022 or the date when the maximum amount of common stock is repurchased.",0,0,SMCI_10-K_MD&A_0218
The improvement was primarily driven by improved utilization of service-related resources.,0,0,WFRD_10-Q_MD&A_0035
"This liability will not apply with respect to any claims by a third party who executed a waiver of any and all rights to seek access to the trust account and except as to any claims under our indemnity of the underwriters of our initial public offering against certain liabilities, including liabilities under the Securities Act.",1,0,DTI_10-K_Risk Factors_0223
Employees are critical to the long-term success of John Deere’s business.,0,0,DE_10-K_MD&A_0283
"Given the inherent uncertainty in determining the assumptions underlying a DCF analysis, actual results may differ from those used in our valuations.",0,0,PRLB_10-K_Risk Factors_0486
The Company expects the replenishment of dealer stock inventory to occur in 2024.,0,0,DE_10-Q_MD&A_0027
"Upon the occurrence of an event of default under the Company’s Debt Agreements, after the expiration of any grace periods, the Company’s lenders could elect to declare all amounts outstanding under the Company’s debt arrangements, together with accrued interest, to be immediately due and payable.",0,1,LCUT_10-K_Risk Factors_0075
"Furthermore, to the extent we are unable to replace any recalled products, we may have to reduce our product offerings, resulting in a decrease in sales, especially if a recall occurs near or during a period of seasonally higher demand.",0,0,CRCT_10-K_Risk Factors_0354
The decrease in the cost of revenue as a percentage was primarily due to a per system reduction in material costs for our Sapphire family of systems and improved manufacturing efficiency offset by the change in our product mix towards more Sapphire XC and Sapphire XC 1MZ systems compared to Sapphire systems.,0,0,VELO_10-Q_MD&A_0113
"Our future financial condition and results of operations, as well as any forward-looking statements, are subject to change and to inherent risks and uncertainties, many of which are beyond our control.",0,0,XYL_10-Q_MD&A_0005
"Moreover, competitors may respond to challenging market conditions by lowering prices and attempting to lure away our customers.",0,0,VELO_10-Q_Risk Factors_0008
"The Company’s current financial covenants under the facility are as follows: Interest Coverage Ratio - The Company is required to maintain a ratio of Earnings Before Interest and Taxes, as Adjusted (“Adjusted EBIT per the Credit Facility”), to interest expense for the trailing twelve months of at least 2.75:1.",1,1,SXI_10-Q_MD&A_0161
These challenges increase our customers’ requirements for technologies that improve productivity and efficiency and pressures us to deliver our products and services at competitive rates.,0,0,WFRD_10-Q_Risk Factors_0084
"The extent to which our operations will be further affected by COVID-19 and its lasting economic impact, including supply chain disruptions, cost inflation and rising interest rates, in fiscal year 2023 is dependent on future developments including new COVID-19 variants and governmental restrictions, the duration of the Russia–Ukraine conflict and related sanctions, actions taken by the Federal Reserve to stabilize the economy, and other factors outside our control.",0,1,EML_10-K_MD&A_0036
The Company recognizes the effect of income tax positions only if sustaining those positions is more likely than not.,1,0,PRLB_10-K_MD&A_0396
"The Company’s ability to meet the financial covenants or requirements in the Credit Agreement may be affected by events beyond our control, and the Company may not be able to satisfy such covenants and requirements.",0,0,EML_10-K_Risk Factors_0029
Deferred revenue primarily consists of deferred subscription-based services.,0,1,CRCT_10-K_MD&A_0563
"As of February 28, 2023, we had gross outstanding debt of $1,125.3 million, compared to $227.0 million at the end of fiscal 2022.",0,0,AZZ_10-K_MD&A_0028
"In the United States and Canada, we guarantee certain minimum residual values to those joint ventures upon expiration of certain eligible leases between the finance joint ventures and end users.",1,0,AGCO_10-Q_MD&A_0082
"Operating income increased during the period reflecting the organic sales increase and productivity actions, offsetting the foreign exchange impacts.",0,0,SXI_10-Q_MD&A_0111
"Our participation in these programs is based on our specific cash needs throughout the year, the discount charged to receive payment earlier, the length of the payment terms with our customers, as well being subject to limits in our ABL Facility and Term Loan Facility agreements. 20 Table of Contents Seasonality and Fluctuation in Quarterly Results General economic conditions impact our business and financial results, and certain businesses experience seasonal and other trends related to the industries and end markets that they serve.",1,0,NNBR_10-Q_Risk Factors_0060
"We believe we continue to be well positioned to benefit from these trends, given our proprietary technology that enables us to automate and integrate the majority of activities involved in procuring custom parts.",0,0,PRLB_10-K_MD&A_0036
"In addition, events such as inclement weather, natural disasters, government shut-downs as a result of air quality, power grid limitations, pandemics, civil unrest or other reasons, labor strikes or shortages, transportation security vulnerabilities or cyberattacks could impair third-party production capabilities.",0,0,CRCT_10-K_Risk Factors_0486
The variability and unpredictability of our quarterly results of operations or other operating metrics could result in our failure to meet our or investors’ expectations or those of analysts that cover us with respect to revenue or other results of operations for a particular period.,0,0,CRCT_10-Q_Risk Factors_0206
Air Pollution Control Technology Fuel Tech’s APC contracts are typically six to eighteen months in length.,0,0,FTEK_10-K_MD&A_0056
"Further, accounting rules and regulations as well as their interpretations are continually changing in ways that could materially impact our consolidated financial statements.",0,1,VELO_10-K_Risk Factors_0337
Our reported financial results may be adversely affected by changes in accounting principles generally accepted in the United States.,0,0,EVLV_10-K_Risk Factors_0628
"Data Privacy Framework, and on December 13, 2022, the European Commission announced a draft decision on U.S. adequacy.",0,0,CRCT_10-Q_Risk Factors_0646
The current economic environment is impacting our customers financially and operationally.,0,0,EKSO_10-Q_MD&A_0039
"In addition, we are investing in sales and marketing and operations as appropriate to support our growth.",0,0,CRCT_10-K_MD&A_0111
"We are an emerging growth company, and we cannot be certain if the reduced reporting requirements applicable to emerging growth companies will make our shares less attractive to investors.",0,0,EVLV_10-K_Risk Factors_0599
"We produce a fully integrated hardware and software solution based on our proprietary laser powder bed fusion (“L-PBF”) technology, which greatly reduces and often eliminates the need for support structures.",0,0,VELO_10-Q_MD&A_0005
"Our gross profit and gross margin are influenced by a number of factors, including: • Product mix of Sapphire, Sapphire XC, Sapphire 1MZ and Sapphire XC 1MZ systems; • Trends in materials and shipping costs; • Production volumes that may impact factory overhead absorption; and • Cost of our Support Services and product support may be influenced by product mix changes, including new product introductions, and other factors.",0,1,VELO_10-Q_MD&A_0119
"China, Japan and Korea exceeded the overall regional average of growth, which was the primary driver of the increases in net sales in Asia.",0,0,SMCI_10-K_MD&A_0144
"We conduct occupational risk assessments regularly, leveraging our long-term shop floor experience, and are targeting improvement in our accident incident rates in our facilities.",0,0,AGCO_10-K_Risk Factors_0074
We also receive funds from the exercise of employee stock options.,0,1,SMCI_10-Q_MD&A_0101
"The Company regularly evaluates whether events or circumstances have occurred that indicate possible impairment and relies on a number of factors, including results of operations, business plans, economic projections and anticipated future cash flows.",0,0,CRCT_10-K_MD&A_0424
Subscriptions We generate Subscriptions revenue primarily from sales of subscriptions to Cricut Access and Cricut Access Premium and a minimal amount of revenue allocated to the unspecified future upgrades and enhancements related to the essential software and access to our cloud-based services.,0,1,CRCT_10-Q_MD&A_0060
Performance Obligations The Company’s performance obligations are satisfied either at a point in time or over time as work progresses.,0,1,IEX_10-Q_MD&A_0062
"The resolution of any contract interpretation disagreement that may arise could narrow what we believe to be the scope of our rights to the relevant intellectual property or technology, or increase what we believe to be our financial or other obligations under the agreement, either of which could have a material adverse effect on our business, financial condition, results of operations and prospects.",0,0,EKSO_10-K_Risk Factors_0213
"Vacuum Products Industrial vacuum products are integral to manufacturing processes in applications for packaging, pneumatic conveying, drying, holding / lifting, distillation, evacuation, forming / pressing, removal and coating.",0,0,IR_10-K_Risk Factors_0065
The 2022 effective tax rate of 21.7% decreased compared with the 2021 effective tax rate of 22.5% primarily due to tax benefits realized from the divestiture of Knight as well as from realizing foreign currency impacts in connection with the funding of the acquisition of Muon Group.,1,1,IEX_10-K_MD&A_0048
"AGCO’s smart-farming technology and precision agriculture tools provide intelligent guidance and sensing, enabling equipment to shorten routes and minimize turns.",0,0,AGCO_10-K_Risk Factors_0047
"If these actions impacting our international distribution and sales channels result in increased costs for us or our international partners, such changes could result in higher costs to us, adversely affecting our operations, particularly as we expand our international presence.",0,0,CRCT_10-Q_Risk Factors_0754
"For example, we depend on brick-and-mortar retail partners to provide adequate and attractive space for our products and point of purchase displays in their stores and to employ, educate and motivate their sales personnel to sell our products.",0,0,CRCT_10-Q_Risk Factors_0069
"We believe successful execution of this part of our business plan is critical for our ability to compete in our industry and grow our business, and there are no guarantees we will be able to do so in a timely fashion, or at all.",0,0,PRLB_10-K_Risk Factors_0096
The net sales decreased as expected due to lower demand for cold storage surrounding COVID-19 vaccine distribution partially offset by pricing actions.,0,0,SXI_10-Q_MD&A_0116
"Europe accounted for approximately 65 percent of the increase in sales during the current-year quarter, while the Asia Pacific region and Latin America comprised approximately 30 percent and five percent of the increase in sales, respectively.",0,0,PH_10-Q_MD&A_0068
"Upon such determination, NCR immediately started contacting customers, enacted its cybersecurity protocol and engaged outside experts to contain the incident and begin the recovery process.",0,0,VYX_10-Q_Risk Factors_0019
"In 2015, we launched Peer W, our first BRG focused on supporting the recruitment, development and retention of women at Parker.",0,0,PH_10-K_Risk Factors_0051
"Adjusted EBITDA from our Spectrum segment for the three months ended March 31, 2023 decreased $0.9 million to $0.4 million from $1.3 million for the three months ended March 31, 2022.",0,0,VATE_10-Q_MD&A_0130
Equipment leases are generally classified as operating leases as they do not meet any of the sales-type lease criteria per ASC 842 and recognized ratably over the duration of the lease.,1,0,EVLV_10-Q_MD&A_0060
"While we believe our growth depends on our ability to expand our sales into our SAM and our TAM, we cannot be certain that we will be successful in doing so.",0,0,CRCT_10-Q_Risk Factors_0218
"The $650 million revolving credit facility and the CP Program were replaced by commitments under a new $500 million, 5-year Revolving Credit Agreement that was entered into on March 17, 2023, with funding available upon consummation of the Separation, subject to customary conditions precedent for facilities of this type.",1,1,CR_10-Q_MD&A_0050
We believe the following critical accounting policies and estimates affect our more significant judgments used in the preparation of our consolidated financial statements.,0,0,PRLB_10-K_Risk Factors_0464
"Although the results of litigation and claims cannot be predicted with certainty, the Company does not believe it is a party to any litigation the outcome of which, if determined adversely, would individually or in the aggregate be reasonably expected to have a material adverse effect on its business.",0,0,PRLB_10-K_MD&A_0570
"We may experience operating problems with our information systems as a result of system failures, viruses, computer hackers or other causes.",0,0,TRS_10-K_Risk Factors_0083
"Our operations are subject to operating risks, which could expose us to potentially significant professional liability, product liability, warranty and other claims.",0,0,BW_10-K_Risk Factors_0071
"There are a maximum of 5,600,676 shares that may be issued or reserved for awards to participants under the Incentive Plan.",0,0,FTEK_10-K_MD&A_0575
"However, we also employ traditional online advertising as marketing tools or market through third-party social media.",0,0,CRCT_10-Q_Risk Factors_0370
We require our employees to comply with such requirements.,0,0,CIX_10-K_MD&A_0070
The cost basis of our inventory is reduced for any products that are considered excessive or obsolete based upon assumptions about future demand and market conditions.,0,1,EKSO_10-K_MD&A_0122
"If adopted, the earliest date for entry into force is in 2023, with broad potential impacts on the use of internet-based services and tracking technologies, such as cookies.",0,0,CRCT_10-Q_Risk Factors_0727
Any reduction in reimbursement from Medicare or other government programs may result in a similar reduction in payments from private payors.,0,0,EKSO_10-K_Risk Factors_0335
"If our suppliers are not able to meet our demand and/or requirements, our business could be harmed.",0,0,ERII_10-K_Risk Factors_0091
"The acquisition has been accounted for under the acquisition method of accounting in accordance with ASC 805, Business Combinations .",1,0,PRLB_10-K_MD&A_0444
"For these notes, after the May 2023 redemption of the Exit Notes, we expect $173 million in interest payments annually in 2023 and approximately $167 million in interest payments annually, beginning in 2024 until the maturity of these obligations.",0,0,WFRD_10-Q_Risk Factors_0107
"These statements represent projections, beliefs and expectations based on current circumstances and conditions and in light of recent events and trends, and these statements should not be construed either as assurances of performance or as promises of a given course of action.",0,0,PSIX_10-K_MD&A_0001
"The increase in net cash provided is primarily due to the net effects of: ● A $4.4 million decrease in the amount of net cash used by relative changes in our inventories, receivables, prepaids, payables and non-tax related accruals in 2023, ● A $.7 million increase in operating income in 2023, ● A $.4 million increase in interest received in 2023 due to higher interest rates and increased investment balances, partially offset by lower average balances on our loan to an affiliate, and ● A $.3 million increase in cash paid for taxes in 2023 due to higher operating income and the relative timing of payments. ​ Table of Contents Relative changes in working capital can have a significant effect on cash flows from operating activities.",0,0,CIX_10-Q_MD&A_0053
This durable relationship is motivated by new software and products that we launch to expand the capabilities of existing connected machines as well as through the inspiration derived from our large and passionate community.,0,0,CRCT_10-K_MD&A_0082
Credit ratings on some of the Company’s counterparties may change during the term of the financial instruments.,0,0,TWIN_10-K_MD&A_0705
Diversity and Inclusion – We recognize that everyone deserves respect and equal treatment.,0,0,CIX_10-K_MD&A_0079
"Of the top three customers for the three months ended March 31, 2023, all customers were different from the top three customers for the comparable period in 2022.",0,0,VELO_10-Q_MD&A_0026
"Additionally, disputes with insurance carriers over coverage may affect the timing of cash flows and, if litigation with the carrier becomes necessary, an outcome unfavorable to us may have a material adverse effect on our results of operations.",0,0,BW_10-K_Risk Factors_0085
"If we are unable to successfully retain existing customers and attract new customers and achieve volume sales of our products, our business, prospects, financial condition and operating results will be materially and adversely affected.",0,0,EKSO_10-K_Risk Factors_0026
These assumptions involve various levels of expected performance improvements.,0,0,BALL_10-K_Risk Factors_0037
"Failure to scale with growth could harm our future success, including our ability to effectively focus on and pursue our corporate objectives.",0,0,CRCT_10-K_Risk Factors_0176
"For example, the United States government has passed legislation requiring pharmaceutical manufacturers to provide rebates and discounts to certain entities and governmental payors to participate in federal healthcare programs.",0,0,EKSO_10-K_Risk Factors_0328
Long lead times on merchandise ordering cycles increase the difficulty for us to plan and prepare for potential changes to applicable laws.,0,0,CRCT_10-Q_Risk Factors_0358
"In the event a significant number of our merchants elect not to participate in the Allpoint network, the benefits and effectiveness of the network would be diminished, thus potentially causing some of the participating financial institutions to not renew their agreements, terminate early, and/or trigger financial penalties, thereby having a negative impact on our financial results.",0,0,VYX_10-K_Risk Factors_0114
Our Company was founded in 1978 and became a leading automation provider and partner to the global semiconductor manufacturing industry.,0,0,AZTA_10-K_Risk Factors_0010
"In 2022 the EksoWorks unit refocused its product offerings and go to market strategies, placing increased emphasis on EVO and its placement into large industrial settings within our identified target markets.",0,0,EKSO_10-Q_Risk Factors_0025
Our cash equivalents are primarily invested in money market funds that invest in U.S.,0,0,WDC_10-Q_MD&A_0121
OVERVIEW We are a leading global provider of life sciences sample exploration and management solutions for the life sciences market.,0,0,AZTA_10-Q_MD&A_0027
"Adverse macroeconomic conditions, including inflation, slower growth or recession, new or increased tariffs and other barriers to trade, changes to fiscal and monetary policy, tighter credit, higher interest rates, high unemployment and currency fluctuations can adversely impact consumer confidence and spending and materially adversely affect demand for the Company’s products and services.",0,0,AAPL_10-K_Risk Factors_0009
These assets are reported on the Consolidated Balance Sheet on a contract-by-contract basis at the end of each reporting period.,0,0,FTEK_10-K_MD&A_0490
"While we believe we will further benefit from these secular trends, we have experienced and will continue to experience challenges that impact our business and financial results.",0,0,LOGI_10-K_MD&A_0022
Third parties may claim that we or our customers are infringing upon their intellectual property rights.,0,1,CIX_10-K_Risk Factors_0034
"In the years ended December 31, 2022 and 2021, we incurred net losses of $138.6 million and $94.0 million , respectively.",0,0,OUST_10-K_Risk Factors_0018
The Company recognizes a liability for each uncertain tax position at the amount estimated to be required to settle the issues. 96 Table of Contents The Company’s practice is to recognize interest and/or penalties related to income tax matters in income tax expense.,1,0,CRCT_10-K_MD&A_0525
A receivable is considered past due if payment has not been received within the period agreed upon in the invoice.,0,0,PRLB_10-K_MD&A_0333
"Market acceptance of semi-autonomous solutions and active safety technology depend upon many factors, including cost, performance, safety performance, regulatory requirements and international taxes or tariffs related to such technologies.",0,0,OUST_10-K_MD&A_0081
"For example, following the launch of our Sapphire XC and Sapphire XC 1MZ printers, we have been in the process of scaling the production of our Sapphire XC printers while managing supply chain issues stemming from the ongoing COVID-19 pandemic.",0,0,VELO_10-K_Risk Factors_0391
"These laws and regulations require the testing and registration of some chemicals that we ship along with, or that form a part of, our systems and other products.",0,0,VELO_10-K_Risk Factors_0431
The decrease in the effective tax rate was primarily attributable to the tax benefit from an outside basis difference between book and tax in the Company's investment in the AIS JV.,1,0,AZZ_10-Q_Risk Factors_0041
"Each of our operating facilities develops, maintains, and implements safety programs encompassing key aspects of their operations.",0,0,CIX_10-K_MD&A_0072
"We mitigate our exposure to the changes in the costs of aluminum through the inclusion of provisions in contracts covering the majority of our volumes to pass through aluminum price changes, as well as through the use of derivative instruments.",1,0,BALL_10-Q_MD&A_0015
"The CPRA creates obligations relating to consumer personal information collected as of January 1, 2022, with implementing regulations expected in early 2023, and enforcement beginning July 1, 2023.",0,0,CRCT_10-K_Risk Factors_0675
"Our orders normally contain cancellation provisions that permit us to recover our costs, and, for most contracts, a portion of our anticipated profit in the event a customer cancels an order.",0,1,FTEK_10-K_Risk Factors_0028
"Although past due deliveries remain elevated, the Company experienced improvement during the first quarter of 2023.",0,0,DE_10-Q_MD&A_0039
The performance of the capital markets affects the values of funds that are held in marketable securities.,0,0,EVLV_10-K_Risk Factors_0487
"Long-Lived Assets Impairment Long-lived assets, consisting of PP&E, operating lease assets and intangible assets, to be held and used are reviewed to determine whether any events or changes in circumstances, known as triggering events, indicate that we may not be able to recover the carrying amount of the asset or asset group.",1,0,WFRD_10-K_MD&A_0100
"The Black-Scholes model requires the use of highly subjective and complex assumptions, including the option’s expected term, price volatility of the underlying stock, risk-free interest rate, and the expected dividend yield of the underlying common stock, as well as an estimate of the fair value of the common stock underlying the award.",1,0,VELO_10-K_MD&A_0291
"Other expense, net primarily represents foreign exchange losses attributed to currency losses in countries with no or limited markets to hedge, letter of credit fees and other financing charges.",0,0,WFRD_10-Q_Risk Factors_0041
"Our concentration of suppliers could lead to supply shortages, long lead times for components and supply changes.",0,0,CRCT_10-K_MD&A_0092
"If awards are considered participating securities, the Company is required to apply the two-class method of computing basic and diluted earnings per share.",1,0,IEX_10-Q_MD&A_0081
Indicators that are measured with goal metrics that aid in closing gaps across our global operations.,0,0,AGCO_10-K_Risk Factors_0120
"The change is primarily due to the repurchase of 147,500 shares at a cost of $28.3 million in the first quarter of 2022, of which $2.0 million did not settle until April 2022.",0,0,IEX_10-Q_Risk Factors_0052
"Based on this analysis, management believes that currently we have sufficient cash and working capital to operate our base APC and FUEL CHEM businesses.",0,0,FTEK_10-K_MD&A_0185
We may not be able to enhance our product offerings through our research and development efforts.,0,0,EKSO_10-K_Risk Factors_0061
"The fair value of CIUs granted during the year ended December 31, 2020 was estimated using the Black-Scholes option-pricing model with the following weighted-average assumptions: Year Ended December 31, 2020 Fair value of common unit $ 2.77 Expected life (in years) 3.2 Expected volatility 50.0 % Risk-free rate 0.6 % Expected dividend yield — % During the year ended December 31, 2020, the Company issued service and market-based incentive units to an employee under the Plan.",1,1,CRCT_10-K_MD&A_0687
"The entire goodwill balance of $ 2,116 was allocated to the FUEL CHEM technology reporting unit as of December 31, 2022 and 2021 .",0,0,FTEK_10-K_MD&A_0359
"The rights, including the liquidation and dividend rights and sharing of losses, of the Class A common stock and Class B common stock are identical, other than voting rights.",0,0,CRCT_10-K_MD&A_0453
"In connection with the Second Amendment, the Company issued an amended and restated term note in the amount of $20.0 million to the Bank, which amended the original $35.0 million note provided under the Credit Agreement.",1,1,TWIN_10-K_MD&A_0087
"The foreign currency impact was a net gain of $2.1 million and $28.4 million for the three months ended March 31, 2023 and 2022, respectively, due to various factors, including exposure to certain currencies with limited derivative hedging markets. 30 Income from Equity Affiliates For the three months ended March 31, 2023 and 2022, we recorded an income of $14.2 million and $5.4 million, respectively, from equity method affiliates.",1,0,FTI_10-Q_MD&A_0064
"At the same time this is recorded, a right of recovery asset is also recorded within inventory.",0,0,CRCT_10-K_MD&A_0514
"If we are unable to anticipate user preferences and successfully develop and introduce new, innovative and updated products in a timely manner, our business may be adversely affected.",0,0,CRCT_10-K_Risk Factors_0022
Some chip manufacturers continue to estimate that this supply shortage may continue through the end of 2023.,0,0,OUST_10-K_MD&A_0042
"First Quarter 2023 Review Total revenue of $1.72 billion for first quarter 2023 increased 2.8% from first quarter 2022, which included a 2.2-percentage point benefit from acquisitions, offset by a 2.7-percentage point adverse impact from currency.",0,0,XRX_10-Q_MD&A_0035
"Our international growth will depend on our ability to create brand awareness, attract new users, develop retail and distribution partnerships and sell connected machines, subscriptions and accessories and materials.",0,0,CRCT_10-K_MD&A_0115
"Because we bear supply risk under our contract manufacturing arrangements, any such delays, increased costs or excess inventory could negatively impact our business.",0,0,CRCT_10-Q_Risk Factors_0527
"Our quarterly results of operations and other operating metrics may fluctuate from quarter to quarter, which makes these metrics difficult to predict.",0,0,CRCT_10-K_Risk Factors_0198
"In addition, there is no assurance that contract manufacturers can scale their production of our products or components at the volumes and in the quality that we require.",0,0,EVLV_10-K_Risk Factors_0076
"Management is actively monitoring the global situation and its effect on its financial condition, liquidity, operations, suppliers, industry, and workforce.",0,0,TWIN_10-K_MD&A_0280
"Since the start of the COVID-19 pandemic, we have experienced an increase in both logistics costs as well as direct labor costs as we incentivize our employees to continue to work and assist us in serving our customers.",0,0,SMCI_10-K_MD&A_0167
"Climate change, environmental, social and governance and sustainability initiatives may result in regulatory or structural industry changes that could require significant operational changes and expenditures, reduce demand for the Company’s products and adversely affect our business, financial condition, and results of operations.",0,0,LCUT_10-K_Risk Factors_0350
"As of March 31, 2023, $2.0 million of cash must remain as restricted.",0,1,EKSO_10-Q_Risk Factors_0092
"The Company’s business operations are dependent upon information technology networks and systems to securely transmit, process and store electronic information and to communicate among its locations around the world and with clients and vendors.",0,0,EML_10-K_Risk Factors_0113
"We had in 2020, 2021 and 2022, and may continue to have in the future, low gross margins in the early stages of our relationships with certain brick-and-mortar and online retail partners, particularly international brick-and-mortar and online retail partners that often require significant ramp-up periods, which has and may in the future adversely affect our total revenue.",0,0,CRCT_10-K_Risk Factors_0244
The manufactured products and services we sell require evolving technologies for success in the markets we serve.,0,0,AZZ_10-K_Risk Factors_0017
"In September 2021, we replaced our prior credit facility with E.SUN Bank, with new credit facility and term facility.",0,0,SMCI_10-K_MD&A_0033
Actual results could differ from those estimates.,0,0,PRLB_10-K_Risk Factors_0626
"Our Lost Time Incident Rate in fiscal year 2022 was 0.15, compared to 0.14 per 100 team members in fiscal year 2021 (rates inclusive of recent acquisitions).",0,0,PH_10-K_Risk Factors_0021
"General Economic and Market Conditions We expect that our results of operations, including our revenue and cost of revenue, may fluctuate or continue to fluctuate based on, among other things, the impact of rising inflation and interest rates on business spending; supply chain issues and the impacts on our manufacturing capabilities; the continued effects of the COVID-19 pandemic and other public health emergencies; the Russian invasion of Ukraine and related geopolitical impacts; and a possible economic recession.",0,0,EVLV_10-K_MD&A_0035
"GAAP and the reconciliations from these results should be carefully evaluated. 2022 Overview IDEX is an applied solutions provider specializing in the manufacture of fluid and metering technologies, health and science technologies and fire, safety and other diversified products built to customers’ specifications.",0,0,IEX_10-K_MD&A_0006
"As of December 31, 2022, we determined it is not probable that the performance conditions will be met.",0,0,CRCT_10-K_MD&A_0255
"To the extent that users of our free design apps do not purchase images, projects or products à la carte or convert to a subscription, our future revenue and results of operations could be harmed.",0,0,CRCT_10-Q_Risk Factors_0107
"Cash provided by investing activities was $9 million for the three months ended March 31, 2022.",0,0,WFRD_10-Q_Risk Factors_0094
"While we currently expect that our independent directors would take legal action on our behalf against our sponsor to enforce its indemnification obligations to us, it is possible that our independent directors in exercising their business judgment and subject to their fiduciary duties may choose not to do so in any particular instance.",0,0,AIRJ_10-K_Risk Factors_0156
"To comply with the decree, we may be required to further invest in potentially duplicative infrastructure and personnel in Vietnam, establish and maintain a local data protection program, and incur other costs and expenses related to these new requirements.",0,0,CRCT_10-K_Risk Factors_0668
"The Company cannot guarantee that the operation of its business does not infringe or otherwise violate the intellectual property rights of third parties, and the Company’s intellectual property rights may be challenged by third parties or invalidated through administrative process or litigation.",0,0,LCUT_10-K_Risk Factors_0288
A 10% change in interest rates would not have a material impact on annualized interest expense.,0,0,VELO_10-Q_MD&A_0162
"If our senior management team, including any new hires that we make, fails to work together effectively and to execute our plans and strategies on a timely basis, then our business and future growth prospects could be harmed.",0,0,CRCT_10-K_Risk Factors_0261
We may be unsuccessful at implementing and generating internal growth from our Strategic Growth Initiatives.,0,0,AZZ_10-K_Risk Factors_0075
There are inherent limitations on the effectiveness of the Company’s controls.,0,0,LCUT_10-K_Risk Factors_0150
We use the Black-Scholes option pricing model to value our stock option awards.,1,0,PRLB_10-K_Risk Factors_0501
Our effective tax rate of (5.7)% for 2022 decreased 22.7% compared to 17.0% for the same period in 2021 primarily due to the tax rate impact of the goodwill impairment and a benefit from the decrease in the tax liability for uncertain tax positions.,1,1,PRLB_10-K_Risk Factors_0426
Subscriptions revenue excludes à la carte digital content purchases.,0,0,CRCT_10-Q_MD&A_0063
"Ltd., we do not have an interest in, or relationships with, any variable interest entities.",0,0,WDC_10-Q_MD&A_0142
"We issued restricted stock awards of 315,432, 205,996 and 108,179 shares of our common stock in 2022, 2021 and 2020, respectively.",0,0,PRLB_10-K_Risk Factors_0522
Forward-looking statements are statements other than historical information or statements about our current condition.,0,0,CR_10-Q_MD&A_0002
Our key personnel may not remain in senior management or advisory positions with the combined company.,0,0,DTI_10-K_Risk Factors_0023
"Upon the closing of the Merger, NHIC changed its name to Evolv Technologies Holdings, Inc.",0,0,EVLV_10-Q_MD&A_0008
"If we are unable to introduce new or enhanced products, or additional designs and projects, in a timely manner, if such new offerings are not accepted by our user community or if our competitors introduce similar offerings faster than we do, our business may be adversely affected.",0,0,CRCT_10-Q_Risk Factors_0024
We benchmark our compensation and benefits programs annually using market data from reputable third-party consultants.,0,0,WDC_10-K_Risk Factors_0094
"Lack of Business Diversification For an indefinite period of time after consummation of our initial business combination, the prospects for our success may depend entirely on the future performance of a single business.",0,0,DTI_10-K_Risk Factors_0015
"During the past three fiscal years, we have not made any material changes to the accounting methodologies used to assess the areas discussed below, unless noted otherwise.",0,0,CRCT_10-K_MD&A_0232
"The decrease in other expenses is primarily due to a $0.4 million one-time payment to a former employee during the three months ended March 31, 2022.",0,0,EVLV_10-Q_MD&A_0116
"Basic weighted average shares outstanding reconciles to diluted weighted average shares outstanding as follows: Three Months Ended March 31, 2023 2022 Basic weighted average common shares outstanding 75.6 76.1 Dilutive effect of stock options, restricted stock and performance share units 0.3 0.3 Diluted weighted average common shares outstanding 75.9 76.4 Options to purchase approximately 0.2 million and 0.5 million shares of common stock for the three months ended March 31, 2023 and 2022, respectively, were not included in the computation of Diluted EPS attributable to IDEX because the effect of their inclusion would have been antidilutive. 13 T a b l e o f C o n t e n t s IDEX CORPORATION NOTES TO CONDENSED CONSOLIDATED FINANCIAL STATEMENTS (Dollars in millions, except per share amounts) (unaudited) 6.",1,1,IEX_10-Q_MD&A_0084
Long-Lived Assets Impairment We did not recognize long-lived assets impairments during 2022 or 2021.,0,0,WFRD_10-K_MD&A_0200
"If the number of new part designs we process or the size and diversity of our customer base decrease, our ability to successfully identify significant opportunities for our business and meet the needs of product developers and engineers could be negatively impacted.",0,1,PRLB_10-K_Risk Factors_0128
"Even if patents covering our devices are obtained, once the patent life has expired, we may be open to competition from competitive products.",0,0,EKSO_10-K_Risk Factors_0218
Introduction of new product features typically requires us to increase production volume on a timely basis while maintaining product quality.,0,0,CIX_10-K_Risk Factors_0014
"They are as follows: Air Pollution Control Technologies The Air Pollution Control technology segment includes technologies to reduce NOx emissions in flue gas generated by the firing of natural gas or coal from boilers, incinerators, furnaces and other stationary combustion sources.",0,0,FTEK_10-K_MD&A_0021
Our warranty obligation is generally limited to repair or replacement.,0,1,WDC_10-K_Risk Factors_0070
We have two reporting units for goodwill evaluation purposes: the FUEL CHEM technology segment and the APC technology reporting unit.,0,0,FTEK_10-K_MD&A_0357
We believe that the decrease in sales in each of these categories reflects ongoing actions by many of our customers to work-down elevated inventory positions and closely manage their order activity given continuing uncertainty around consumer sentiment as a result of the inflationary environment.,0,0,TRS_10-Q_MD&A_0068
"These costs as a percentage of revenues were 18% in the three months ended March 31, 2023, a decrease compared to 21% in the three months ended March 31, 2022, reflecting our focus on cost control and efficiency.",0,0,WFRD_10-Q_Risk Factors_0032
"In addition, the Company may have to reduce prices on its products and services, or make other concessions, to stay competitive and retain market share.",0,0,EML_10-K_Risk Factors_0065
"In 2017, we acquired RAPID to expand the number of process types we offer to include sheet metal fabrication and expand our CNC machining capability.",0,0,PRLB_10-K_MD&A_0015
"The Company adopted this standard on a prospective basis for the annual and interim periods beginning January 1, 2023.",0,0,IEX_10-Q_MD&A_0001
"The favorable shift in product mix, primarily related to the increased shipments of the Company’s high margin oil and gas transmission units and aftermarket products, had an estimated favorable impact of $9.6 million.",0,0,TWIN_10-K_MD&A_0046
We generated $86.8 million from income statement activities and used $36.3 million of cash to fund working capital and other balance sheet increases.,0,0,SXI_10-Q_MD&A_0149
"Table of Contents Research and development expenses increased $0.2 million, or 25%, for the three months ended March 31, 2023, compared to the same period of 2022.",0,0,EKSO_10-Q_MD&A_0084
"Although we have escalator/de-escalator clauses in commercial contracts with certain of our customers, or can modify prices based on market conditions to recover higher costs, our price increases generally lag the underlying material cost increase, and we cannot be assured of full cost recovery in the open market.",1,0,TRS_10-Q_MD&A_0036
We continue to focus on managing inventory and other working capital requirements.,0,0,PH_10-Q_MD&A_0124
"Quick-turn CNC machining works best for prototyping, form and fit testing, jigs and fixtures and functional components for end-use applications. 15 Table of Contents Industrial 3D Printing Our Industrial 3D Printing product line includes SL, SLS, DMLS, MJF, PolyJet, Carbon DLS and fused deposition modeling (FDM) processes, which offers customers a wide-variety of high-quality, precision rapid prototyping and low volume production.",0,0,PRLB_10-Q_MD&A_0036
"Pursuant to such fiduciary duties, such officer or director is or will be required to present a business combination opportunity to such other entities subject to his or her fiduciary duties.",1,1,DTI_10-K_Risk Factors_0213
"We expect the demand for the Sapphire, Sapphire 1MZ, Sapphire XC and Sapphire XC 1MZ to increase our revenue in the future.",0,0,VELO_10-Q_MD&A_0098
"In the event that impairment indicators exist, a further analysis is performed and if the sum of the expected undiscounted future cash flows resulting from the use of the asset or asset group is less than the carrying amount of the asset or asset group, an impairment loss equal to the excess of the asset or asset group's carrying value over its fair value is recorded.",1,1,FTEK_10-K_MD&A_0371
"Management’s Report on Internal Controls Over Financial Reporting Our management is responsible for establishing and maintaining adequate internal control over financial reporting, as defined in Rule 13a-15(f) and 15d-15(f) under the Exchange Act.",1,0,CRCT_10-K_MD&A_0762
The increase is primarily due to higher sales volume.,0,0,EML_10-Q_MD&A_0024
Divestitures included Knight in September 2022. • Sales increased 18% domestically and 19% internationally.,0,0,IEX_10-Q_Risk Factors_0027
"Our customers may use our products for regulated and standardized applications that require our products to comply with regulations and standards that are applicable to both our products and to those industries and applications, including functional safety and product reliability standards.",0,0,OUST_10-K_Risk Factors_0374
"We compete primarily on the basis of product design, including space utilization and aesthetic factors, product quality and durability, price, on-time delivery, service and technical support.",0,0,CIX_10-K_MD&A_0037
"In connection with the closure of SVB on March 10, 2023 and the creation of SVBB, SVBB assumed all loans that were previously held by SVB.",0,0,EVLV_10-K_Risk Factors_0510
"Under the DGCL, stockholders may be held liable for claims by third parties against a corporation to the extent of distributions received by them in a dissolution.",1,1,DTI_10-K_Risk Factors_0168
"Under the fair value recognition provisions of ASC 718, the Company measures stock-based compensation cost at the grant date fair value and recognizes the compensation expense over the requisite service period, which is the vesting period, using a straight-line attribution method.",1,0,PRLB_10-K_MD&A_0399
"If we are not successful in effectively and sustainably growing our online sales channels, through cricut.com and our brick-and-mortar and online retail partners’ websites, our business, financial condition, results of operations and profitability could be harmed.",0,0,CRCT_10-K_Risk Factors_0098
"The decrease was primarily driven by decreases at R2 in salaries and benefits and research and development costs. 36 Spectrum Segment Three Months Ended March 31, 2023 2022 Increase / (Decrease) Revenue $ 5.7 $ 9.8 $ (4.1) Cost of revenue 2.9 4.7 (1.8) Selling, general and administrative 2.3 3.8 (1.5) Depreciation and amortization 1.3 1.5 (0.2) Other operating (income) loss (0.3) 0.2 (0.5) Loss from operations $ (0.5) $ (0.4) $ (0.1) Revenue: Revenue from our Spectrum segment for the three months ended March 31, 2023 decreased $4.1 million to $5.7 million from $9.8 million for the three months ended March 31, 2022.",0,0,VATE_10-Q_MD&A_0085
"These laws may also conflict with one another, and many of them are subject to frequent modification and differing interpretations.",0,0,VYX_10-Q_Risk Factors_0035
"In fiscal 2022, some of John Deere’s operations were affected by certain material or component shortages related to on-going supply chain challenges, including those caused by industry capacity constraints, material availability, global logistics delays, geopolitical volatility, the COVID-19 pandemic (COVID), and constraints from, among other things, ocean and road shipping capacity constraints, and labor availability.",0,0,DE_10-K_MD&A_0170
Much of our debt has a variable interest rate component that may significantly increase our interest costs in a rising rate environment.,0,0,CRCT_10-K_Risk Factors_0392
"Financing Activities Net cash used in financing activities increased by $567.3 million for fiscal year 2022 as compared to fiscal year 2021 primarily due to an increase of $446.2 million in proceeds from borrowings net of repayment, offset by a $130.0 million decrease in stock repurchases.",0,0,SMCI_10-K_MD&A_0233
"After the business combination was approved, the company would contact such stockholder to arrange for him or her to deliver his or her certificate to verify ownership.",0,0,DTI_10-K_Risk Factors_0114
"Furthermore, in response to the ongoing COVID-19 pandemic, we continue to practice our global resiliency plans, which have allowed us to maintain 24/7 operations.",0,0,WDC_10-K_Risk Factors_0124
"Estimated intangible amortization expense for each of the next five fiscal years is as follows: Fiscal Year 2023 2,880 2024 2,741 2025 2,590 2026 1,354 2027 1,235 Thereafter 2,210 The changes in the carrying amount of goodwill (impairment charges) are summarized as follows: Net Book Value Rollforward Net Book Value By Reporting Unit Gross Carrying Amount Accumulated Impairment Net Book Value European Propulsion European Industrial Balance at June 30, 2020 $ 39,202 $ ( 39,202 ) $ - $ - $ - Translation adjustment - - - - - Balance at June 30, 2021 39,202 ( 39,202 ) - - - Translation adjustment - - - - - Balance at June 30, 2022 $ 39,202 $ ( 39,202 ) $ - $ - $ - E.",1,0,TWIN_10-K_MD&A_0391
"Research and Development Expenses Our research and development expenses represent costs incurred to support activities that advance the development of innovative AM technologies, new product platforms and consumables, as well as activities that enhance the capabilities of our existing product platforms.",0,0,VELO_10-K_MD&A_0087
"Under the agreement, Fieuw, is granted the exclusive right to sell our PX G1300 within the Benelux region and requires set volume purchase commitments over the life of the contract. • The successful installation and commissioning of our PX G1300 in a major supermarket chain in the Benelux region. • Our PX G1300 energy recovery device is a featured component in Epta Group’s (“Epta”) Extra Transcritical Efficiency (“XTE”) system, a next-generation commercial CO 2 refrigeration system.",0,0,ERII_10-Q_MD&A_0019
Our Debt Facilities contain financial and other restrictive covenants.,0,0,BW_10-K_Risk Factors_0141
"To date, we have initiated only one field action in which we voluntarily accelerated our maintenance schedule based on field usage.",0,0,EKSO_10-K_Risk Factors_0412
"Industry sales of agricultural machinery in Europe are forecasted to be flat to up 5 percent, while South American industry sales of tractors and combines are forecasted to be flat to up 5 percent in 2023.",0,0,DE_10-K_Risk Factors_0033
"We incurred these charges primarily as a continuation of our efforts to reposition our European and North American businesses to optimize our cost structure, improve our operational efficiency and effectiveness, strengthen our competitive positioning and better serve our customers.",0,0,XYL_10-Q_MD&A_0126
"The Company’s Belgian operation saw a solid increase compared to the prior year comparable period (9.6% or $1.5 million), with improving demand and operational execution partially offset by an unfavorable currency translation effect.",0,0,TWIN_10-Q_Risk Factors_0042
"Backlog Orders The dollar amount of backlog orders at October 30, 2022 believed to be firm was approximately $9.7 billion for the production and precision agriculture segment and $4.6 billion for the small agriculture and turf segment, compared with $9.6 billion and $5.2 billion, respectively, at October 31, 2021.",0,0,DE_10-K_Risk Factors_0172
"Compressors are used to increase the pressure of air or gas, vacuum products are used to remove air or gas in order to reduce the pressure below atmospheric levels, and blower products are used to produce a high volume of air or gas at low pressure.",0,0,IR_10-K_Risk Factors_0022
"Subsequent evaluations of the primary beneficiary of a VIE may require the use of different assumptions that could lead to identification of a different primary beneficiary, resulting in a different consolidation conclusion than what was determined at inception of the arrangement.",1,0,SMCI_10-K_MD&A_0121
"We design, manufacture and service highly engineered products and solutions ranging across a wide variety of critical applications in utility, industrial, residential and commercial building services settings.",0,0,XYL_10-Q_MD&A_0013
"Tax Legislation On August 16, 2022, the U.S. government enacted the Inflation Reduction Act of 2022 (the ""Inflation Reduction Act"") into law.",0,0,HPE_10-Q_MD&A_0021
"As we scale our production, we expect to reduce this timeframe.",0,0,VELO_10-K_MD&A_0061
GAAP) requires management to make estimates and assumptions that affect the reported amounts of assets and liabilities and related disclosures at the date of the financial statements and the reported amounts of revenues and expenses during the reporting period.,0,0,PRLB_10-K_MD&A_0322
"Retailers have responded to the economic challenges by rightsizing inventory levels, and further reducing safety stock and weekly supply on hand.",0,0,LCUT_10-Q_MD&A_0033
"Marketing and sales expense increased $0.6 million, or 0.7%, for 2022 compared to 2021.",0,0,PRLB_10-K_MD&A_0100
"In addition, the White House, the Department of Commerce and other executive branch agencies have implemented additional restrictions and may implement still further restrictions that would affect conducting business with certain Chinese companies.",0,0,CRCT_10-Q_Risk Factors_0620
"Evolv Technologies Holdings, Inc. became the successor entity to NHIC pursuant to Rule 12g-3(a) promulgated under the Securities Exchange Act of 1934, as amended (the “Exchange Act”).",1,0,EVLV_10-K_MD&A_0009
"We have expanded internationally, including establishing manufacturing operations in Europe in 2005.",0,0,PRLB_10-K_Risk Factors_0146
"We could be an emerging growth company for up to five years, although circumstances could cause us to lose that status earlier, including if the market value of our common stock held by non-affiliates exceeds $700 million as of any June 30 before that time, in which case we would no longer be an emerging growth company as of the following December 31.",1,0,VELO_10-K_Risk Factors_0521
"Based on its assessment, management has concluded that we maintained effective internal control over financial reporting as of December 31, 2022, based on criteria in “Internal Control - Integrated Framework” issued by the COSO in 2013.",1,0,FTEK_10-K_MD&A_0677
"To test the estimated fair value of the United States reporting unit, we performed audit procedures that included, among others, assessing the valuation methodology used by management and testing the significant assumptions discussed above, as well as the underlying data used by the Company in its analysis.",1,0,PRLB_10-K_MD&A_0283
"Should any of these suppliers become unavailable or inadequate, or impose terms unacceptable to us, such as increased pricing terms, we could be required to spend a significant amount of time and expense to develop alternate sources of supply, and we may not be successful in doing so on terms acceptable to us, or at all.",0,0,VELO_10-K_Risk Factors_0361
Print and Other segment revenues included the following: Equipment sales revenue increased 24.6% during the first quarter 2023 as compared to first quarter 2022 due to improvement in product availability and favora ble mix towards mid-range devices.,0,0,XRX_10-Q_MD&A_0151
"The Company's increased dependence on third parties for cloud-based systems may also subject the Company to further cyber threats, such as the identified Log4J vulnerability.",0,0,LCUT_10-K_Risk Factors_0376
"It can take significant time, resources and expense to overcome negative publicity, reviews or perception.",0,0,LOGI_10-K_Risk Factors_0064
"Our product offering today includes four models of sensors in our OS product line: the hemispherical view OSDome, the ultra-wide field of view OS0, the mid-range OS1, and the long-range OS2.",0,0,OUST_10-Q_MD&A_0014
We recognize tax liabilities for uncertain income tax positions on the income tax return based on the two-step process.,1,0,SMCI_10-K_MD&A_0086
"Interest income Interest income was $339 for the three-month period ended March 31, 2023 compared to $1 for the same period in 2022 .",0,0,FTEK_10-Q_MD&A_0036
Revenue is recognized over time using the input method based on time in production as a percentage of total estimated production time to measure progress toward satisfying performance obligations using the estimated total time necessary to complete the parts per the customer's order and an estimate of inventory and production costs incurred to date.,1,1,PRLB_10-K_Risk Factors_0468
"This could increase the rate of customer returns and warranty claims, resulting in higher-than-expected operating costs for us.",0,0,OUST_10-K_Risk Factors_0148
"We continually review our domestic and foreign cash profile and our, expected future cash generation and investment opportunities, and reassess whether there is a need to repatriate funds held internationally to support our U.S. operations.",0,1,XYL_10-Q_Risk Factors_0189
Our recent annual capital expenditures have varied between 4% and 11% of annual revenue.,0,0,PRLB_10-K_Risk Factors_0450
Proceeds from the issuance were reduced by debt issuance costs.,0,0,WFRD_10-K_MD&A_0222
"For 2023, we continue to expect a low-single-digit organic revenue decline due to normalizing demand in the U.S., partially offset by continued resilience in the emerging markets.",0,0,XYL_10-Q_MD&A_0062
"Valuations of derivative assets and liabilities reflect the fair value of the instruments, including the values associated with counterparty risk.",1,0,FTI_10-Q_MD&A_0101
The remaining portion of this liability is based on contractual amounts and does not require estimation.,0,0,CRCT_10-K_MD&A_0507
The Company expects to extend the terms of these credit facilities.,0,1,DE_10-Q_MD&A_0118
We believe that we must continue to upgrade and expand our current third-party contract manufacturer production capability to meet our projected revenue targets and quality control requirements.,0,0,CRCT_10-Q_Risk Factors_0486
"Adjusted Earnings Measures • Adjusted Net Income (Loss) and EPS • Adjusted Effective Tax Rate The above measures were adjusted for the following items: Restructuring and related costs, net: Restructuring and related costs, net include restructuring and asset impairment charges as well as costs associated with our transformation programs beyond those normally included in restructuring and asset impairment charges.",1,0,XRX_10-Q_MD&A_0237
"Our international sales, which include sales to foreign subsidiaries of U.S. companies but do not include sales to U.S. subsidiaries of foreign companies, represented 71%, 78% and 72% of our net revenue for 2022, 2021 and 2020, respectively.",0,0,WDC_10-K_Risk Factors_0059
"Certain of our information technology systems are designed and maintained by us and are critical for the efficient functioning of our business, including the manufacture and distribution of our products, online sales of our products and the ability of our users to access their content and designs.",0,0,CRCT_10-K_Risk Factors_0223
"The Company utilizes key assumptions to determine the stand-alone selling price, which may include other comparable transactions, pricing considered in negotiating the transaction and the estimated costs.",1,0,FTEK_10-K_MD&A_0416
"The concentration of our customer base also increases our risks related to the financial condition of our customers, and the deterioration in financial condition of customers or the failure of customers to perform their obligations could have a material adverse effect on our results of operations and cash flows. 17 Table of Contents We are dependent on our manufacturing facilities for the production of our highly engineered products, which subjects us to risks associated with disruptions and changing technology and manufacturing techniques that could place us at a competitive disadvantage.",0,1,TRS_10-K_Risk Factors_0070
"These forward-looking statements are based on management’s current expectations, represent the most current information available to the Company as of the date of this Quarterly Report on Form 10-Q and are subject to a number of risks, uncertainties and other factors that could cause actual results or performance to differ materially from those expressed in the forward-looking statements.",0,0,WDC_10-Q_Risk Factors_0010
This approach provides an aggregate warranty accrual that is historically aligned with actual warranty claims experienced.,0,0,FTEK_10-K_MD&A_0620
"Critical Audit Matter The critical audit matter communicated below is a matter arising from the current period audit of the consolidated financial statements that was communicated or required to be communicated to the audit committee and that: (1) relates to accounts or disclosures that are material to the consolidated financial statements and (2) involved our especially challenging, subjective, or complex judgments.",1,0,CRCT_10-K_MD&A_0281
"The Second Amended and Restated Forbearance Agreement also made certain adjustments to the Credit Agreement, including: ● Reduced the portion of the Borrowing Base that is based on Eligible Inventory from the lesser of $35,000,000 or 50% of the value of Eligible Inventory to the lesser of $30,000,000 or 50% of the value of Eligible Inventory.",1,0,TWIN_10-K_MD&A_0119
Industry unit retail sales of combines for the first three months of 2023 increased approximately 60% compared to the first three months of 2022 due to supply chain constraints experienced in 2022.,0,0,AGCO_10-Q_MD&A_0028
"Accordingly, the Company performs ongoing credit evaluations of its customers, generally does not require collateral and considers the credit risk profile of the customer from which the receivable is due in further evaluating collection risk.",0,0,CRCT_10-K_MD&A_0376
"Gross Profit Margin Gross profit in the third quarter of fiscal year 2023 increased to $70.9 million, or a gross margin of 38.5% as compared to $68.4 million, or a gross margin of 36.1%, in the third quarter of fiscal year 2022.",0,0,SXI_10-Q_MD&A_0059
"These factors have historically resulted in lower revenues, operating profits and operating cash flows in the first and third quarters.",0,0,XRX_10-K_Risk Factors_0001
"The United States also imposed a 10% tariff on all aluminum imports into the United States, with initial exemptions for aluminum imported from certain U.S. trading partners.",0,0,EML_10-K_Risk Factors_0072
"The construction and forestry segment defines, develops, and delivers a broad range of machines and technology solutions to unlock customer value on job sites, including earthmoving, forestry, and roadbuilding production systems.",0,0,DE_10-K_MD&A_0004
"We may be subject to fines, penalties or injunctions if we are determined to be promoting the use of our products for unapproved or “off-label” uses.",0,0,EKSO_10-K_Risk Factors_0269
"For example, demand for engine, pump jack and compressor products are impacted by active oil and gas rig counts and wellhead investment activities.",0,0,TRS_10-K_MD&A_0062
"These remediation measures are ongoing and include hiring additional accounting, internal audit, and IT personnel to bolster our reporting, technical accounting, and IT capabilities.",0,0,EVLV_10-K_Risk Factors_0535
"Energy Recovery, Inc. | Q1'2023 Form 10-Q | 23 Table of Contents Liquidity and Capital Resources Overview From time-to-time, management and our Board of Directors review our liquidity and future cash needs and may make a decision on (1) the return of capital to our shareholders through a share repurchase program or dividend payout; or (2) seek additional debt or equity financing.",0,0,ERII_10-Q_MD&A_0057
"In the Americas, Europe and Asia, some contracts do not allow us to pass along increased raw material costs and we generally use derivative agreements to seek to manage this risk.",1,0,BALL_10-K_Risk Factors_0031
"The COVID-19 pandemic and the measures taken by many countries in response have adversely affected and could in the future materially adversely impact the Company’s business, results of operations, financial condition and stock price.",0,0,AAPL_10-K_Risk Factors_0019
The Company’s operations are also subject to the effects of international trade agreements and regulations.,0,0,EML_10-K_Risk Factors_0048
These deal-contingent forward contracts had an aggregate notional amount of £6.4 billion.,0,0,PH_10-Q_MD&A_0182
"If we cannot use marketing tools in a cost-effective manner or if we fail to promote our products efficiently and effectively, our ability to acquire new users and our financial condition may suffer.",0,0,CRCT_10-K_Risk Factors_0373
"The pandemic has, and may continue to, disrupt our third-party CMs and supply chain, and our ability to perform the final assembly and testing of our systems.",0,0,VELO_10-K_Risk Factors_0307
"As the implicit rate in the Company's leases is generally unknown, the Company uses its incremental borrowing rate based on the information available at the lease commencement date in determining the present value of future lease payments.",1,1,CRCT_10-K_MD&A_0413
"Increased pricing in response to fluctuations in foreign currency exchange rates may offset portions of the currency impacts but could also have a negative impact on demand for the Company’s products, which would affect sales and profits.",0,0,EML_10-K_Risk Factors_0010
Decreased demand or the need to reduce inventories can lower the Company’s ability to absorb certain sourcing costs and adversely affect its results of operations.,0,0,LCUT_10-K_Risk Factors_0121
"We cannot predict whether these recent rules and restrictions will be implemented and acted upon by the Biden administration, modified, overturned or vacated by legal action.",0,0,CRCT_10-K_Risk Factors_0618
"If we are subject to any liability as a result of activities involving hazardous materials, our business and financial condition may be adversely affected and our reputation and brand may be harmed.",0,0,PRLB_10-K_Risk Factors_0226
"If customers do not place orders, or they substantially reduce, delay or cancel orders, we may not be able to replace the business, which may have a significant adverse impact on our results of operations and financial condition.",0,1,TRS_10-K_Risk Factors_0067
This variability and unpredictability could also result in our failing to meet the expectations of industry or financial analysts or investors for any period.,0,0,OUST_10-K_Risk Factors_0062
"Gross Margin Gross margin as a percentage of revenue increased 100 basis points to 37.7% for the three months ended March 31, 2023, as compared to 36.7% for the comparative 2022 period.",0,0,XYL_10-Q_MD&A_0119
"This tractor has the potential to be especially useful in the livestock, specialty crop and municipality applications.",0,0,AGCO_10-K_Risk Factors_0007
"For trade receivables, loans, and other financial instruments, we will be required to use a forward-looking expected loss model rather than the incurred loss model for recognizing credit losses which reflects losses that are probable.",1,0,FTEK_10-K_MD&A_0133
"If and when this manufacturing facility is brought up to full production according to our current schedule, it may not provide us with all of the operational and financial benefits we expect to receive.",0,0,OUST_10-K_Risk Factors_0309
"As a part of our overall strategy related to our payments-related business we may be subject to the following risks: The proliferation of payment options and increasingly frictionless methods of payment other than cash, including credit cards, debit cards, stored-value debit cards, contactless, and mobile payments options, could result in a reduced need for cash in the marketplace and a resulting decline in the usage of our ATMs.",0,0,VYX_10-K_Risk Factors_0089
New regulations and industry standards may be adopted that result in delays or cancellations of programs.,0,0,OUST_10-K_Risk Factors_0375
The Water Infrastructure and Applied Water actions are complete and the Measurement & Control Solutions actions are expected to continue through the end of 2023.,0,0,XYL_10-Q_MD&A_0131
Certain of our legacy hardware server and storage businesses face challenges as customers migrate to cloud-based offerings and reduce their purchases of hardware products.,0,0,HPE_10-K_MD&A_0036
"Based upon current and anticipated levels of operations and our 2021 refinancing transactions, we expect to have sufficient cash from operations and cash on hand to fund our cash requirements (discussed below and in “Note 7 – Borrowings and Other Debt Obligations”) and financial obligations, both in the short-term and long-term.",0,0,WFRD_10-Q_Risk Factors_0103
The occurrence of a cancellation event could result in an acceleration of the lease obligations and a call on our guarantees.,0,0,WDC_10-Q_MD&A_0157
"During the first six months of 2023, the Japan net sales decrease consisted primarily of lower net sales of Services, Wearables, Home and Accessories and Mac.",0,0,AAPL_10-Q_MD&A_0034
Any of these obligations may place us at a competitive disadvantage in successfully negotiating a business combination.,0,0,AIRJ_10-K_Risk Factors_0101
The Company employs a total return on investment approach whereby a mix of investments among several asset classes are used to maximize long-term return of plan assets while avoiding excessive risk.,0,0,TWIN_10-K_MD&A_0587
"Subject to certain ownership limitations, the Warrants are immediately exercisable upon issuance and expire on the five and one -half year anniversary of the effective date of the registration statement registering the Warrant Shares for resale.",1,0,FTEK_10-K_MD&A_0565
Our ability to utilize net operating loss carryforwards as well as research and development tax credit carryforwards to offset future taxable income may be subject to certain limitations and we could be subject to tax audits or examinations that could result in a loss of our net operating loss carryforwards as well as research and development credits and/or cash tax exposures.,1,1,EVLV_10-K_Risk Factors_0474
"Adjusted net income (loss), Adjusted earnings per share and Adjusted EBITDA are non-GAAP financial measures.",0,0,PSIX_10-Q_MD&A_0020
"Other Post sale revenue decreased 4.1% for the three months ended March 31, 2023 as compared to first quarter 2022 due to a decline in operating lease income, which reflects lower equipment installs in prior periods.",0,0,XRX_10-Q_MD&A_0171
Our products also may be purchased by automotive OEMs and their suppliers in connection with their design and development of autonomous driving and ADAS technology.,0,0,OUST_10-K_Risk Factors_0109
"Other various factors impact demand for our products and services, including the price of commodities (such as zinc, natural gas or other commodities), paint, economic forecasts and financial markets.",0,0,AZZ_10-K_Risk Factors_0026
"If actual future demand or market conditions are less favorable than those projected by management, additional inventory write-downs may be required, which could have a material adverse effect on the results of our operations.",0,0,EKSO_10-Q_Risk Factors_0061
We currently intend to use the net proceeds from the sale of shares pursuant to the ATM Agreement for working capital and general corporate purposes.,0,0,OUST_10-Q_MD&A_0156
"Under these arrangements, we are reimbursed for certain marketing costs that we incur as part of the joint promotion of our products and those of our suppliers.",0,1,SMCI_10-K_MD&A_0176
We expect that our operating cash requirements in the near term will continue to exceed cash provided by operations with the additional headcount and product development activities assumed in the HMC Acquisition.,0,0,EKSO_10-Q_MD&A_0104
"In the event that we receive shipments of products that have defects or otherwise fail to comply with our technical specifications or that fail to conform to our quality control standards, and we are not able to obtain replacement products in a timely manner, we risk revenue losses from the inability to sell those products, increased administrative and shipping costs and lower profitability.",0,1,CRCT_10-Q_Risk Factors_0574
SMCI | 2022 Form 10-K | 48 Net cash provided by operating activities increased by $153.3 million for fiscal year 2021 as compared to fiscal year 2020.,0,0,SMCI_10-K_MD&A_0228
"The issuance of warrants to purchase shares of the Company's common stock are summarized as follows: Shares Outstanding as of December 31, 2021 2,850,000 Granted — Exercised — Outstanding as of December 31, 2022 2,850,000 The following table summarizes information about warrants outstanding and exercisable at December 31, 2022 : Number Weighted-Average Outstanding/ Remaining Life Weighted-Average Range of Exercise Price Exercisable in Years Exercise Price $ 5.10 2,500,000 3.62 $ 5.10 $ 6.45 350,000 3.62 $ 6.45 2,850,000 8.",0,0,FTEK_10-K_MD&A_0572
"We are subject to numerous federal, state, local and international laws and regulations regarding privacy, data protection, information security and the storing, sharing, use, processing, transfer, disclosure and protection of personal information and other content and data, which we refer to collectively as privacy laws, the scope of which is changing, subject to differing interpretations and may be inconsistent among countries, or conflict with other laws, 58 regulations or other obligations.",1,1,CRCT_10-Q_Risk Factors_0630
"If our board of directors is not able to independently determine that the target business or assets has a sufficient fair market value to meet the threshold criterion, we will obtain an opinion from an unaffiliated, independent investment banking firm or another independent entity that commonly renders valuation opinions on the type of target business we seek to acquire with respect to the satisfaction of such criterion.",1,0,DTI_10-K_Risk Factors_0012
Unvested restricted stock carries dividend and voting rights and the sale of the shares is restricted prior to the date of vesting.,0,0,IEX_10-Q_MD&A_0143
"Following the Initial Public Offering, the full exercise of the over-allotment option, and the sale of the Private Placement Units, a total of $181,800,000 was placed in the Trust Account.",0,0,DTI_10-Q_MD&A_0030
"This increase was comprised of a $2.1 million increase in EksoHealth revenue, partially offset by a $0.4 million decrease in EksoWorks.",0,0,EKSO_10-K_MD&A_0039
"Operating income for the AZZ Infrastructure Solutions segment decreased by $50.6 million, or 574.9%, for the current quarter, compared to the prior year quarter.",0,0,AZZ_10-Q_Risk Factors_0045
"We believe the risk of this portfolio to us is in the ability of the underlying companies to cover their obligations at maturity, not in our ability to trade these securities at a profit.",0,0,ERII_10-Q_MD&A_0062
"During 2022, the Company repurchased $90.2 billion of its common stock and paid dividends and dividend equivalents of $14.8 billion.",0,0,AAPL_10-K_MD&A_0011
"Our cash requirements generally include cash dividend payments, capital improvements, debt repayment, acquisitions, and share repurchases.",0,0,AZZ_10-Q_Risk Factors_0080
"As we do so, we are confronting new competitors, many of which have more experience in the categories or markets and have greater marketing resources and brand name recognition than we have.",0,0,LOGI_10-Q_Risk Factors_0084
We derived our volatility from the average historical stock volatilities of peer public companies over a period equivalent to the expected term of the awards.,1,0,CRCT_10-K_MD&A_0250
"The provision for income taxes from discontinued operations reflects an effective tax rate of 11.0% for the current quarter, compared to (9.3)% for the prior year quarter.",0,0,AZZ_10-Q_Risk Factors_0049
"To deliver high-quality images and projects, it is important that our software is designed effectively and works well with a range of third-party desktop and mobile systems, networks and standards.",0,0,CRCT_10-K_Risk Factors_0312
"As a result, you should not rely on our past quarterly results of operations as indicators of future performance.",0,0,CRCT_10-K_Risk Factors_0201
"Cyber incidents can be caused by ransomware, computer denial-of-service attacks, worms, and other malicious software programs or other attacks, including the covert introduction of malware to computers and networks, and the use of techniques or processes that change frequently, may be disguised or difficult to detect, or are designed to remain dormant until a triggering event, and may continue undetected for an extended period of time.",0,0,WDC_10-Q_MD&A_0220
"We primarily use derivative instruments to manage our currency exposures and, as a result, we experience gains and losses on these derivative positions which are offset, in part, by the impact of currency fluctuations on existing assets and liabilities. ​ We are vulnerable to fluctuations and disruptions in the supply and price of raw materials. ​ We purchase aluminum and other raw materials and packaging supplies, including dunnage, from several sources.",1,1,BALL_10-K_Risk Factors_0025
All of these requirements of the credit agreements have been met during the periods included in the financial statements.,0,0,DE_10-Q_MD&A_0119
Technip Energies N.V. is now an independent public company and its shares are traded under the ticker symbol “TE” on the Euronext Paris stock exchange.,0,0,FTI_10-K_MD&A_0028
"International trade disputes that result in tariffs and other protectionist measures could adversely affect our business, including disruption in and cost increases for sourcing our merchandise and increased uncertainties in planning our sourcing strategies and forecasting our margins.",0,0,CRCT_10-K_Risk Factors_0605
The Company may experience negative or unforeseen tax consequences.,0,0,TWIN_10-K_Risk Factors_0095
"Parts of our inventory may become excess or obsolete, which would increase our cost of revenues.",0,0,ERII_10-K_Risk Factors_0101
"Dividends on Common Stock The Company paid cash dividends on our common stock of $32.4 million during the year ended December 31, 2022.",0,0,IR_10-K_Risk Factors_0052
SVBB continues to hold the Company’s term loans under the same existing terms and covenants which were in place with SVB.,0,0,EVLV_10-K_MD&A_0208
"We also experienced a significant increase in the cost of energy, primarily in our Europe-based operations, as well as for other input costs in 2022 compared with 2021.",0,0,TRS_10-K_MD&A_0033
"Any failure by us or our reseller partners to safeguard and maintain the confidentiality of such information could subject us to liability and reputational harm, which could materially and adversely affect our results of operations and financial performance.",0,0,EVLV_10-K_Risk Factors_0175
"Over the remainder of the year, we expect gross margins at Security Products will be challenged as higher cost inventory works its way through cost of sales and reduced demand may limit our ability to implement further price increases.",0,0,CIX_10-Q_MD&A_0038
"Income Taxes The Company’s provision for income taxes is based upon estimated annual tax rates for the year applied to federal, state, and foreign income.",0,0,IEX_10-K_MD&A_0046
Transactions are routed over various EFT networks to obtain authorization for cash disbursements and to provide account balances.,0,0,VYX_10-K_Risk Factors_0103
"Also, any decrease in the availability of raw materials and components could impair the Company’s ability to meet production requirements in a timely manner or at all. · The economic downturn has resulted and could continue to result in the carrying value of goodwill or other intangible assets exceeding their fair value, which has required and could continue to require the Company to recognize asset impairment. 7 Table of Contents · To the extent the Company draws under the revolving portion of the Credit Agreement, debt of the Company would increase.",0,0,EML_10-K_Risk Factors_0013
Our days accounts payable on hand fluctuate primarily as a result of the timing of payments made to suppliers and the mix of vendors and related terms.,0,0,TRS_10-Q_MD&A_0098
The events described above that were reported to the FDA were also reported to the relevant EU regulatory authorities.,0,0,EKSO_10-K_Risk Factors_0280
"The increase in the effective tax rate is primarily due to a decrease in tax benefits from the vesting of restricted stock, the cancellation of performance stock units and the exercise of stock options, as well as an increase in the rate impact of losses in jurisdictions that are not eligible for tax benefits due to valuation allowances.",1,0,PRLB_10-Q_Risk Factors_0088
"This has created downward pressure on our ASPs, particularly in the Asia and Pacific region.",0,0,OUST_10-K_MD&A_0068
Inflation Risk The Company sources a wide variety of materials and components from a network of global suppliers.,0,0,IEX_10-Q_MD&A_0287
We determine standalone selling prices based on the price at which the performance obligation is sold separately.,0,0,SMCI_10-K_MD&A_0064
"Computer viruses, cyberattacks, other external hazards and human error could result in the misappropriation of assets or sensitive information, corruption of data or operational disruption.",0,0,EML_10-K_Risk Factors_0115
"Therefore, we have performed sensitivity analyses as of March 31, 2023 and July 1, 2022 using a modeling technique that measures the change in the fair values arising from a hypothetical 10% adverse moveme nt in the levels of foreign currency exchange rates relative to the U.S. dollar, with all other variables held constant.",1,0,WDC_10-Q_MD&A_0200
"As of March 31, 2023, we had over 2.7 million Paid Subscribers to Cricut Access and Cricut Access Premium.",0,0,CRCT_10-Q_MD&A_0017
"Selling, general and administrative: Selling, general and administrative expense for the three months ended March 31, 2023 increased $1.8 million to $29.7 million from $27.9 million for the three months ended March 31, 2022.",0,1,VATE_10-Q_MD&A_0075
"If we do not compete effectively, demand for our products could decline and our business and operating results could be adversely affected.",0,0,LOGI_10-K_Risk Factors_0066
The warrant liability is initially recorded at fair value on the issuance date of each warrant and is subsequently remeasured to fair value at each reporting date.,1,0,EVLV_10-K_MD&A_0116
"In addition, the development of additional distribution space abroad involves significant financial and operational risks; and • difficulties in managing a global enterprise.",0,0,LCUT_10-K_Risk Factors_0319
"We cannot predict whether the FCC order or state initiatives will be modified, overturned or vacated by legal action of the court, federal or state legislation or the FCC.",0,1,CRCT_10-Q_Risk Factors_0335
"The 2022 Credit Agreement includes the following significant terms; i. provides for a senior secured initial term loan in the aggregate principal amount of $1.3 billion (the ""Term Loan B""), due May 13, 2029, which is secured by substantially all of the assets of the Company; ii. provides for a maximum senior secured revolving credit facility in the aggregate principal amount of $400.0 million (the ""Revolving Credit Facility""), due May 13, 2027; iii. includes a letter of credit sub-facility of up to $100.0 million, which is part of, and not in addition to, the Revolving Credit Facility; iv. borrowings under the Term Loan B and the Revolving Credit Facility each bear an interest rate of Secured Overnight Financing Rate (""SOFR"") plus 4.25%; v. includes customary affirmative and negative covenants, and events of default; including restrictions on the incurrence of non-ordinary course debt, investment and dividends, subject to various exceptions, and; vi. includes a maximum quarterly leverage ratio financial covenant with reporting requirements at each quarter-end; The Company utilizes proceeds from the Revolving Credit Facility primarily to finance working capital needs, capital improvements, dividends, acquisitions and for general corporate purposes.",1,0,AZZ_10-K_MD&A_0067
"The principal variable assumptions utilized in valuing warrants and the methodology for estimating such model inputs are: ( 1 ) risk-free interest rate of 0.59 %, an estimate based on the yield of zero–coupon treasury securities with a maturity equal to the expected life of the warrant; ( 2 ) expected volatility of 94.66 % – an estimate based on the historical volatility of Fuel Tech’s common stock for a period equal to the expected life of the warrant; and ( 3 ) expected life of the warrant of five and one -half years based on the term of the warrant.",1,1,FTEK_10-K_MD&A_0569
We are in compliance with the financial covenants contained in these facilities and expect to continue to maintain such compliance.,0,0,AGCO_10-Q_MD&A_0126
We believe that we are well-positioned to take advantage of this opportunity due to our proprietary technologies and global distribution capabilities.,0,0,EVLV_10-K_MD&A_0039
"If a corporation complies with certain procedures set forth in Section 280 of the DGCL intended to ensure that it makes reasonable provision for all claims against it, including a 60-day notice period during which any third-party claims can be brought against the corporation, a 90-day period during which the corporation may reject any claims brought, and an additional 150-day waiting period before any liquidating distributions are made to stockholders, any liability of stockholders with respect to a liquidating distribution is limited to the lesser of such stockholder’s pro rata share of the claim or the amount distributed to the stockholder, and any liability of the stockholder would be barred after the third anniversary of the dissolution.",1,1,AIRJ_10-K_Risk Factors_0172
"We issued restricted stock awards of 315,432, 205,996 and 108,179 shares of our common stock in 2022, 2021 and 2020, respectively.",0,0,PRLB_10-K_MD&A_0219
"Our actual results may differ materially from those we currently anticipate as a result of the factors we describe under ""Risk Factors"" and elsewhere in this Annual Report on Form 10-K.",0,1,AZZ_10-K_MD&A_0002
"The remaining 18% of engines were dual fuel gasoline/propane, diesel and service/base engines.",0,1,PSIX_10-K_MD&A_0021
"The Inflation Reduction Act includes a new corporate alternative minimum tax (the ""Corporate AMT"") of 15% on the adjusted financial statement income (""AFSI) of corporations with average AFSI exceeding $1.0 billion over a three-year period.",1,0,HPE_10-Q_MD&A_0022
The Company accounts for forfeitures as they occur.,0,0,PRLB_10-K_Risk Factors_0704
"In December 2021, the Company amended its operating lease for its corporate headquarters in South Jordan, Utah to extend the term through March 2027 and to reduce the annual rent rate for future periods.",0,1,CRCT_10-K_MD&A_0725
"The decrease in average spend per product developer and engineer was driven by the impact of foreign currency movements, primarily the weakening of the British Pound and Euro relative to the United States Dollar.",0,0,PRLB_10-K_MD&A_0092
Innovations in machinery and technology also influence agricultural equipment purchasing.,0,0,DE_10-K_MD&A_0073
"We, and third parties who work on our behalf, collect data via cookies to track the behavior of visitors to our sites, provide a more personalized and interactive experience and analyze and increase the effectiveness of our marketing.",0,0,CRCT_10-Q_Risk Factors_0721
"On the innovation front, we announced a transformative new data storage services platform that brings our cloud operations model to wherever data lives by unifying data operations.",0,0,HPE_10-K_MD&A_0064
"On March 11, 2021, the Company filed an Amended and Restated Certificate of Incorporation to effect a 64.2645654 -for-1 forward stock split of its outstanding common stock.",0,0,CRCT_10-K_MD&A_0318
"As we attempt to introduce new product features in the future, we do not know if we will be able to increase production volumes without encountering these or other problems, which might negatively impact our financial condition or results of operations.",0,0,CIX_10-K_Risk Factors_0016
"In the Applied Water segment, we provide the majority of our sales through long-standing relationships with many of the leading independent distributors in the markets we serve, with the remainder going directly to customers. • Measurement & Control Solutions primarily serves the utility infrastructure solutions and services sector by delivering communications, smart metering, measurement and control capabilities and critical infrastructure technologies that allow customers to more effectively use their distribution networks for the delivery, monitoring and control of critical resources such as water, electricity and natural gas.",0,0,XYL_10-Q_MD&A_0020
We will continue to evaluate new business opportunities and new markets.,0,0,SMCI_10-K_MD&A_0237
"The segment continues to see positive trends in end markets like industrial applications, power management, renewable energy technologies, and electric vehicle related applications.",0,0,SXI_10-Q_MD&A_0092
DBMG generates future project reports to track the weekly progress of new opportunities.,0,0,VATE_10-K_Risk Factors_0007
"Depreciation expense for the years ended June 30, 2022 and 2021 was $ 6,374 and $ 7,853 , respectively. 38 D.",0,0,TWIN_10-K_MD&A_0387
Interest expense represents interest expense on our term loans and lines of credit.,0,0,SMCI_10-Q_MD&A_0086
"The amount of liability recorded is based on an evaluation of currently available facts with respect to each individual site and includes such factors as existing technology, presently enacted laws and regulations, and prior experience in remediation of contaminated sites.",1,0,SWK_10-K_Risk Factors_0004
These impacts were partially offset by higher product costs.,0,1,XRX_10-Q_MD&A_0085
We do not currently have alternative suppliers for several key components.,0,0,CRCT_10-Q_Risk Factors_0519
"Applied Water Operating income for our Applied Water segment was $83 million (operating margin of 18.3%) during the first quarter of 2023, an increase of $24 million, or 40.7%, when compared to operating income of $59 million (operating margin of 13.9%) during the prior year, or a total increase of 440 basis points.",0,0,XYL_10-Q_MD&A_0146
A dispute with a customer during the life of a long-term contract could impact our ability to receive payments or otherwise recoup incurred costs and expenses.,0,0,BW_10-K_Risk Factors_0017
We evaluated the development and selection of our critical accounting policies and estimates and believe that the following involve a higher degree of judgement or complexity and are most significant to reporting our results of operations and financial position and are therefore discussed as critical.,0,0,VELO_10-Q_MD&A_0200
"Contract liabilities were $372 , $390 , and $850 at December 31, 2022 , 2021 , and 2020 , respectively, and are included in other accrued liabilities on the consolidated balance sheets.",1,0,FTEK_10-K_MD&A_0081
Certain of our derivatives that do not qualify for hedge accounting are effective as economic hedges.,1,0,XRX_10-Q_MD&A_0216
"Moreover, there could be public announcements of the results of hearings, motions or other interim proceedings or developments and if securities analysts or investors perceive these results to be negative, it could have a substantial adverse effect on the price of our ordinary shares.",0,0,EVLV_10-K_Risk Factors_0326
These factors may have a meaningful negative impact on future revenues and operating results.,0,0,EVLV_10-K_Risk Factors_0121
"Determining the fair value of stock options using the Black-Scholes model requires judgment, including estimates for (1) risk-free interest rate - an estimate based on the yield of zero-coupon treasury securities with a maturity equal to the expected life of the option; (2) expected volatility - an estimate based on the historical volatility of our common stock for a period equal to the expected life of the option; and (3) expected life of the option - an estimate based on historical experience including the effect of employee terminations.",1,0,FTEK_10-K_MD&A_0131
"Revenue recognition The Company recognizes revenue for its internal and outsourced manufacturing operations in accordance with ASC 606, Revenue from Contracts with Customers .",1,0,PRLB_10-K_MD&A_0370
"On June 1, 2021, The Nasdaq Stock Market LLC stock exchange (“NASDAQ”) approved our application for the listing of our ordinary shares.",0,0,WFRD_10-K_MD&A_0048
The goodwill is not deductible for tax purposes.,0,1,IEX_10-Q_MD&A_0038
"As noted above, there continue to be some global and domestic supply chain challenges and any future impacts on our operations will depend on, among other things, any future disruption in our operations or our suppliers’ operations, the impact of economic conditions and geopolitical events on demand for our products or our customers’ and suppliers’ operations, all of which remain uncertain and cannot be predicted.",1,1,CIX_10-Q_MD&A_0046
"Many aspects of our operations and properties could be affected by political developments, including the ongoing Russian-Ukrainian conflict, environmental regulations and operating risks.",0,0,BW_10-K_MD&A_0034
"In addition, our trade secrets and proprietary know-how may otherwise become known or be independently discovered by others.",0,0,AZZ_10-K_Risk Factors_0062
"Our permitted interest expense coverage ratio under the Credit Agreement is 3.00 to 1.00 as of March 31, 2023.",0,0,TRS_10-Q_MD&A_0125
"The Company’s Swiss manufacturing operation, which supplies customized propellers for the global mega yacht and patrol boat markets, experienced a 6.5% increase in sales, primarily due to a recovering European marine market.",0,0,TWIN_10-K_MD&A_0022
"There are significant risks and costs inherent in doing business in international target markets, including: • difficulty establishing and managing international operations and the increased travel, infrastructure, including establishment of local delivery service and Cricut Member Care operations, and legal compliance costs associated with locations in different countries or regions; • difficulty accessing and maintaining operations with international brick-and-mortar and online retail partners and distribution channels that may be small, fragmented or complex; • the need to vary pricing and margins to effectively compete in international target markets; • the need to adapt, translate and localize products for specific countries, comply with country-specific product safety and liability laws, as well as obtaining rights to third-party intellectual property used in each country; • increased competition from local providers of competing or imitation products; • the ability to protect and enforce intellectual property rights abroad; • the need to offer content and customer support in various languages; • difficulties in understanding and complying with local laws, regulations and customs in other jurisdictions; • compliance with anti-bribery laws, such as the U.S.",1,0,CRCT_10-Q_Risk Factors_0744
"Restructuring Charges No restructuring charges were incurred in the three months ended March 31, 2023 and $20 million was incurred in the three months ended March 31, 2022.",0,0,WFRD_10-Q_MD&A_0081
"Operating income for the AZZ Infrastructure Solutions segment decreased by $157.2 million, or 637.8%, for the current nine-month period, compared to the prior year nine-month period.",0,0,AZZ_10-Q_Risk Factors_0072
"Our cost of revenue also includes depreciation of manufacturing equipment, amortization of intangible assets, an allocated portion of overhead, facility and IT costs, warranty expenses, excess and obsolete inventory and shipping costs.",0,0,OUST_10-Q_MD&A_0096
"We have experienced and may in the near term experience additional increases in general and administrative expenses related to legal, accounting, finance and professional services costs associated with the Velodyne Merger, litigation activities, hiring more personnel and consultants to support our growing international expansion and compliance with the applicable provisions of the Sarbanes-Oxley Act (“SOX”) and other SEC rules and regulations as a result of being a public company.",0,0,OUST_10-Q_MD&A_0109
"We rely on a limited number of distributors to generate a portion of our sales, particularly in our international target markets.",0,0,CRCT_10-K_Risk Factors_0246
"If the value of our business was to decline, or if we were to determine that we were unable to recognize an amount in connection with any proposed disposition in excess of 34 the carrying value of any disposed asset, we may be required to recognize impairments for one or more of our assets that may adversely impact our business, financial condition and results of operations.",1,0,BW_10-K_MD&A_0042
"Although there is no assurance that existing or future government laws and regulations applicable to our operations, services or products will not have a material adverse effect on our capital expenditures, results of operations and competitive position, we do not currently anticipate material expenditures for government regulations.",0,1,XRX_10-K_MD&A_0161
"Our continued expansion outside the U.S., primarily in Europe, South-East Asia and Oceania, and our development of new partnerships worldwide, could increase the risk of FCPA, OFAC or Bribery Act violations in the future.",0,1,VELO_10-K_Risk Factors_0402
"As a result of these developments, there may be greater restrictions and economic disincentives on international trade that could adversely affect our business.",0,1,OUST_10-K_Risk Factors_0393
"Cash Flows from Operating Activities Cash flow from operating activities of $62.1 million during 2022 primarily consisted of net loss of $103.4 million, adjusted for certain non-cash items, including depreciation and amortization of $39.4 million, stock-based compensation expense of $17.6 million, loss on goodwill impairment of $118.0 million and impairments related to closure of Japan business of $2.8 million, which were partially offset by changes in deferred taxes of $9.5 million and changes in operating assets and liabilities and other items totaling $2.8 million.",1,1,PRLB_10-K_MD&A_0133
"Depending on the corrective action we take to redress a product’s deficiencies or defects, the FDA may require, or we may decide, that we will need to obtain new approvals or clearances for the device before we may market or distribute the corrected device.",0,0,EKSO_10-K_Risk Factors_0283
"On an ongoing basis, we evaluate our estimates, including those related to revenue, intangible assets, goodwill, inventories, income taxes, and stock-based compensation.",0,0,AZTA_10-Q_MD&A_0071
"The loss of any of these individuals, each of whom is “at will” and may terminate his or her employment relationship with us at any time, could disrupt our operations and significantly delay or prevent the achievement of our business objectives.",0,0,PRLB_10-K_Risk Factors_0132
"We may experience further disruptions to our manufacturing operations, supply chain and/or distribution channels in the future, and these disruptions may be prolonged.",0,0,HPQ_10-K_Risk Factors_0028
"Such a purchase may include a contractual acknowledgment that such stockholder, although still the record holder of our shares is no longer the beneficial owner thereof and therefore agrees to vote in favor of the initial business combination or abstain and in any event not to exercise its redemption rights.",1,0,AIRJ_10-K_Risk Factors_0061
"Sales for fiscal year 2023 decreased 25%, 17% and 9% in the EMEA, Americas and Asia Pacific regions, respectively, compared to fiscal year 2022.",0,0,LOGI_10-K_MD&A_0033
"Customers that accounted for 10% or greater of accounts receivable, net as of December 31, 2022 and 2021 were as follows: December 31, 2022 2021 Customer A 22 % 23 % Customer B 12 % 12 % Customers with revenue equal to or greater than 10% of total revenue for the periods indicated were as follows: December 31, 2021 2020 Customer A 11 % * Customer B * 11 % Customer C 10 % 14 % Customer D 14 % 14 % * Revenue was less than 10%.",0,0,CRCT_10-K_MD&A_0379
"Life Sciences: Net loss from our Life Sciences segment for the three months ended March 31, 2023 decreased $1.3 million to $2.8 million from $4.1 million for the three months ended March 31, 2022.",0,0,VATE_10-Q_MD&A_0121
"Pursuant to the Credit Agreement, BMO agreed to make the Term Loan to the Company in a principal amount not to exceed $35.0 million and the Company may, from time to time prior to the maturity date, enter into Revolving Loans in amounts not to exceed, in the aggregate, $50.0 million (the “Revolving Credit Commitment”).",1,0,TWIN_10-K_MD&A_0082
"Upon closing the Acquisition, we settled the deal-contingent forward contracts entered into during October 2021 to mitigate the risk of appreciation in the GBP-denominated purchase price.",1,1,PH_10-Q_MD&A_0181
"UNREGISTERED SALES OF EQUITY SECURITIES AND USE OF PROCEEDS Unregistered Sales of Equity Securities During the three months ended March 31, 2023, we did not sell any securities that were not registered under the Securities Act.",0,0,EVLV_10-Q_Risk Factors_0002
We own or co-own seven issued U.S. patents and thirteen issued foreign patents and have fifteen pe nding or allowed patent applications relating to our products.,0,1,EVLV_10-K_Risk Factors_0292
Implications of Being an Emerging Growth Company Section 102(b)(1) of the JOBS Act exempts emerging growth companies from being required to comply with new or revised financial accounting standards until private companies are required to comply with the new or revised financial accounting standards.,1,1,VELO_10-Q_MD&A_0189
"Our reduction plans include activities to reduce the direct GHG emissions across our global operations as well as the indirect emissions from purchased energy, such as steam, natural gas and electricity, while reducing other material emissions from across our upstream and downstream value chain.",0,0,AGCO_10-K_Risk Factors_0002
"Failure to accurately forecast our needs may result in manufacturing delays, increased costs or excess inventory.",0,0,CRCT_10-K_Risk Factors_0525
Deferred taxes reflect the net tax effects of the temporary differences between the carrying amount of assets and liabilities for financial reporting and the amount used for income tax purposes.,1,1,CRCT_10-K_MD&A_0603
"In addition, we cannot assure you that we will realize the results, benefits or developments that we expect or anticipate or, even if substantially realized, that they will result in the consequences or affect us or our business in the way expected.",0,0,IR_10-Q_Risk Factors_0004
This model requires us to make estimates and assumptions with respect to the expected term of the option and the expected volatility of the price of our common stock.,1,0,SMCI_10-K_MD&A_0104
"Additionally, the California Attorney General issued regulations that may add additional requirements on businesses.",0,0,CRCT_10-K_Risk Factors_0670
"We have experienced price fluctuations for a number of materials including rhodium, steel, and other metal commodities.",0,0,SXI_10-Q_MD&A_0241
"Fur ther, as we grow, our business becomes increasingly complex, particularly for a company of our relative size.",0,0,CRCT_10-Q_Risk Factors_0176
"We believe that we have learned how to integrate these existing technologies and wrap the result around a human being efficiently, elegantly and safely, supported by an industry leading intellectual property portfolio.",0,0,EKSO_10-Q_Risk Factors_0009
"The increase in employee costs, including share-based compensation expense, was due primarily from an increase in headcount, and higher wage and benefit costs.",0,0,ERII_10-Q_MD&A_0044
HTM debt investments with remaining maturities beyond one year are classified as long-term investments.,0,0,FTEK_10-K_MD&A_0320
"Our technology is novel compared to other AM technologies based on its ability to deliver high-value metal parts that have complex internal channels, structures, and geometries.",0,0,VELO_10-Q_MD&A_0009
"Any of these factors could reduce our revenue or impair our revenue growth in affected markets, increase our costs in those markets or damage our reputation.",0,0,OUST_10-K_Risk Factors_0212
We believe that we are well-positioned to take advantage of this opportunity due to our proprietary technologies and global distribution capabilities.,0,0,EVLV_10-Q_MD&A_0032
The Company’s intent is for such earnings to be reinvested by the subsidiaries or to be repatriated only when it would be tax effective through the utilization of foreign tax credits.,1,0,TWIN_10-K_MD&A_0643
These investments may not result in increased revenue or growth in our business.,0,0,VELO_10-K_Risk Factors_0022
"It is possible that financing to replace or renew our debt may be unfavorable, which would adversely affect our financial condition and results of operations.",0,0,CRCT_10-K_Risk Factors_0409
Europe The weakness in foreign currencies relative to the U.S. dollar had a net unfavorable year-over-year impact on Europe net sales during the second quarter and first six months of 2023.,0,0,AAPL_10-Q_MD&A_0027
"As we grow and develop our public company infrastructure and processes, 44 Table of Contents we may find it difficult to maintain these important aspects of our company culture.",0,0,EVLV_10-K_Risk Factors_0626
"To date, the Company has installed over 500 waste-to-energy and biomass-to-energy units at more than 300 facilities in approximately 30 countries which serve a wide variety of utility, waste management, municipality and investment firm customers.",0,0,BW_10-Q_MD&A_0015
"A successful product liability claim or product recall could inhibit or prevent the successful commercialization of our products, cause a significant financial burden on us, or both, which in either case could have a material adverse effect on our business and financial condition.",0,0,EKSO_10-K_Risk Factors_0427
We do not believe the revision resulted in a material impact to the estimated fair value of warrant liabilities measured using the Lattice Model.,1,0,EKSO_10-K_MD&A_0119
We routinely review potential acquisitions.,0,0,AZZ_10-K_Risk Factors_0071
Subscription gross profit margin increased primarily as the result of our ability to leverage our fixed costs over a higher revenue base.,0,0,EVLV_10-Q_MD&A_0104
"We believe such a change would generally not have a material impact on our financial position, but could have a material impact on our results of operations.",0,0,PRLB_10-Q_Risk Factors_0111
"In developing the estimated period of providing future services, the Company considers past history, plans to continue to provide services, expected technological developments, obsolescence, competition and other factors.",0,0,CRCT_10-K_MD&A_0479
CNC Machining revenue consists of sales of CNC-machined custom parts. 3D Printing revenue consists of sales of 3D-printed parts.,0,0,PRLB_10-Q_Risk Factors_0037
"The Coronavirus Aid, Relief, and Economic Security Act (the “ CARES Act ”) has already modified certain provisions of the Tax Act.",0,0,VELO_10-K_Risk Factors_0268
"We sell these products through a number of brands: Logitech, Logitech G (including ASTRO Gaming, Streamlabs, and Blue Microphones) and Ultimate Ears.",0,0,LOGI_10-K_MD&A_0004
"Privacy and security laws and regulations may limit the use and disclosure of certain information and require us to adopt 40 certain cybersecurity and data handling practices that may affect our ability to effectively market our services to current, past or prospective customers.",1,0,VELO_10-K_Risk Factors_0438
Preserving farmlands and their productivity is becoming more challenging with advancing climate change.,0,0,AGCO_10-K_Risk Factors_0030
"Outstanding principal of the Term Loan B is payable on the last business day of each May, August, November and February, beginning August 31, 2022, in a quarterly aggregate principal amount of $3.25 million, with the entire remaining principal amount due on May 13, 2029, the maturity date.",0,0,AZZ_10-Q_Risk Factors_0098
We also depend on our brick-and-mortar and online retail partners to adequately market our products on their websites and provide a positive online shopping and shipping experience for their customers.,0,0,CRCT_10-Q_Risk Factors_0070
"Accordingly, the incentive unit equivalent awards were accounted for as liability classified awards and required initial and subsequent measurement at fair value.",1,0,CRCT_10-K_MD&A_0704
"Building upon the Smart Industrial operating model, John Deere announced its Leap Ambitions framework in fiscal year 2022.",0,0,DE_10-K_Risk Factors_0022
"On the acquisition date, we recorded $3.7 million as our best estimate of fair value of the additional contingent consideration; however, based on a detailed fourth quarter 2022 review of TFI's updated forecasted operating results, the we determined the likelihood of the contingent consideration being paid was remote, and therefore reversed the liability, with such adjustment being included in other income (expense), net.",1,0,TRS_10-K_MD&A_0025
It is possible that we could face sales tax audits and that such audits could result in tax-related liabilities for which it has not accrued.,0,0,EVLV_10-K_Risk Factors_0469
We are now in discussions with SVBB regarding an amendment to the Loan Agreement to increase the percentage of cash that we can maintain in other accounts.,0,0,VELO_10-K_Risk Factors_0081
"As a result, the Company’s financial services operations experienced $53 million (after-tax) of less favorable financing spreads in the first quarter of 2023 compared to 2022.",0,0,DE_10-Q_MD&A_0054
"Changes in fair value of the common stock warrant liability will continue to be recognized until the warrants are exercised, expire, or qualify for equity 52 Table of Contents classification.",1,0,EVLV_10-K_MD&A_0118
Revenue also increased due to higher average financing rates.,0,0,DE_10-Q_MD&A_0074
"Net Sales Diversified Industrial North America - Sales increased 16.3 percent and 17.8 percent during the current-year quarter and first nine months of fiscal 2023, respectively.",0,0,PH_10-Q_MD&A_0060
"If we are not able to accurately estimate variable consideration from sales incentives each quarter, it could affect revenue in future periods.",0,0,CRCT_10-Q_Risk Factors_0162
"Since the outbreak of the COVID-19 pandemic, we have experienced even greater uncertainties in the economic environment, including input cost inflation, supply chain disruptions with our subcontractors and suppliers, shortages in global markets for commodities, logistics and labor, all of which have resulted in labor and manufacturing inefficiencies given the challenges in production scheduling.",0,0,TRS_10-K_Risk Factors_0055
"Developing alternate sources of supply for these components may be time-consuming, difficult, and costly and we may not be able to source these components on terms that are acceptable to us, or at all, which may undermine our ability to meet our requirements or to fill customer orders in a timely manner.",0,0,OUST_10-K_Risk Factors_0298
"Costs to fulfill include all internal and external engineering costs, equipment charges, inbound and outbound freight expenses, internal and site transfer costs, installation charges, purchasing and receiving costs, inspection costs, warehousing costs, project personnel travel expenses and other direct and indirect expenses specifically identified as project- or product-line related, as appropriate (e.g. test equipment depreciation and certain insurance expenses).",1,0,FTEK_10-K_MD&A_0404
"We derive a significant portion of our revenue from sales of our connected machines, and a decline in sales of our connected machines would adversely affect our future revenue and results of operations.",0,0,CRCT_10-K_Risk Factors_0042
"Notes to Consolidated Financial Statements The Company’s 2012 Employee Stock Purchase Plan (ESPP) allows eligible employees to purchase a variable number of shares of the Company’s common stock at a discount through payroll deductions of up to 15 percent of their eligible compensation, subject to plan limitations.",0,0,PRLB_10-K_Risk Factors_0797
"Our investments may not result in the growth we expect, or when we expect it, for a variety of reasons, including but not limited to, changes in growth trends, evolving and changing markets and increasing competition, market opportunities, and product innovation.",0,0,LOGI_10-K_Risk Factors_0028
"On an adjusted 1 basis, Net Income Attributable to Xerox Holdings was $82 million, or $0.49 per diluted share.",0,1,XRX_10-Q_MD&A_0135
"Our investments may not result in the growth we expect, or when we expect it, for a variety of reasons, including but not limited to, changes in growth trends, evolving and changing market and increasing competition, market opportunities, and product innovation.",0,0,LOGI_10-Q_Risk Factors_0033
"In light of the status of SVB, following it closure, we established accounts and moved a portion of our cash resources to other financial institutions.",0,0,VELO_10-K_Risk Factors_0080
The maturities of the forward exchange contracts generally coincide with the settlement dates of the related transactions.,0,0,TWIN_10-K_MD&A_0696
"We are headquartered in San Francisco, CA.",0,0,OUST_10-K_MD&A_0008
"The changes in foreign exchange rates had a negative impact on consolidated revenue of $2.5 million for the three months ended March 31, 2023 as compared to the same period in 2022. 23 Table of Contents Item 4.",0,0,PRLB_10-Q_Risk Factors_0113
"We manufacture one of the broadest and most complete ranges of compressor, pump, vacuum and blower products in our markets, which, when combined with our global geographic footprint and application expertise, allows us to provide differentiated product and service offerings to our customers.",0,0,IR_10-K_Risk Factors_0005
"We provide our reseller partners with specific training and programs to assist them in selling and supporting our products, but there can be no assurance that these steps will be effective.",0,0,EVLV_10-K_Risk Factors_0034
"Surface Technologies revenue increased, largely as a result of the increase in operator activity in North America and the Middle East, driven by an increase in U.S. rig count year-over-year.",0,0,FTI_10-Q_MD&A_0058
"In that event, our reputation could be damaged and adoption of the products would be impaired.",0,0,EKSO_10-K_Risk Factors_0274
"Amortization of intangible assets was $ 23.6 million and $ 15.3 million for the three months ended March 31, 2023 and 2022, respectively.",0,0,IEX_10-Q_MD&A_0093
"Continued Investment and Innovation We are a leader in AI-based weapons detection for security screening, offering transformative technologies that enable enhanced security, higher throughput, a more frictionless visitor experience, and substantial cost savings through our product innovations.",0,0,EVLV_10-Q_MD&A_0049
We hold a 49.9% ownership position in each of the Flash Venture entities.,0,0,WDC_10-K_Risk Factors_0029
"Marketing and sales expense consists primarily of employee compensation, benefits, commissions, stock-based compensation, marketing programs such as electronic, print and pay-per-click advertising, trade shows and other related overhead, which includes an allocation of information technology expense including amortization of PL 2.0 software assets.",1,1,PRLB_10-K_Risk Factors_0370
Some of our executive officers have limited experience in the management of a publicly traded company.,0,0,VELO_10-K_Risk Factors_0298
"We rely on other companies, including subcontractors and suppliers, to provide and produce raw materials, integrated components and sub-assemblies and production commodities included in, or used in the production of, our products.",0,0,TRS_10-K_Risk Factors_0051
All changes in fair value of the euro revolver were then reported in accumulated other comprehensive loss along with the foreign currency translation adjustments on those foreign investments.,1,1,TWIN_10-K_MD&A_0691
"We believe the simplicity of our digital lidar design gives us a meaningful advantage in costs related to manufacturing, supply chain and production yields.",0,0,OUST_10-K_MD&A_0022
The definition of Adjusted EBITDA used here may differ from that used by other companies.,0,0,IEX_10-Q_MD&A_0259
"To the extent that the ultimate results differ from our original or adjusted estimates, our effective tax rate can be adversely affected.",0,0,CRCT_10-K_Risk Factors_0447
"If any of these risks, or any risks not presently known to the Company or currently deemed immaterial by the Company, materialize, the Company’s business, reputation, stock price, financial condition or results of operations could be materially adversely affected, and the Company may not be able to achieve its goals or expectations.",0,0,EML_10-K_Risk Factors_0002
"If Internet access service providers have outages or deterioration in their quality of service, our users will not have access to our platform or may experience a decrease in the quality of our services.",0,0,CRCT_10-K_Risk Factors_0320
"Federal Reserve, and the FDIC, the U.S government reassured that all depositors will be fully protected.",0,0,VELO_10-K_MD&A_0205
"On September 27, 2022, the Company entered into an interest rate swap agreement to effectively convert its floating-rate debt to a fixed-rate basis.",0,0,AZZ_10-Q_MD&A_0025
"And because our precision agriculture tools place seeds, fertilizer and other inputs exactly where they are needed for optimal outcomes, they can often reduce the amount of inputs required.",0,0,AGCO_10-K_Risk Factors_0048
"Each team is led by a senior executive and tasked with rethinking the way we attract and develop diverse team members, share knowledge and measure our progress in fostering an inclusive culture.",0,0,PH_10-K_Risk Factors_0055
Activity in North America increased in 2022 due to higher drilling and completion activity and an improved pricing environment.,0,0,FTI_10-K_MD&A_0077
"The proposed development project will install 33 floating wind turbines with total capacity of approximately 500 megawatts, which could power more than 600,000 homes in the United Kingdom. • We also signed an agreement with Shell to explore synergies with a shared goal of enabling offshore renewable energy generation and reducing total CO2 emissions – another example of how our long-standing partnerships extend to all areas of our business. • Orbital Marine Power, which is collaborating with TechnipFMC to accelerate the global commercialization of its tidal stream turbine, was awarded two contracts for difference in the UK Allocation Round 4 multi-turbine projects in Eday, Orkney.",0,0,FTI_10-Q_MD&A_0017
"As expected, Marine Components net sales were strong during the first quarter but we expect net sales overall will decline as compared to 2022 as marine market demand is challenged by higher interest rates and several original equipment boat manufacturers, including certain of our customers, have publicly announced reduced production schedules in 2023 compared to 2022.",0,0,CIX_10-Q_MD&A_0040
The Investment Collateral Security agreement requires us to pledge our investments as collateral for 150% of the aggregate face amount of outstanding standby letters of credit.,1,1,FTEK_10-Q_MD&A_0066
"There were no material changes to our critical accounting policies and estimates during the three months ended March 31, 2023.",0,0,PRLB_10-Q_Risk Factors_0102
A key element to our continued growth is the ability to quickly and efficiently quote an increasing number of product developer and engineer submissions across geographic regions and to manufacture the related parts.,0,0,PRLB_10-K_Risk Factors_0020
"The majority of the Company’s manufacturing, based on fiscal 2022 sales, came from its facility in Racine, Wisconsin.",0,0,TWIN_10-K_Risk Factors_0056
Competitive pressure may limit the volume of products that we sell and reduce our operating margins.,0,0,TRS_10-K_Risk Factors_0029
"In addition, from time to time we may enter into negotiations for acquisitions, relationships, joint ventures or investments that are not ultimately consummated.",0,0,PRLB_10-K_Risk Factors_0087
The development process also can be lengthy and costly.,0,0,LOGI_10-K_Risk Factors_0019
"We are required to comply with anti-corruption and anti-bribery laws in the jurisdictions in which we operate, including the Foreign Corrupt Practices Act, or FCPA, in the United States, the UK Bribery Act, or the Bribery Act, and other similar laws in other countries in which we do business.",0,0,EVLV_10-K_Risk Factors_0557
"Provision for income taxes and effective tax rates for fiscal years 2022, 2021 and 2020 are as follows (dollars in millions): Years Ended June 30, 2022 over 2021 Change 2021 over 2020 Change 2022 2021 2020 $ % $ % Income tax provision $ 52.9 $ 6.9 $ 2.9 $ 46.0 666.7 % $ 4.0 137.9 % Percentage of total net sales 1.0 % 0.2 % 0.1 % Effective tax rate 15.7 % 5.8 % 3.4 % Fiscal Year 2022 Compared with Fiscal Year 2021 The year-over-year increase in the effective tax rate was primarily due to a significant increase in revenue and income before tax.",0,0,SMCI_10-K_MD&A_0199
"In the event that we receive notice from our sponsor five business days prior to a deadline of its intent to effect an extension, we intend to issue a press release announcing such intention at least three days prior to such deadline.",0,0,AIRJ_10-K_Risk Factors_0129
Broadening the range of parts we offer is of particular importance since limitations in manufacturability are the primary reason we are not able to fulfill many quotation requests.,0,0,PRLB_10-K_Risk Factors_0097
"Revenue and income from operations by reportable segment are as follows: Year Ended December 31, (in thousands) 2022 2021 2020 Revenue: United States $ 387,399 $ 384,458 $ 345,708 Europe 92,770 90,399 74,796 Japan 8,229 13,241 13,891 Total revenue $ 488,398 $ 488,098 $ 434,395 Year Ended December 31, (in thousands) 2022 2021 2020 (Loss) Income from Operations: United States $ 93,176 $ 98,001 $ 98,762 Europe ( 130,386 ) 730 11,707 Corporate Unallocated and Japan ( 60,773 ) ( 58,389 ) ( 50,633 ) Total (loss) income from operations $ ( 97,983 ) $ 40,342 $ 59,836 Total long-lived assets, expenditures for additions to long-lived assets and depreciation and amortization expense are as follows: December 31, December 31, December 31, (in thousands) 2022 2021 2020 Long-lived assets: United States $ 203,816 $ 215,701 $ 215,721 Europe 53,835 59,388 59,388 Japan 134 5,257 7,557 Total long-lived assets $ 257,785 $ 280,346 $ 282,666 Year Ended December 31, (in thousands) 2022 2021 2020 Expenditures for additions to long-lived assets: United States $ 17,538 $ 26,698 $ 29,984 Europe 4,137 7,378 16,574 Japan 11 133 452 Total expenditures for additions to long-lived assets $ 21,686 $ 34,209 $ 47,010 81 Table of Contents Proto Labs, Inc.",0,0,PRLB_10-K_MD&A_0583
Section 404 of the Sarbanes-Oxley Act of 2002 requires us to include in our annual reports on Form 10-K and quarterly reports on Form 10-Q an assessment by management of the effectiveness of our internal control over financial reporting.,1,0,EKSO_10-K_Risk Factors_0165
GAAP) and SEC rules and regulations could materially impact our reported results. ​ U.S.,0,0,BALL_10-K_Risk Factors_0056
Operational and regulatory risks Interruptions in the Company’s operations caused by outside forces could cause material losses.,0,0,LCUT_10-K_Risk Factors_0305
"Customer Programs require management to estimate the percentage of those programs that will not be claimed in the current period or will not be earned by customers, which is commonly referred to as ""breakage."" Breakage is estimated based on historical claim experience, the period in which the claims are expected to be submitted, specific terms and conditions with customers, and other factors.",0,1,LOGI_10-K_MD&A_0049
The Inflation Reduction Act includes a new corporate alternative minimum tax (the “Corporate AMT”) of 15% on the adjusted financial statement income (“AFSI”) of corporations with average AFSI exceeding $1.0 billion over a three-year period.,1,0,HPE_10-K_MD&A_0029
"Our ability to accurately forecast demand for our products could be affected by many factors, including the rapidly changing nature of our current target markets, the uncertainty surrounding the market acceptance and commercialization of lidar technology, the emergence of new markets, an increase or decrease in customer demand for our products or for products and services of our competitors, product introductions by competitors, the COVID-19 pandemic, other epidemics and public health crises, and any associated work stoppages or interruptions, unanticipated changes in general market conditions and the weakening of economic conditions or consumer confidence in future economic conditions.",0,0,OUST_10-K_Risk Factors_0242
Exhibits Certain instruments relating to long-term borrowings constituting less than 10 percent of the registrant’s total assets are not filed as exhibits herewith pursuant to Item 601(b)(4)(iii)(A) of Regulation S-K.,1,1,DE_10-Q_MD&A_0159
"Although the immediate impacts of the COVID-19 pandemic have been assessed and mitigated, the ultimate extent of the impact of the pandemic, including as a result of possible subsequent outbreaks of COVID-19 or of new variants thereof and measures taken in response thereto, will depend on future developments, which remain highly uncertain and cannot currently be predicted.",0,0,HPE_10-K_Risk Factors_0007
We are subject to governmental export and import controls and economic sanctions laws that could subject us to liability and impair our ability to compete in international target markets.,0,0,CRCT_10-K_Risk Factors_0751
"Moving from work to play, Logitech gaming and streaming products benefit from social gaming which continues to Logitech International S.A. | Fiscal 2023 Form 10-K | 36 Table of Contents gain popularity through online gaming, multi-platform experiences and esports.",0,0,LOGI_10-K_MD&A_0020
"Change in Fair Value of Derivative Liability In August through September 2019 and in September 2020, we issued Convertible Notes to several investors (the “2020 Convertible Notes”) that provided a conversion option whereby upon the closing of a specified financing event the notes would automatically convert into shares of the same class and series of our capital stock issued to other investors in the financing at a conversion price equal to 85% and 80%, respectively, of the price per share of the securities paid by the other investors.",1,0,EVLV_10-K_MD&A_0095
"At March 31, 2023, there was $79.4 million outstanding under the Revolving Credit Facility with an interest rate of 3.32% and $200.0 million outstanding under the Term Facility with an interest rate of 5.83%.",0,0,IEX_10-Q_MD&A_0286
A valuation allowance for deferred tax assets is recorded when it is more likely than not that some or all of the benefit from the deferred tax asset will not be realized.,1,1,WFRD_10-K_MD&A_0124
"This is evident for OPEC+ countries who are focused on realizing a price that supports both economic growth and energy investment, as seen by planned production cuts announced in April.",0,0,FTI_10-Q_MD&A_0005
"As a result of the outbreak, starting in March 2020 and intermittently through June 30, 2022, the Company suspended or reduced its operations, in whole or in part, in several of its locations.",0,0,TWIN_10-K_Risk Factors_0011
"Our products may be affected from time to time by design and manufacturing defects, and we may face claims related to such defects, either of which could adversely affect our business and result in harm to our reputation.",0,0,CRCT_10-Q_Risk Factors_0563
"We define gross profit as our revenue less our cost of revenue, and we define gross margin as gross profit expressed as a percentage of revenue.",0,0,PRLB_10-Q_MD&A_0053
"Other changes in U.S. tariffs, quotas, trade relationships or tax provisions could also reduce the supply of goods available to us or increase our cost of goods.",0,0,CRCT_10-K_Risk Factors_0622
The global availability of these components remains constrained.,0,0,CRCT_10-Q_Risk Factors_0517
"Accordingly, at March 31, 2023 and December 31, 2022, the public shares are presented at redemption value as temporary equity, outside of the stockholders’ equity (deficit) section of the Company’s balance sheet.",1,1,DTI_10-Q_MD&A_0070
"Accordingly, investors will not be afforded the benefits or protections of those rules.",0,0,AIRJ_10-K_Risk Factors_0087
"All of our $61 million aggregate cash, cash equivalents and marketable securities at March 31, 2023 were held in the U.S.",0,0,CIX_10-Q_MD&A_0075
"As future events and their effects cannot be determined with precision, actual results may differ from these estimates.",0,0,BALL_10-Q_MD&A_0005
"In our Air Pollution Control technology segment, amounts are billed as work progresses in accordance with agreed-upon contractual terms.",0,0,FTEK_10-K_MD&A_0075
"The majority of the electronic debit networks over which transactions are conducted require sponsorship by a bank, and the loss of any sponsors and/or the inability to find a replacement may cause disruptions to our operations.",0,0,VYX_10-K_Risk Factors_0094
"We have experienced and may in the near term experience additional increases in general and administrative expenses related to legal, accounting, finance and professional services costs associated with the Velodyne Merger, hiring more personnel and consultants to support our growing international expansion and compliance with the applicable provisions of the Sarbanes-Oxley Act (“SOX”) and other SEC rules and regulations as a result of being a public company.",1,0,OUST_10-K_MD&A_0114
The tax years open to examination in the U.S. are for years subsequent to fiscal 2017.,0,0,TWIN_10-K_MD&A_0646
All previously outstanding common stock was reclassified as Class B common stock.,0,0,CRCT_10-K_MD&A_0616
The Subscriptions segment derives revenue primarily from monthly and annual subscription fees and a minimal amount of revenue allocated to the unspecified future upgrades and enhancements related to the essential software and access to the Company’s cloud-based services.,0,0,CRCT_10-K_MD&A_0749
Our relationship with certain rights holders may deteriorate.,0,0,CRCT_10-Q_Risk Factors_0840
"The Company has incurred and may continue to incur significant costs relating to compliance with these laws and regulations, including costs related to updating certain business practices and systems and ensuring continued compliance.",0,0,EML_10-K_Risk Factors_0130
"Demand for our products can be sensitive to price, especially in times of slow or uncertain economic growth and consumer economic conservatism.",0,0,CRCT_10-K_Risk Factors_0149
"All compensation cost is recognized if the employment condition is fulfilled even if the market condition is never satisfied, as the likelihood of achieving the market condition is incorporated into the fair value of the award.",1,1,WFRD_10-K_MD&A_0326
The input method requires an analysis of the incurred time in production and an estimate of the total time necessary to complete the total parts per the customer's order.,1,0,PRLB_10-K_MD&A_0166
"While we sometimes enter into agreements limiting our exposure, any such agreements may not offer complete protection from this risk. ​ The global credit, financial and economic environment could have a negative impact on our results of operations, financial position or cash flows. ​ The overall credit, financial and economic environment could have significant negative effects on our operations, including: ​ ● the creditworthiness of customers, suppliers and counterparties could deteriorate resulting in a financial loss or a disruption in our supply of raw materials; ● volatile market performance could affect the fair value of our pension assets, potentially requiring us to make significant additional contributions to our defined benefit pension plans to maintain prescribed funding levels; ● a significant weakening of our financial position or operating results could result in noncompliance with our debt covenants; and ● reduced cash flows from our operations could adversely affect our ability to execute our long-term strategy to increase liquidity, reduce debt, repurchase our stock and invest in our businesses. ​ Changes in U.S. generally accepted accounting principles (U.S.",1,0,BALL_10-K_Risk Factors_0055
"Cash Flows from Investing Activities Cash provided by investing activities was $4.4 million during the three months ended March 31, 2023, consisting of $7.7 million in proceeds from call redemptions and maturities of marketable securities, which were partially offset by $3.3 million for net purchases of property, equipment and other capital assets.",1,1,PRLB_10-Q_Risk Factors_0096
Production and Intervention (“PRI”) offers production optimization technologies through the Company’s ability to design and deliver a complete production ecosystem ranging from boosting productivity to responsible end of life well abandonment for our customers.,0,0,WFRD_10-Q_Risk Factors_0008
"How We Addressed the Matter in Our Audit We obtained an understanding, evaluated the design and tested the operating effectiveness of controls over the Company’s process for recognizing revenue over time.",1,0,PRLB_10-K_Risk Factors_0578
"Our cash provided by operations for this same period totaled $1,010 .",0,1,FTEK_10-Q_MD&A_0041
These increases were partially offset by a reduction in the global bonus expense ($0.9 million) and a foreign currency translation impact of $2.0 million.,0,0,TWIN_10-Q_Risk Factors_0057
"To test the Company’s revenue recognition over time, we performed audit procedures that included, among others, inspecting a sample of contracts to evaluate the existence of an enforceable right to payment for performance completed to-date, evaluating the progress towards completion of orders in process through examination of a sample of product shipments subsequent to the end of the reporting period, evaluating the reasonableness of management’s estimate of profit margins based on a comparison to historical margins, testing the appropriateness of the timing and amount of revenue recognized over time based on the underlying inputs, and performing an independent sensitivity analysis to evaluate the impact on revenues of changes in significant assumptions.",1,0,PRLB_10-K_MD&A_0277
"While supply chain disruptions are expected to persist into 2023, the Company is working diligently to secure the parts and components that customers need to deliver essential food and infrastructure more profitably and sustainably.",0,0,DE_10-Q_MD&A_0042
"As we bring our products to market, we pay particular attention to forecasts by industry analysts and the adoption curve of new technologies.",0,0,VELO_10-K_MD&A_0026
"As a result, our customers have increasingly adopted our technology into their design and production processes.",0,0,VELO_10-K_MD&A_0018
"Any of the foregoing could have a material adverse effect on our competitive position, business, financial conditions, results of operations and prospects.",0,0,EKSO_10-K_Risk Factors_0210
"During the current year-quarter, an increase in the Diversified Industrial Segment and Aerospace margins was partially offset by the amortization of step-up in inventory to fair value of $112 million within the Aerospace Systems Segment.",1,0,PH_10-Q_MD&A_0038
We are also subject to other risks applicable to businesses operating in the current environment.,0,0,EKSO_10-K_Risk Factors_0012
"To remain competitive, we continue to develop new products.",0,0,OUST_10-K_Risk Factors_0029
"Any such required additional capital may not be available on terms acceptable to us, or at all.",0,0,PRLB_10-K_Risk Factors_0448
"However, the largest customer contribution as a percentage of our total revenue will depend on the growth of our customer base.",0,0,VELO_10-K_Risk Factors_0046
"Our success and future revenue growth will depend, in part, on our ability to protect the various facets of our IP.",0,0,VELO_10-K_Risk Factors_0484
"As a result, our services may not perform as anticipated and may not meet expectations.",0,0,CRCT_10-Q_Risk Factors_0568
"Similarly, geopolitical risks, including instability resulting from civil unrest, political demonstrations, strikes and armed conflict or other crises, such as Russia’s invasion of Ukraine, and the resulting sanctions could change the global supply chain dynamics and demand.",0,0,LCUT_10-K_Risk Factors_0226
"Since our products and product lines are sold primarily through our websites, the success of our business depends upon our ability to attract new and repeat customers to our websites in order to increase business and grow our revenue.",0,0,PRLB_10-K_Risk Factors_0119
"A decrease in earnings due to the impact of COVID-19 or the resulting harm to the financial condition of our customers or economic conditions generally, or an increase in indebtedness incurred to offset such a decrease in earnings, would have a negative impact on our senior net leverage ratio and our fixed charge coverage ratio, which in turn would increase the cost of borrowing under the Credit Agreement and could cause us to fail to comply with the covenants under our Credit Agreement.",1,1,EML_10-Q_MD&A_0047
"The Term Loan requires the Company to make an annual mandatory prepayment of principal based upon excess cash flow (the “Excess Cash Flow”), if any.",0,0,LCUT_10-K_Risk Factors_0057
"Controls and Procedures Evaluation of Disclosure Controls and Procedures Under the supervision, and with the participation, of our management, including our Chief Executive Officer (""CEO"") and Chief Financial Officer (""CFO""), we evaluated the effectiveness of our disclosure controls and procedures as defined in Rules 13a-15(e) and 15d-15(e) under the Securities Exchange Act of 1934, as amended (the “Exchange Act”), as of March 31, 2023.",1,0,SMCI_10-Q_MD&A_0150
"Similarly, when an industrial exoskeleton is used by a healthy individual - for example to operate heavy machinery overhead - malfunction of the device at an inopportune moment could result in severe injury or death of the person using the device.",1,1,EKSO_10-K_Risk Factors_0417
"We seek to maintain our operating margins by increasing the price of our products and services in response to increased costs, but may not be successful in passing these increased costs of operation through to our customers.",0,0,AZZ_10-K_Risk Factors_0044
"These alternatives may not be available on short notice or could result in higher transit costs, which could have an adverse impact on the Company’s business, financial conditions, or results of operations.",0,0,EML_10-K_Risk Factors_0052
"Hubs is based in Amsterdam, Netherlands and is a leading online manufacturing platform that provides customers with on-demand access to a global network of premium manufacturing partners.",0,0,PRLB_10-K_Risk Factors_0741
"In the course of our business activities, NCR contracts with numerous suppliers, vendors and resellers who may experience a cybersecurity, data protection or privacy issue that could negatively affect our operating results.",0,1,VYX_10-Q_Risk Factors_0011
Dealer Support and Supervision We believe that one of the most important criteria affecting a farmer’s decision to purchase a particular brand of equipment is the quality of the dealer who sells and services the equipment.,0,0,AGCO_10-K_MD&A_0011
"The R&D spend has remained fairly consistent year over year. 37 Restructuring and Asset Impairment Charges Restructuring During the three months ended March 31, 2023, we incurred restructuring costs of $6 million.",0,0,XYL_10-Q_Risk Factors_0118
"Letters of Credit As of February 28, 2023, w e had total outstanding letters of credit in the amount of $16.7 million.",0,1,AZZ_10-K_MD&A_0083
Many of our customers are still in the testing and development phases of applications with our products and it cannot be certain that they will commercialize products or systems with our digital lidar sensors or at all.,0,0,OUST_10-K_Risk Factors_0190
"The Company has sufficient liquidity to repay all obligations under the 2022 SVB Credit Agreement, if necessary.",0,0,EVLV_10-K_MD&A_0206
The expected term of stock options is estimated from the vesting period of the award and represents the weighted average period that the Company's stock options are expected to be outstanding.,0,0,PRLB_10-K_Risk Factors_0807
"Such measures give recognition to specifically identifiable operating costs such as cost of sales, distribution expenses and selling, general and administrative expenses.",0,1,LCUT_10-Q_MD&A_0041
Fuel Tech is committed to reimbursing the issuing bank for any payments made by the bank under these instru ments.,0,0,FTEK_10-K_MD&A_0206
"Although we maintain information technology measures designed to protect us against intellectual property theft, data breaches and other cyber incidents, such measures will require updates and improvements, and we cannot guarantee that such measures will be adequate to detect, prevent or mitigate cyber incidents.",0,0,EVLV_10-K_Risk Factors_0380
"Outside the U.S. and Canada, the equipment operations own or lease and operate 47 factories, including: agriculture and turf equipment factories in Argentina, Brazil, China, France, Germany, India, Israel, Italy, Mexico, the Netherlands, Russia, and Spain; earthmoving equipment factories in Brazil and China; engine, engine/power train, battery, hydraulic, or electronic component factories in Argentina, Austria, China, France, India, and Mexico; roadbuilding equipment factories in Brazil, China, Germany, and India; and forestry equipment factories in Canada, Finland, and New Zealand.",0,0,DE_10-K_MD&A_0123
Backlog ($ in millions): Backlog ($ in millions) is defined as the unfulfilled 3D printer systems to be delivered to customers in contracted dollars as of period end.,0,0,VELO_10-Q_MD&A_0023
"Subject to certain ownership limitations, the Warrants are immediately exercisable upon issuance and expire on the five and one -half year anniversary of the effective date of the registration statement registering the Warrant Shares for resale.",1,0,FTEK_10-K_MD&A_0286
"We will remain an emerging growth company until the earlier of (1) the last day of the fiscal year (a) following the fifth anniversary of the completion of the initial public offering, (b) in which we have total annual gross 43 Table of Contents revenue of at least $1.235 billion or (c) in which we are deemed to be a large accelerated filer or (2) the date on which we have issued more than $1.0 billion in non-convertible debt during the prior three-year period.",1,0,EVLV_10-K_Risk Factors_0602
Investing in our securities involves a high degree of risk.,0,0,OUST_10-Q_Risk Factors_0000
"We also obtain many Printing components from single source due to technology, availability, price, quality, or other considerations.",0,0,HPQ_10-Q_MD&A_0032
"On June 30, 2022, the Company entered into the Investment Collateral Security agreement to use for the sole purpose of issuing standby letters of credit, which replaces the Cash Collateral Security agreement with BMO Harris Bank, N.A. (the Former Collateral agreement).",0,0,FTEK_10-Q_MD&A_0065
Changes in the relative standalone selling price between devices and service can have an impact on how transaction prices are allocated between revenue and deferred revenue.,0,0,EKSO_10-K_MD&A_0113
"Any failure to preserve our culture could adversely affect our future success, including our ability to retain and recruit personnel and to effectively focus on and pursue our corporate objectives. 34 Table of Contents Our management team has limited experience managing a public company.",0,0,CRCT_10-K_Risk Factors_0432
The senior notes are subject to both optional and mandatory redemption in certain events.,0,0,AGCO_10-Q_MD&A_0111
"We serve customers in industries that are highly competitive, cyclical and that may be significantly impacted by changes in economic or geopolitical conditions.",0,0,TRS_10-Q_MD&A_0010
"Key third-party manufacturers are located in China and may be affected by recent and possible future political, social and economic conditions.",0,0,CRCT_10-K_Risk Factors_0583
Collective bargaining agreements covering John Deere’s employees in the U.S. expire between 2024 and 2027.,0,0,DE_10-K_Risk Factors_0240
Money market funds are highly liquid investments and are actively traded.,0,0,CRCT_10-K_MD&A_0446
"Future Liquidity and Capital Resources On June 29, 2018, the Company entered into a Credit Agreement (the “Credit Agreement”) with BMO Harris Bank N.A. (“BMO”) that provided for the assignment and assumption of the previously existing loans between the Company and Bank of Montreal (the “2016 Credit Agreement”) and subsequent amendments into a term loan (the “Term Loan”) and revolving credit loans (each a “Revolving Loan” and, collectively, the “Revolving Loans,” and, together with the Term Loan, the “Loans”).",1,0,TWIN_10-K_MD&A_0081
"Amortization expense of intangible assets totaled $ 0.8 million for each of the years ended December 31, 2022, 2021 and 2020, respectively.",0,0,CRCT_10-K_MD&A_0577
"In addition, U.S. public companies are required to maintain records that accurately and fairly represent their transactions and maintain internal controls and compliance procedures designed to prevent violations of anti-corruption laws.",1,0,CRCT_10-K_Risk Factors_0770
"Although we have employment and non-competition agreements with certain of our key employees, as a practical matter, those agreements will not assure the retention of our employees, and we may not be able to enforce all of the provisions in any employment or non-competition agreement.",0,0,FTEK_10-K_Risk Factors_0077
"Many factors, including our new product launches, our production and personnel costs and our competitors’ pricing and marketing strategies, can significantly impact our pricing strategies.",0,0,VELO_10-K_Risk Factors_0157
"• See also “Item 1. - Business” and “Item 8. – Financial Statements and Supplementary Data – Notes to Consolidated Financial Statements – Note 14 – Disputes, Litigation and Legal Contingencies.” It is possible that an unexpected judgment could be rendered against us, or we could decide to resolve a case or cases that would result in a liability that could be uninsured and beyond the amounts we currently have reserved and in some cases those losses could be material.",0,0,WFRD_10-K_Risk Factors_0000
"Significant increases in commodity prices, such as base metals (e.g. copper), alloys or plastic resins, or inflation could adversely affect the costs of our component suppliers and contract manufacturers and result in higher costs to us if we are unable to pass on the increased costs to our brick-and-mortar and online retail partners or users.",0,0,CRCT_10-K_Risk Factors_0580
"Growth was driven by better availability of product in both the Americas and EMEA, particularly for our higher margin A3 devices and production equipment.",0,0,XRX_10-Q_MD&A_0025
"Failure to timely identify, patch, fix or recall products and services with such defects could result in widespread technical and performance issues affecting our products and could lead to claims against us.",0,0,CRCT_10-K_Risk Factors_0567
"As of December 31, 2022, most of DBMG’s collective bargaining agreements are subject to automatic annual or other renewal unless either party elects to terminate the agreement on the scheduled expiration date.",0,0,VATE_10-K_Risk Factors_0024
Developing our talent is key to helping us reach our business goals and retaining our people.,0,1,WDC_10-K_Risk Factors_0110
"In future periods, we will continue to evaluate our investment policy in order to continue our overall goals.",0,0,PRLB_10-K_MD&A_0241
"As a result of actual or perceived breaches, we have in the past experienced and may in the future experience additional costs, notification requirements, civil and administrative fines and penalties, indemnification claims, litigation, or damage to our brand and reputation.",0,0,WDC_10-Q_MD&A_0231
"Applied Water Applied Water revenue increased $28 million, or 6.6%, for the first quarter of 2023 (9.6% increase on a constant currency basis) as compared to the prior year.",0,0,XYL_10-Q_Risk Factors_0072
"This is partially offset by the utilization of previously unbenefited deferred tax assets, such as net operating loss carryforwards.",1,0,WFRD_10-Q_MD&A_0054
"Net sales decreased by $1.0 million, or (0.8)%, during the three months ended March 31, 2023, compared to the three months ended March 31, 2022, primarily due to reduced volume and unfavorable foreign exchange effects of $1.4 million, partially offset by higher customer pricing and premium pricing on a certain customer project.",0,0,NNBR_10-Q_Risk Factors_0016
The framework on which such evaluation was based is contained in the report entitled “Internal Control—Integrated Framework” issued by the Committee of Sponsoring Organizations of the Treadway Commission (the “COSO Report”) in 2013.,1,0,FTEK_10-K_MD&A_0673
"All unexercised warrants will expire, and the rights of the warrant holders to purchase ordinary shares will terminate, on the Expiration Date.",0,0,WFRD_10-K_MD&A_0345
"In the event the estimated fair value of a reporting unit per the DCF model is less than the carrying value, additional analysis would be required.",0,0,FTEK_10-K_MD&A_0111
"In addition, the Company sells its products in foreign countries and seeks to increase its level of international business activity.",0,0,LCUT_10-K_Risk Factors_0317
A full domestic valuation allowance of $24.4 million has been recognized in fiscal 2022.,0,0,TWIN_10-K_MD&A_0205
Well Construction and Completions (“WCC”) offers products and services for well integrity assurance across the full life cycle of the well.,0,0,WFRD_10-Q_Risk Factors_0005
"The UK regulator has adopted a similar approach to data export outside of the UK and, on March 21, 2022, the international data transfer agreement and the international data transfer addendum to the European Commission’s standard contractual clauses for international data transfers came into force.",1,1,EVLV_10-K_Risk Factors_0446
"Critical Audit Matters The critical audit matters communicated below are matters arising from the current period audit of the financial statements that were communicated or required to be communicated to the audit committee and that: (1) relate to accounts or disclosures that are material to the financial statements and (2) involved our especially challenging, subjective or complex judgments.",1,0,TWIN_10-K_MD&A_0265
"Life Sciences During June to December 2022, R2 Technologies entered in various notes totaling $10.8 million with Lancer, a related party, an entity controlled by Avram A.",0,0,VATE_10-Q_MD&A_0192
"Our final assembly and testing operations are conducted at one facility in Campbell, California and a second facility in Fremont, California.",0,0,VELO_10-K_Risk Factors_0373
"Contract Balances The timing of our revenue recognition, billings and cash collections result in the recording of accounts receivable, contract assets, and contract liabilities.",0,0,WFRD_10-K_MD&A_0191
"Dispositions Other Sale of Remaining 19% Interest in HMN On March 6, 2023, the Company, through New Saxon 2019 Limited (“New Saxon”), an indirect subsidiary of GMH, closed on the sale of its remaining 19% interest in HMN to subsidiaries and an affiliate of Hengtong Optic-Electric Co Ltd.",0,0,VATE_10-Q_MD&A_0015
Our future effective tax rate is subject to future regulatory developments and changes in the mix of our U.S. earnings compared to foreign earnings.,0,0,WDC_10-Q_MD&A_0101
"Any of the above factors, individually or in the aggregate, may result in significant fluctuations in our financial and other operating results from period to period.",0,0,EVLV_10-K_Risk Factors_0027
"Our future success depends, in part, on our ability to continue to identify, attract, develop, integrate and retain qualified and highly skilled personnel, including senior management, engineers, designers, product managers, logistics and supply chain personnel, retail managers and Cricut Member Care personnel.",0,0,CRCT_10-K_Risk Factors_0258
All benefits vest upon retirement from the Company.,0,0,TWIN_10-K_MD&A_0580
"The COVID-19 pandemic and related public health measures have materially affected how we and our customers are operating our businesses, and have materially affected our operating results; the duration and extent to which this will impact our future results remain uncertain.",0,1,EKSO_10-K_Risk Factors_0007
"Our audits included performing procedures to assess the risks of material misstatement of the financial statements, whether due to error or fraud, and performing procedures that respond to those risks.",0,0,PRLB_10-K_Risk Factors_0564
We have taken legal action against certain of the producers of these copycat products and anticipate expending significant financial or other resources in the future to combat these products.,0,0,CRCT_10-Q_Risk Factors_0140
"Supply chain issues, including shortages of adequate component supply that increase our costs or cause delays in our ability to fulfill orders, and our failure to estimate customer demand properly may result could have an adverse impact on our business and operating results and our relationships with customers.",0,0,BW_10-K_Risk Factors_0132
"The cash flows employed in the DCF analysis for each reporting unit are based on the reporting unit's budget, long-term business plan and recent operating performance.",0,0,PRLB_10-K_Risk Factors_0658
"Redemption Rights for Public Stockholders upon Completion of our Initial Business Combination We will provide our public stockholders with the opportunity to redeem all or a portion of their common stock upon the completion of our initial business combination, such as the Drilling Tools Business Combination, at a per-share price, payable in cash, equal to the aggregate amount then on deposit in the trust account as of two business days prior to the consummation of the initial business combination, including interest (which interest will be net of taxes payable) divided by the number of then issued and outstanding public shares, subject to the limitations described herein.",1,0,DTI_10-K_Risk Factors_0065
"For revenue recognized over time, management uses the input method based on time in production as a percentage of total estimated production time to measure progress toward satisfying performance obligations using the estimated total time necessary to complete the parts per the customer's order and an estimate of inventory and production costs incurred to date.",1,0,PRLB_10-K_Risk Factors_0573
Some customers have delayed their orders and production schedules.,0,0,OUST_10-K_MD&A_0037
We continue to make progress towards increasing the post-consumer recycled content in our eco-label eligible devices.,0,0,XRX_10-K_MD&A_0079
"Revolving Credit Lin e — In August 2021, we drew on the revolving credit line under the third amended and restated loan and security agreement in the amount of $3.0 million, with a variable interest rate of the greater of 5.75% of Prime plus 2.50% and a term of 10 months.",0,0,VELO_10-K_MD&A_0187
Our audit also included performing such other procedures as we considered necessary in the circumstances.,0,0,WFRD_10-K_MD&A_0034
"If we are unable to anticipate user preferences and successfully develop and introduce new, innovative and updated products in a timely manner, our business may be adversely affected.",0,0,CRCT_10-Q_Risk Factors_0022
"The trading market for our common stock depends, in part, on the research and reports that securities or industry analysts publish about us or our business.",0,0,PRLB_10-K_Risk Factors_0243
"In the United States, the Alternative Reference Rates Committee, a committee convened by the Federal Reserve Board and the Federal Reserve Bank of New York, recommended SOFR plus a recommended spread adjustment as LIBOR's replacement.",0,0,LCUT_10-K_Risk Factors_0085
"In the event that these risks materialize, we may not be able to fully realize the benefit of our investments, and our operating results could be adversely affected.",0,0,VYX_10-K_Risk Factors_0046
"We are subject to governmental regulation and other legal obligations, particularly related to privacy, data protection and information security, and our actual or perceived failure to comply with such obligations could harm our business.",0,0,EVLV_10-K_Risk Factors_0388
"A reconciliation of the beginning and ending amount of gross unrecognized tax benefits is as follows: Year Ended December 31, 2022 2021 (in thousands) Unrecognized tax benefits at beginning of year $ 2,379 $ 3,318 Reductions based on prior year tax positions ( 227 ) — Additions based on prior year tax provisions 296 593 Additions based on current year tax provisions 1,787 1,431 Reductions due to tax authorities’ settlements — ( 2,824 ) Reductions due to expirations of statutes of limitation ( 247 ) ( 139 ) Unrecognized tax benefits at end of year $ 3,988 $ 2,379 The Company’s practice is to recognize interest and/or penalties related to income tax matters in income tax expense.",1,0,CRCT_10-K_MD&A_0610
"If a competitor or collaborator files a patent application claiming technology also claimed by the Company, or a trademark application claiming a trademark, service mark or trade dress also used by the Company, in order to protect the Company’s rights, the Company may have to participate in opposition or interference proceedings before the U.S.",1,0,LCUT_10-K_Risk Factors_0286
"To this end, our people strategy is grounded in the intention to hire, engage and retain the best talent to support our vision of creating breakthrough innovation that enables the world to actualize its aspirations.",0,0,WDC_10-K_Risk Factors_0075
"The Company manufactures and distributes a full line of agricultural equipment; a variety of commercial and consumer equipment; and a broad range of equipment for construction, roadbuilding, and forestry.",0,0,DE_10-Q_MD&A_0001
The effects of acquisitions and currency exchange rates are removed to allow investors and the Company to meaningfully evaluate the percentage changes in net sales on a comparable basis from period to period.,0,0,PH_10-Q_MD&A_0059
"In the past, when we have become aware of such products, we have employed technological or legal measures in an attempt to halt their distribution, and we plan to continue to employ such measures in the future.",0,0,CRCT_10-K_Risk Factors_0134
"The failure of customers to provide the Company’s products with similar or better levels of promotional support and retail space as competitors receive could have a material adverse effect on the Company’s business, results of operations and financial condition.",0,0,LCUT_10-K_Risk Factors_0205
"However, we are seeing improvements in logistics constraints and supply availability and expect these trends to continue.",0,0,HPQ_10-Q_MD&A_0046
The timing and amount of any share repurchases will be determined by our management based on market conditions and other factors.,0,0,PRLB_10-Q_Risk Factors_0127
"In addition, we may redeem their warrants at any time prior to their expiration at a price of $0.10 per warrant upon a minimum of 30 days’ prior written notice of redemption provided that holders will be able to exercise their warrants prior to redemption for a number of shares of our common stock determined based on the redemption date and the fair market value of our common stock.",1,0,VELO_10-K_Risk Factors_0566
"DRE, WCC, and PRI contributed to 32%, 31% and 25% of the increase in revenues, respectively.",0,0,WFRD_10-Q_Risk Factors_0022
"In 2017, we launched an on-demand manufacturing injection molding service.",0,0,PRLB_10-Q_Risk Factors_0022
"The effective interest rate for the 2022 Credit Facility and the Term Loan B was 8.53% at November 30, 2022.",0,0,AZZ_10-Q_Risk Factors_0099
Non-compliance with the EU GDPR and UK GDPR can trigger steep fines of up to the greater of (i) 4% of total worldwide annual turnover and (ii) €20 million.,0,0,EVLV_10-K_Risk Factors_0434
"These adjusted metrics are consistent with how management views our business and are used to make financial, operating and planning decisions.",0,0,XYL_10-Q_MD&A_0039
"Competition In identifying, evaluating and selecting a target business, such as Drilling Tools, we may encounter intense competition from other entities having a business objective similar to ours.",0,1,DTI_10-K_Risk Factors_0204
"The expenses consist primarily of operating expense, including employee severance, write-down of fixed assets, facility-related charges and goodwill impairment charges.",0,0,PRLB_10-Q_Risk Factors_0057
"We expect our sales and marketing costs will continue to increase during the year ending December 31, 2023 due to an expected increase in customer facing headcount as we build out our sales, business development, and customer support capabilities. 4 Table of Contents General and Administrative General and administrative expenses consist primarily of personnel-related expenses associated with our executive, finance, investor relations, legal, information technology, and human resources functions, as well as professional fees for legal, audit, accounting and other consulting services, stock-based compensation, and sales tax contingencies.",0,0,EVLV_10-Q_MD&A_0083
"Our manufacturing operations in China have been in the past and could in the future be adversely affected by the COVID-19 pandemic and a recent increase of COVID-19 infections in China, changes in the interpretation and enforcement of legal standards, strains on China’s available labor pool, changes in labor costs and other employment dynamics, high turnover among Chinese employees, infrastructure issues, import-export issues, cross-border intellectual property and technology restrictions, currency transfer restrictions, natural disasters, regional or global pandemics, conflicts or disagreements between China and Taiwan or China and the United States, labor unrest, and other trade customs and practices that are dissimilar to those in the United States and Europe.",0,0,LOGI_10-Q_Risk Factors_0054
"Throughout our history, we have been committed to building a welcoming and inclusive workplace that respects every team member’s unique perspective.",0,0,PH_10-K_Risk Factors_0047
"In addition, due to concerns with the security of products and services from certain telecommunications and video providers based in China, the United States government has enacted bans on the use of certain Chinese-origin components or systems either in items sold to the U.S. government or in the internal networks of government contractors and subcontractors (even if those networks are not used for government-related projects).",0,0,CRCT_10-Q_Risk Factors_0591
"On an ongoing basis, management evaluates estimates, including those related to discount and sales incentive allowances, deferred income taxes and uncertain income tax positions, pensions, goodwill, other intangible and long-lived assets, and recoverable indirect taxes.",1,0,AGCO_10-Q_Risk Factors_0002
"While we believe there are numerous target businesses we could potentially acquire with the net proceeds of our IPO and the sale of the private placement warrants, our ability to compete with respect to the acquisition of certain target businesses that are sizable will be limited by our available financial resources.",0,0,AIRJ_10-K_Risk Factors_0097
We have a 40% equity interest in the AIS JV.,0,0,AZZ_10-K_MD&A_0032
"The Fifth Amendment also changed the definition of “LIBOR” (used in calculating interest on Eurodollar Loans), “Monthly Reset LIBOR Rate” (used in calculating interest on LIBOR Loans), and “LIBOR Quoted Rate” (used in the definition of “Base Rate,” which is used in calculating interest on Letters of Credit that are drawn upon and not timely reimbursed).",1,0,TWIN_10-K_MD&A_0424
The amounts settled through the SCF programs and paid to the participating financial intermediaries totaled $184 million during the first nine months of fiscal 2023.,0,0,PH_10-Q_MD&A_0169
The contingent earn-out liability was established in connection with the closing of the Merger.,0,0,EVLV_10-Q_MD&A_0123
"Wherever possible, we will implement price increases to offset the impact of changing prices.",0,0,SXI_10-Q_MD&A_0243
The amount of time they devote in any time period varies based on the stage of the business combination process the company is in.,0,0,DTI_10-K_Risk Factors_0230
"The New Credit Agreement provides for a five-year revolving credit facility (the “Credit Facility”) of up to $ 300.0 million, maturing on August 4, 2027.",0,0,CRCT_10-K_MD&A_0587
"Subsequent to March 31, 2023, the two Company-designated Board members resigned from the Vasconia Board.",0,0,LCUT_10-Q_MD&A_0049
"With long-term energy demand forecast to increase, the conflict in Ukraine has highlighted the need for greater energy security across the globe.",0,0,FTI_10-K_MD&A_0038
We cannot predict the impact on the Company’s end-markets or input costs nor the ability of the Company to recover cost increases through pricing.,0,0,NNBR_10-Q_Risk Factors_0010
The majority of our products are received and distributed through one of our third-party logistics partners in California.,0,0,CRCT_10-Q_Risk Factors_0538
"Prior to ceasing commercialization of the EksoZeroG support arm and related products and accessories, at the end of the second quarter of 2022, we manufactured and sold our EksoZeroG tool holder, which could mount on an aerial lift platform or scaffolding.",0,0,EKSO_10-Q_MD&A_0033
We do not currently maintain a program to hedge transactional exposures in foreign currencies.,0,0,CRCT_10-K_Risk Factors_0788
These benefits were partially offset by an increase in the valuation allowances on losses from foreign operations.,1,0,PRLB_10-K_Risk Factors_0536
"The amounts actually exchanged at maturity are calculated by reference to the notional amounts and by other terms of the derivative contracts, such as exchange rates.",1,1,WFRD_10-K_MD&A_0107
"In 2021, we augmented our internal manufacturing operations through our acquisition of Hubs to expand the envelope of custom parts we can provide to our customers through a network of premium manufacturing partners in each of our product lines.",0,0,PRLB_10-Q_Risk Factors_0016
The difference between the cost of treasury shares and the option price is recorded in common stock.,1,0,TWIN_10-K_MD&A_0505
Foreign currency changes did not have a material impact on the calculation of these percentages.,0,0,FTEK_10-K_MD&A_0268
"The effective tax rate for the year ended December 31, 2022 differed from the federal statutory rate of 21% as a result of establishing a deferred tax liability associated with a certain book-to-tax timing difference. 17 Table of Contents Liquidity and Sources of Capital At December 31, 2022 , we had cash and cash equivalents of $23,328 (which includes $ 10,768 of cash equivalents) and working capital of $31,059 versus cash and cash equivalents of $35,893 (excluding restricted cash of $1,161 ) and working capital of $38,242 at December 31, 2021 .",1,0,FTEK_10-K_MD&A_0168
"GAAP requires management to make estimates and assumptions that affect the reported amounts of assets and liabilities at the date of the financial statements, the reported amounts of revenues and expenses during the reporting period, and disclosure of contingent assets and liabilities.",1,0,WFRD_10-K_MD&A_0059
"Sales of agricultural equipment are affected by total farm cash receipts, which reflect levels of farm commodity prices, acreage planted, crop yields, and government policies, including global trade policies, the amount and timing of government payments, and policies related to climate change.",0,0,DE_10-K_MD&A_0069
"In December 2022, the Board of Directors authorized the repurchase of up to $18,000 million of additional common stock.",0,0,DE_10-Q_Risk Factors_0023
"Leading indicators are measured using proactive prevention programs that are designed to reduce the overall risks by implementing risk assessments, ergonomic assessments and incident investigation to include detailed root cause corrective action analysis, near-miss corrective actions, and behavioral-based safety programs.",1,1,AGCO_10-K_Risk Factors_0121
"We do not plan to integrate our proprietary software with open-source software in ways that would require the release of our proprietary software's source code to the public; however, our use and distribution of open-source software may entail greater risks than use of third-party commercial software.",0,0,VELO_10-K_Risk Factors_0506
"Expenses related to restricted stock units ""(""RSU's"") are recorded at the Corporate level and are recognized on a straight-line basis over a 3-year vesting period, except for Market Based restricted stock units which are recognized over a derived service period.",1,0,BW_10-Q_MD&A_0082
"Sales of Accounts Receivable Activity related to sales of accounts receivable is as follows: Three Months Ended March 31, (in millions) 2023 2022 Estimated decrease to net operating cash flows (1) $ (87) $ (13) _____________ (1) Represents the difference between current and prior period accounts receivable sales adjusted for the effects of currency.",1,0,XRX_10-Q_MD&A_0200
The $58 million decrease in the use of cash from the prior year period was primarily due to the following: • $47 million decrease from acquisitions. • $8 million decrease reflecting lower capital expenditures.,0,0,XRX_10-Q_MD&A_0185
"While we expect research analyst coverage of our company, if no analysts commence coverage of us, the market price and volume for our shares of common stock could be adversely affected.",0,0,VELO_10-K_Risk Factors_0585
"Valuation of Goodwill for the United States reporting unit Description of the Matter At December 31, 2022, the Company had goodwill of approximately $274 million related to the United States reporting unit.",0,0,PRLB_10-K_MD&A_0278
"Further, Congress and the current administration 31 Table of Contents have each indicated that it will continue to seek new legislative and/or administrative measures to control drug costs, and the current administration recently released a “Blueprint”, or plan, to reduce the cost of drugs.",0,0,EKSO_10-K_Risk Factors_0329
Our long-term growth is dependent upon our ability to increase online sales through the websites of our brick-and-mortar and online retail partners as well as through our own website.,0,1,CRCT_10-Q_Risk Factors_0085
"Any claims or litigation could cause us to incur significant expenses and, if successfully asserted against us, could require that we pay substantial damages or ongoing royalty payments, prevent us from offering our products or services or using certain technologies, force us to implement expensive work-arounds or impose other unfavorable terms.",0,0,CRCT_10-K_Risk Factors_0821
"Stock-Based Compensation We determine our stock-based compensation in accordance with ASC 718, Compensation—Stock Compensation (ASC 718), which requires the measurement and recognition of compensation expense for all share-based payment awards made to employees and non-employee directors based on the grant date fair value of the award.",1,0,PRLB_10-K_Risk Factors_0499
"Management regularly uses our supplemental non-GAAP financial measures internally to understand, manage and evaluate our business and make operating decisions.",0,1,XRX_10-Q_MD&A_0230
"In addition, due to concerns with the security of products and services from certain telecommunications and video providers based in China, the United States government has enacted bans on the use of certain Chinese-origin components or systems either in items sold to the U.S. government or in the internal networks of government contractors and subcontractors (even if those networks are not used for government-related projects).",0,0,CRCT_10-K_Risk Factors_0588
"In many foreign countries, including countries in which we may conduct business, including interacting with governmental officials, it may be a local custom that businesses engage in practices that are prohibited by the FCPA or other applicable laws and regulations.",0,1,CRCT_10-K_Risk Factors_0767
"CONTROLS AND PROCEDURES The Company’s principal executive officer and its principal financial officer have concluded that the Company’s disclosure controls and procedures (as defined in Rules 13a-15(e) and 15d-15(e) of the Securities Exchange Act of 1934, as amended (the Exchange Act)) were effective as of January 29, 2023, based on the evaluation of these controls and procedures required by Rule 13a-15(b) or 15d-15(b) of the Exchange Act.",1,0,DE_10-Q_Risk Factors_0011
Seasonality can also be impacted by the growth in emerging markets and macroeconomic conditions.,0,0,WDC_10-K_Risk Factors_0067
"We have also experienced, and continue to experience, increased inflation, freight, logistics, labor and overhead costs.",0,0,XYL_10-K_MD&A_0023
The Company also estimates inventory and production costs incurred to date.,0,0,PRLB_10-K_Risk Factors_0576
"Asset Impairment During the first quarter of 2023, we determined that internally developed in-process software within our Measurement & Control Solutions segment was impaired as a result of actions taken to prioritize strategic investments and recognized an impairment charge of $2 million.",1,0,XYL_10-Q_Risk Factors_0127
Certain components of our hydraulic turbochargers and circulation booster pumps are custom-made and may not scale or perform as required in production environments.,0,0,ERII_10-K_Risk Factors_0033
"However, for purposes of calculating the excise tax, repurchasing corporations are permitted to net the fair market value of certain new stock issuances against the fair market value of stock repurchases during the same taxable year.",1,0,AIRJ_10-Q_Risk Factors_0014
"Should any of these estimates and assumptions change or prove to have been incorrect, it could have a material impact on our results of operations, financial position and statement of cash flows.",0,0,SMCI_10-Q_MD&A_0027
"If we are unable to sell additional existing and new products to our customers and maintain and grow our customer retention rates, our future revenue and operating results will be harmed.",0,0,EVLV_10-K_Risk Factors_0126
"Approximately 90% of the revenue increase was from intervention services and drilling tools, pressure pumping and artificial lift.",0,0,WFRD_10-Q_MD&A_0073
"These metrics, however, are not measures of financial performance under GAAP and should not be considered a substitute for revenue, operating income, net income, earnings per share (basic and diluted) or net cash from operating activities as determined in accordance with GAAP.",0,0,XYL_10-Q_MD&A_0040
"As of December 31, 2022, we had $5.4 million in variable rate debt outstanding.",0,0,VELO_10-K_MD&A_0194
"Equity Classified Options The Company’s former parent, Cricut Holdings, granted employees of the Company options to purchase zero strike price incentive units.",1,1,CRCT_10-K_MD&A_0697
"Our purchases of products from Ablecom and Compuware combined represented 8.3%, 7.8% and 10.1% of our cost of sales for fiscal years 2022, 2021 and 2020, respectively.",0,0,SMCI_10-K_MD&A_0158
"We fund our liquidity requirements primarily through cash generated from operations, external sources of financing, including our, senior notes, equity offerings, including our Preferred Stock, and revolving credit agreement which are 43 described in the Notes to our Condensed Consolidated Financial Statements included in Part I, Item I of this Quarterly Report in further detail along with other sources of liquidity.",1,0,BW_10-Q_MD&A_0119
"Weighted average remaining lease term and discount rate was as follows: December 31, 2022 2021 Weighted Average Remaining Lease Term - operating leases (years) 2.9 3.1 Weighted Average Remaining Lease Term - finance leases (years) 36.0 1.5 Weighted Average Discount Rate - operating leases 1.6 % 1.6 % Weighted Average Discount Rate - finance leases 5.9 % 0.4 % Supplemental cash flow information related to leases was as follows: Twelve Months Ended December 31, (in thousands) 2022 2021 Cash paid for amounts included in the measurement of lease liabilities: Operating cash flows from operating leases $ 3,778 $ 10,477 Operating cash flows from finance leases $ 95 $ 9 Financing cash flows from finance leases $ 531 $ 552 Lease assets obtained in exchange for new operating lease liabilities $ 898 $ 5,293 Lease assets obtained in exchange for new financing lease liabilities $ 16,167 - 76 Table of Contents Proto Labs, Inc.",1,0,PRLB_10-K_Risk Factors_0838
"Failure to accurately forecast our needs may result in manufacturing delays, increased costs or excess inventory.",0,0,CRCT_10-Q_Risk Factors_0526
"In total, we employ approximately 3,200 full-time employees, part-time employees, and contingent workers worldwide and have sales in more than 100 countries.",0,0,AZTA_10-K_Risk Factors_0008
There can be no assurance that such financing will be available to us on acceptable terms or that such financing will be available at all.,0,0,XYL_10-Q_Risk Factors_0175
"Post sale revenue reflected the following: • Services, maintenance and rentals revenue includes maintenance revenue (including bundled supplies), print and digital services revenue from our Services offerings and rentals.",0,0,XRX_10-Q_MD&A_0061
"Such interruptions may be due to, among other things, industry-wide capacity limitations, temporary closures of our facilities or those of our contract manufacturers or other vendors in our supply chain, restrictions on travel or the import and export of goods and services from certain ports that we use and local quarantines.",0,0,CRCT_10-K_Risk Factors_0492
"The segment’s primary products include crawler dozers and loaders, four-wheel-drive loaders, excavators, skid-steer loaders, milling machines, and log harvesters.",0,0,DE_10-K_Risk Factors_0005
"The Company’s balance sheet remains strong, there are no material off-balance-sheet arrangements, and it continues to have sufficient liquidity for its near-term needs.",0,0,TWIN_10-K_MD&A_0151
Our manufacturing process uses customer 3D CAD models uploaded by the customer to fabricate rapid prototyping sheet metal or end-use production parts and assemblies.,0,0,PRLB_10-Q_MD&A_0041
Adjustments to our derivative assets and liabilities related to credit risk were not material for any period presented.,0,0,FTI_10-Q_MD&A_0103
"As we grow, we continue to implement modifications and upgrades to our systems, including sunsetting the use of internal servers and implementing a company-wide product lifecycle management 26 Table of Contents system.",0,0,CRCT_10-K_Risk Factors_0225
GENERAL Our operations are subject to the cyclical nature of the agricultural industry.,0,0,AGCO_10-Q_MD&A_0000
"Infrastructure Cash Flows Cash flows from operating activities are the principal source of cash used to fund DBMG’s operating expenses, interest payments on debt, and capital expenditures.",0,0,VATE_10-Q_MD&A_0238
These impacts were partially offset by lower supply chain-related costs and benefits associated with pricing actions and cost and productivity savings.,0,0,XRX_10-Q_MD&A_0090
"In addition, any indirect supply chain disruptions due to the conflict in Ukraine may further complicate existing supply chain constraints.",0,0,LCUT_10-K_Risk Factors_0232
"Following the classification of the AIS segment as held for sale, the Company measured the AIS segment at the lower of its carrying amount or fair value.",0,0,AZZ_10-Q_MD&A_0014
"On July 22, 2020, the Company entered into a fifth amendment (the “Fifth Amendment”) to the Credit Agreement that amends the Credit Agreement dated as of June 29, 2018, as amended, between the Company and BMO.",0,0,TWIN_10-K_MD&A_0418
"Total gross profit for the third quarter of fiscal 2023 improved by $1.6 million, or 8.9%, from the third quarter of fiscal 2022 primarily due to the additional sales in the quarter.",0,0,TWIN_10-Q_Risk Factors_0018
We believe our investments in marketable debt instruments are structured to preserve principal and liquidity while at the same time maximizing yields without significantly increasing risk.,1,1,ERII_10-Q_MD&A_0077
"The decrease in Adjusted EBITDA loss was driven by unrepeated expenses related to the settlement with the former CEO recorded in the prior period, a decrease in accounting expenses and a decrease in salaries and benefits and bonus expense.",0,0,VATE_10-Q_MD&A_0134
"FUEL CHEM Technologies The FUEL CHEM technology segment, which uses chemical processes in combination with advanced CFD and CKM boiler modeling, for the control of slagging, fouling, corrosion, opacity and other sulfur trioxide-related issues in coal-fired furnaces and boilers through the addition of chemicals into the furnace using TIFI ® Targeted In-Furnace Injection™ technology.",1,0,FTEK_10-K_MD&A_0028
The industrial wastewater market is evolving and covers a wide range of industries and geographies and utilizes a variety of RO technologies.,0,1,ERII_10-K_Risk Factors_0038
Stainless steel and aluminum are the major raw materials used in the manufacture of marine components.,0,0,CIX_10-K_Risk Factors_0020
"Selling, general, administrative and research and development costs of $216 million in the three months ended March 31, 2023, increased $17 million, or 9% compared to $199 million in the three months ended March 31, 2022, primarily reflecting an increase in research and development investment in newer technologies.",0,0,WFRD_10-Q_Risk Factors_0031
"For example, in August 2011, the Budget Control Act of 2011, among other things, created measures for spending reductions by Congress.",0,0,EKSO_10-K_Risk Factors_0323
A number of states have enacted or are considering legislation or executive actions that would regulate the conduct of broadband providers.,0,0,CRCT_10-K_Risk Factors_0332
"The recent global economic decline and armed conflicts in Ukraine may have a negative economic impact on these and other countries, which may impact the levels of spending on, timing of, and availability of project financing for new desalination and retrofit projects.",0,0,ERII_10-K_Risk Factors_0026
"This metric is a key indicator of our engagement with users, which helps drive sales of subscriptions and accessories and materials.",0,0,CRCT_10-Q_MD&A_0046
"The technology stack leverages the core technologies mentioned in the previous sentence across the enterprise, including digital capabilities, automation, autonomy, and alternative propulsion technologies.",1,0,DE_10-K_MD&A_0018
"We are also encouraged by the pace and depth of our business development activities, which reflects an increased focus on global emissions protocols across a variety of fuel sources.",0,0,FTEK_10-Q_MD&A_0015
"In fiscal year 2022, the valuation allowance was $23.1 million, Order Rates As of June 30, 2022, the Company’s backlog of orders scheduled for shipment during the next six months (six-month backlog) was $101.2 million or approximately 44% higher than the six-month backlog of $70.3 million as of June 30, 2021.",0,0,TWIN_10-K_MD&A_0069
"Prior to entering into the Second Amendment, the outstanding principal amount of the term loan (the “Term Loan”) under the Credit Agreement was $ 10.8 million.",0,0,TWIN_10-K_MD&A_0407
Claims as a result of our operations could adversely impact the ability of our insurance subsidiary to respond to all claims presented.,0,0,BW_10-K_Risk Factors_0091
Some foreign countries also have compulsory licensing laws under which a patent owner must grant licenses to third parties.,0,0,CRCT_10-Q_Risk Factors_0806
The PPP Loan has a two -year term and bears interest at a rate of 1.0% per annum.,0,0,TWIN_10-K_MD&A_0467
"Stock-based Compensation Stock-based compensation cost for awards is measured as of the grant date based on its fair value, and the amount is expensed ratably over the service period which is typically the vesting period.",1,0,VELO_10-K_MD&A_0288
"By dedicating our business to our customers’ production systems, we expect to be better positioned to identify opportunities to improve customer profitability, productivity, and sustainability. 2.",0,0,DE_10-K_Risk Factors_0016
"If we are not able to comply with the requirements of Section 404 in the future, or if we fail to prevent or detect misstatements in the financial statements we include in our reports filed with the SEC, our business could be harmed and the market price of our common stock could decline.",0,0,PRLB_10-K_Risk Factors_0251
"This standard discusses valuation techniques, such as the market approach (comparable market prices), the income approach (present value of future income or cash flow) and the cost approach (cost to replace the service capacity of an asset or replacement cost).",1,0,IEX_10-Q_MD&A_0101
"A government-mandated or voluntary recall by us could occur as a result of an unacceptable risk to health, component failures, manufacturing errors, design or labeling defects or other deficiencies and issues.",0,0,EKSO_10-K_Risk Factors_0411
"We have from time to time experienced, and we expect to continue to experience, difficulty in hiring and retaining highly skilled employees with appropriate qualifications.",0,0,CRCT_10-Q_Risk Factors_0269
"The ATM company is expected to be a cash-generative business positioned to focus on delivering ATM-as-a-Service to a large, installed customer base across banks and retailers.",0,0,VYX_10-Q_MD&A_0033
"Additionally, the success of our competitors’ R&D efforts, including producing higher performing products or providing products competitive to our new products to our customers before us, may result in loss of business to us.",0,0,OUST_10-K_Risk Factors_0041
"Customer incentive programs are considered variable consideration, which we estimate and record as a reduction to revenue at the time of sale based on negotiated terms, historical experiences, forecasted incentives, the anticipated volume of future purchases, and inventory levels in the channel.",1,0,LOGI_10-K_MD&A_0054
"Depreciation and Amortization Depreciation and amortization was $80 million in the three months ended March 31, 2023 compared to $87 million in the three months ended March 31, 2022, respectively.",0,0,WFRD_10-Q_Risk Factors_0073
Those withheld shares of common stock are not considered common stock repurchases under an authorized common stock repurchase plan.,1,0,VATE_10-K_MD&A_0003
We are required at least annually to test the recoverability of goodwill.,0,0,BALL_10-K_Risk Factors_0043
"Over the past several years, we have experienced rapid growth.",0,0,PRLB_10-K_Risk Factors_0144
"At the end of each offering period, employees are able to purchase shares at 85% of the lower of the fair market value of our common stock on the first trading day of the offering period or on the last trading day of the offering period.",0,0,PRLB_10-K_MD&A_0210
"We expect our capital expenditures, to decrease in the remainder of 2023 as we intend to limit the number of 3D Printer systems as equipment for lease to customers and have completed the build out of our manufacturing facility. 42 Financing Activities Net cash provided by financing activities during the three months ended March 31, 2023 was $15.0 million, consisting of proceeds of $10.5 million from the ATM Offering, net of issuance costs, $5.0 million drawn from our revolver facility, and $0.3 million from the issuance of common stock upon exercise of stock options, partially offset by $0.7 million in repayment of equipment loans.",0,0,VELO_10-Q_MD&A_0183
"Realized and unrealized foreign exchange gain for the three and nine months ended March 31, 2022 was $4.6 million and $3.9 million, respectively.",0,0,SMCI_10-Q_MD&A_0148
Economic concerns and other issues such as reduced access to capital for businesses may cause product developers and engineers to further delay or reduce the product development projects that our business supports.,0,0,PRLB_10-K_Risk Factors_0055
"If we fail to comply with these laws and regulations, penalties could be imposed, including substantial monetary fines and/or denial of export privileges.",0,0,OUST_10-K_Risk Factors_0387
"Accounting Standards Issued Not Yet Adopted Evaluations of all other new accounting pronouncements that have been issued, but not yet effective are on-going, and at this time are not expected to have a material impact on our Consolidated Financial Statements.",1,0,WFRD_10-K_MD&A_0161
"Talent Attraction, Development and Engagement Foundational to our people strategy is the attraction, development and engagement of our employees.",0,0,WDC_10-K_Risk Factors_0105
"Our lease contracts permit customers to pay for equipment over time rather than at the date of installation; therefore, we maintain a certain level of debt (that we refer to as financing debt) to support our investment in these lease contracts, which are reflected in Total finance assets, net.",0,0,XRX_10-Q_MD&A_0197
These amounts represented 25 % and 20 % of Fuel Tech’s total revenues for the respective periods of time.,0,0,FTEK_10-K_MD&A_0267
"Our sales of our products have been in the past and may in the future be less than we expect due to a decline in business or economic conditions in one or more of the countries or regions, a greater decline than we expect in demand for our products, our inability to successfully execute our sales and marketing plans, or for other reasons.",0,0,LOGI_10-Q_Risk Factors_0029
"On occasion, performance surety bonds and bank performance guarantees/letters of credit are issued to the customer in support of the construction contracts as follows: • in support of the warranty period defined in the contract; or • in support of the system performance criteria that are defined in the contract.",0,0,FTEK_10-K_MD&A_0612
"The 2022 SVB Credit Agreement includes certain customary covenants, including a covenant that requires the Company to maintain all of its operating accounts, depository accounts and excess cash with SVB.",0,1,EVLV_10-K_MD&A_0204
Fair Market Value of Target Business or Businesses The target business or businesses or assets with which we effect our initial business combination must have an aggregate fair market value of at least 80% of the assets held in the trust account (excluding any taxes payable) at the time of the agreement to enter into such initial business combination.,1,0,DTI_10-K_Risk Factors_0004
"Further, Section 102(b)(1) of the JOBS Act exempts emerging growth companies from being required to comply with new or revised financial accounting standards until private companies (that is, those that have not had a Securities Act registration statement declared effective or do not have a class of securities registered under the Exchange Act) are required to comply with the new or revised financial accounting standards.",1,0,VELO_10-K_Risk Factors_0524
"The change at constant currency 1 reflected the following: • Entry - The increase was driven by strength in color devices and overall price increases. • Mid-range - The increase was primarily driven by our higher margin A3 devices due to improved product availability, price increases, and a strong backlog going into the quarter. • High-end - The increase was driven by strong performance in entry production color, improved product availability, as well as benefits from price increases. _____________ (1) Refer to the “Non-GAAP Financial Measures” section for an explanation of the non-GAAP financial measure.",0,0,XRX_10-Q_MD&A_0157
"In addition, the Company serves procurement and supply chain professionals seeking to manufacture custom parts on-demand.",0,0,PRLB_10-K_Risk Factors_0610
"For an annual subscription fee, Cricut Access Premium includes all of the benefits of Cricut Access as well as additional discounts and preferred shipping.",0,0,CRCT_10-Q_MD&A_0062
"Other income, net decreased by $0.8 million during the three months ended March 31, 2023, compared to the three months ended March 31, 2022, due to lower noncash derivative mark-to-market gains recognized during the current quarter compared with the first quarter of 2022.",1,1,NNBR_10-Q_Risk Factors_0024
"The New Credit Agreement and related loan documents could have important consequences to us, including the following: • limitations on our ability to make acquisitions or declare dividends on our capital stock; • impaired ability to obtained additional financing for acquisitions, dividends, capital expenditures, working capital or general corporate purposes; • reduced funds available for our operations and other purposes, as a portion of our cash flow from operations may be dedicated to the payment of principal and interest on, and fees with respect to, our indebtedness; • exposure to the risk of increasing interest rates as certain borrowings are, and will continue to be, at variable rates of interest.",1,1,CRCT_10-K_Risk Factors_0395
"We are committed to achieving highly sustainable manufacturing operations by working to increase the use of renewable electricity through regional and market-specific opportunities, such as green supply contracts.",0,0,AGCO_10-K_Risk Factors_0022
"We, and third parties who work on our behalf, collect data via cookies to track the behavior of visitors to our sites, provide a more personalized and interactive experience and analyze and increase the effectiveness of our marketing.",0,0,CRCT_10-K_Risk Factors_0717
"The Company has international manufacturing operations in Belgium, Italy, the Netherlands and Switzerland.",0,1,TWIN_10-K_Risk Factors_0052
Any delay or failure to obtain necessary regulatory approvals could harm our business.,0,0,EKSO_10-K_Risk Factors_0233
"Health & Safety Our Environmental, Health, and Safety culture is focused on ensuring the health of our employees by eliminating risks of serious injuries, illness and fatalities through the application of rigorous standards, controls, inspections and audits to help ensure that our operations and premises comply with national and local regulations.",0,0,IR_10-K_Risk Factors_0154
The warrants have a five-year term and are exercisable at any time.,0,0,VATE_10-Q_MD&A_0207
"On February 28, 2022, the Company entered into a Second Amended and Restated Forbearance Agreement and Amendment No. 8 to Credit Agreement (the “Second Amended and Restated Forbearance Agreement”) that amended the Credit Agreement dated as of June 29, 2018, as amended between the Company and the Bank.",0,0,TWIN_10-K_MD&A_0116
Our compensation offerings include base pay and short-term and long-term incentive programs.,0,0,XRX_10-K_MD&A_0129
"The Company reviews the collectability of its receivables on an ongoing basis, considering a combination of factors that require judgment and estimates, including among others, our customers’ access to capital, customers’ willingness or ability to pay, customer payment patterns, general economic conditions and geopolitical trends, and our ongoing relationship with our customers.",0,0,EML_10-K_MD&A_0046
"The Convertible Notes were exchanged for 240,000 shares of the Company's 6.0% Series A Convertible Preferred Stock on August 5, 2022, following the receipt of shareholder approval for the issuance of preferred shares.",0,1,AZZ_10-K_MD&A_0080
"Current global economic conditions are highly volatile due to the COVID-19 pandemic, resulting in economic slowdowns that have caused and are likely to continue to cause contractions in some or all the markets we serve.",0,0,EML_10-K_Risk Factors_0006
"We are headquartered in Burlington, Massachusetts and have operations in North America, Asia, and Europe.",0,0,AZTA_10-Q_MD&A_0035
This redemption used net proceeds from our issuance of $ 1.6 billion of 2030 Senior Notes (defined below) and cash on hand.,0,0,WFRD_10-K_MD&A_0225
"On March 27, 2023, First-Citizens Bank & Trust Company (“FCB”) purchased all of the assets and liabilities of SVBB from the FDIC.",0,0,VELO_10-Q_MD&A_0158
We have developed deep relationships with these vendors and Kioxia to establish continuous supply of flash-based memory and controllers.,0,0,WDC_10-K_Risk Factors_0049
Level 3—Unobservable inputs that are supported by little or no market activity and that are significant to the fair value of the assets or liabilities.,0,1,PRLB_10-K_MD&A_0458
"As the Company continues to obtain additional information about these assets and liabilities, including intangible asset appraisals, and continues to integrate the newly acquired business, the Company will refine the estimates of fair value and more accurately allocate the purchase price.",0,1,IEX_10-Q_MD&A_0041
We expect product revenue to decline as a percentage of our overall revenue over time as more customers enter full subscription transactions with us and as our subscription becomes more valuable to our business.,0,0,EVLV_10-K_MD&A_0235
"We had $150.0 million of remaining availability under the Prior Repurchase Program as of June 30, 2022.",0,0,SMCI_10-K_MD&A_0219
"Marketing and sales expense increased $0.6 million, or 0.7%, for 2022 compared to 2021.",0,0,PRLB_10-K_Risk Factors_0403
"The Company also opened an office in Bangalore, India in 2020, which serves as a core IT hub for the Company.",0,0,DE_10-K_MD&A_0281
"If the Company does not properly implement and maintain practices and controls with respect to compliance with applicable anti-corruption, anti-bribery and anti-kickback laws, or if the Company fails to enforce those practices and controls properly, the Company may be subject to regulatory sanctions, including administrative costs related to governmental and internal investigations, civil and criminal penalties, injunctions and restrictions on the Company’s business and capital raising activities, any of which could materially and adversely affect the Company’s business, results of operations and financial condition.",1,0,LCUT_10-K_Risk Factors_0332
"We utilize injection molding, computer numerical control (CNC) machining, 3D printing and sheet metal fabrication to manufacture custom parts for our customers.",0,0,PRLB_10-K_MD&A_0005
"We offer a range of products that help farmers monitor, control and accurately report environmental conditions around animals, facilitating practices that reduce stress, discomfort and disease, and promoting good nutrition and normal animal behavior.",0,0,AGCO_10-K_Risk Factors_0062
The Company believes that Adjusted EBITDA is useful to investors as an indicator of the strength and performance of the Company and its segments’ ongoing business operations and a way to evaluate and compare operating performance and value companies within the Company’s industry.,0,0,IEX_10-Q_Risk Factors_0082
"If we are unable to realize the anticipated benefits from the reduction in force, or if we experience significant adverse consequences from the reduction in force, our business, financial condition, and results of operations may be materially adversely affected.",0,0,OUST_10-K_Risk Factors_0345
"Moreover, if we are not able to meet demand from our key brick-and-mortar and online retail partners, they may limit or eliminate our shelf space, fail to feature our products on their websites or cease to offer our products and instead offer or promote products from our competitors who are able to meet their demands.",0,0,CRCT_10-Q_Risk Factors_0078
We regularly review our portfolio of businesses and pursue growth through acquisitions.,0,0,EML_10-K_Risk Factors_0099
"If we do not execute on these factors successfully, products that we introduce or technologies or standards that we adopt may not gain widespread commercial acceptance, and our business and operating results could suffer.",0,0,LOGI_10-Q_Risk Factors_0017
"None of our officers or directors will indemnify us for claims by third parties including, without limitation, claims by vendors and prospective target businesses.",0,0,AIRJ_10-K_Risk Factors_0153
We may not be able to develop effective strategies to raise awareness among potential customers of the benefits of additive manufacturing technologies or our products may not address the specific needs or provide the level of functionality required by potential customers to encourage the continuation of this shift towards additive manufacturing.,0,0,VELO_10-K_Risk Factors_0151
"We cannot guarantee future results, levels of activity, performance or achievements.",0,0,SMCI_10-K_Risk Factors_0001
"NCR’s reputation is founded upon over 139 years of providing quality products, services and solutions to our customers.",0,0,VYX_10-Q_MD&A_0021
"Interest income Interest income was $202 for the year ended December 31, 2022 compared to $6 for the same period in 2021 .",0,0,FTEK_10-K_MD&A_0161
"As a result, we could lose sales or incur additional costs which could adversely affect our financial performance.",0,0,LOGI_10-K_Risk Factors_0054
"If our third-party logistics partners are unable to adequately staff their third-party logistics facilities to meet demand, or if the cost of such staffing is higher than historical or projected costs due to mandated wage increases, regulatory changes, international expansion or other factors, these effects could be exacerbated and our results of operations could be further harmed.",0,0,CRCT_10-K_Risk Factors_0538
"The Company expects the following recognition of deferred revenue as of December 31, 2022: Year Ended December 31, 2023 2024 2025 Total (in thousands) Revenue expected to be recognized $ 34,869 $ 2,876 $ 913 $ 38,658 The Company’s revenue from contracts with customers disaggregated by major product lines, excluding sales-based taxes, are included in Note 18.",1,0,CRCT_10-K_MD&A_0567
"Thereafter, the 66 FDIC transferred all deposits of SVB to a newly created bridge bank, named SVBB, which has announced that it will be fully honoring existing credit facilities.",0,0,VELO_10-K_MD&A_0206
"We have no plans, arrangements or understandings with any prospective target business concerning a business combination and may be unable to complete our initial business combination.",0,0,AIRJ_10-K_Risk Factors_0007
The increase in sales was primarily due to improved price realization for our superior quality and service.,0,1,AZZ_10-Q_Risk Factors_0054
Level 1 inputs are unadjusted quoted prices in active markets for identical assets or liabilities.,0,0,WFRD_10-K_MD&A_0261
Management must also make uncertain estimates regarding the likelihood and timing of certain future events for application of the Lattice Model for the valuation of certain warrants.,1,0,EKSO_10-Q_Risk Factors_0054
"We assess our SAM and TAM in the United States and Canada, as well as internationally.",0,0,CRCT_10-Q_Risk Factors_0210
"The fair value of each offering period was estimated using the Black-Scholes option pricing model with the following assumptions: Year Ended December 31, 2022 2021 2020 Risk-free interest rate 0.17 - 4.60% 0.06 - 0.17% 0.12 - 0.17% Expected life (months) 6.00 6.00 6.00 Expected volatility 47.05 - 67.84% 53.44 - 65.53% 50.85 - 59.99% Expected dividend yield 0% 0% 0% There are significant differences among option valuation models, and this may result in a lack of comparability with other companies that use different models, methods and assumptions.",1,0,PRLB_10-K_Risk Factors_0515
"Because the Company assumes that the reported amounts of assets and liabilities will be recovered and settled, respectively, a difference between the tax basis of an asset or liability and its reported amount in the balance sheet will result in a taxable or a deductible amount in some future years when the related liabilities are settled or the reported amounts of the assets are recovered, giving rise to a deferred tax asset or liability.",1,1,PRLB_10-K_Risk Factors_0696
"Failure to comply with applicable anti-corruption legislation, export controls, economic sanctions and other governmental laws and regulations could result in fines, criminal penalties and materially adversely affect our business, financial condition and results of operations.",0,0,EVLV_10-K_Risk Factors_0556
"Our business could be materially and adversely affected if our customers become unable to, or otherwise do not, pay their invoices.",0,0,OUST_10-K_Risk Factors_0256
"Likewise, if our consolidated financial statements are not filed on a timely basis, we could be subject to sanctions or investigations by the stock exchange on which our securities are listed, the SEC or other regulatory authorities.",0,0,VELO_10-K_Risk Factors_0295
"For example, on November 14, 2022, we filed with the SEC a shelf registration statement (the “Shelf Registration Statement”) that was subsequently declared effective on November 21, 2022 and permits us to sell from time-to-time additional shares of our common stock or other securities in one or more offerings in amounts, at prices and on the terms that we will determine at the time of offering for aggregate gross sale proceeds of up to $300.0 million, of which we may offer and sell up to $40.0 million shares of our common stock from time to time pursuant to an “at-the-market” offering (the “ATM Offering”) sales agreement (the “ATM Sales Agreement”) we entered into in January 2023 with Needham & Company, LLC (“Needham”), as agent, subject to the terms and conditions described in the ATM Sales Agreement and SEC rules and regulations.",1,1,VELO_10-Q_MD&A_0149
"John Deere has developed a unique, production system-level approach designed to improve customer profitability, productivity, and sustainability.",0,0,DE_10-K_MD&A_0051
We continue to offer our Ownership Works program to grant equity to all new and acquired employees regardless of level in the organization.,0,0,IR_10-K_Risk Factors_0159
"As a result of the transaction, AIS is deconsolidated and the Company's retained 40% interest in the AVAIL joint venture is accounted for under the equity method of accounting.",1,1,AZZ_10-Q_Risk Factors_0127
"However, vandalism, terrorism or a natural or other disaster, such as an earthquake, fire or flood, could damage or destroy our manufacturing equipment or our inventory of component supplies or finished goods, cause substantial delays in our operations, result in the loss of key information and cause us to incur additional expenses.",0,0,VELO_10-K_Risk Factors_0376
"Accordingly, our future success will depend largely on our ability to hire, train, retain, and motivate skilled regional sales managers and direct sales representatives with significant technical knowledge and understanding of our products.",0,0,OUST_10-K_Risk Factors_0206
"Further, some of our products may find their way to unauthorized outlets or distribution channels.",0,0,CRCT_10-Q_Risk Factors_0144
"This may result in more product failures than we anticipate, and may require us to provide warranties for our products beyond our knowledge of their performance.",0,0,OUST_10-K_Risk Factors_0147
"To some 24 Table of Contents extent, this is subject to general economic, financial, competitive, legislative, regulatory and other factors that are beyond our control, including rising interest rates.",0,0,EKSO_10-K_Risk Factors_0140
"Even if foreign patents are granted, effective enforcement in foreign countries may not be available.",0,0,VELO_10-K_Risk Factors_0489
Raw materials needed to manufacture products are obtained from numerous suppliers.,0,0,EML_10-K_Risk Factors_0055
"We have established our operations in the United States, Europe and Japan.",0,0,PRLB_10-K_Risk Factors_0325
"We experienced some inflation in labor, material, freight and other overhead costs related to the manufacturing of our products in 2022, which negatively affected our margin, most notably affecting our hydraulic turbocharger and circulation booster pump product lines.",0,0,ERII_10-K_MD&A_0014
"In addition, even claims that ultimately are unsuccessful could result in our expenditure of funds in litigation, divert or distract management’s time and other resources, and harm our business and reputation.",0,0,EVLV_10-K_Risk Factors_0147
"In November 2022, MediBeacon amended its existing agreements with Huadong Medicine Co.",0,0,VATE_10-Q_MD&A_0025
The initial sales of 3D Printers and Support Services are included in one contract and are invoiced together.,0,0,VELO_10-K_MD&A_0063
"As a result, there have been delays in the implementation of, and action taken to repeal or replace, certain aspects of the ACA.",0,0,EKSO_10-K_Risk Factors_0317
Intercompany transactions primarily relate to intercontinental activity and have been eliminated and are excluded from the reported amounts.,0,0,PRLB_10-K_MD&A_0581
"On November 17, 2022, our board of directors approved a $50 million increase in our authorized stock repurchase program, which increased the total repurchases authorized to $200 million and extended the term of the program through December 31, 2024.",0,0,PRLB_10-Q_MD&A_0133
"Corporate and Other Corporate and other was a net expense of $3 million in the three months ended March 31, 2023 compared to $ 14 million in the three months ended March 31, 2022.",0,0,WFRD_10-Q_MD&A_0076
"An impairment charge for goodwill was recognized for our Europe reporting unit in the fourth quarter of 2022, as it was determined the estimated fair value of the reporting unit, including goodwill, was less than its carrying amount.",1,0,PRLB_10-K_Risk Factors_0378
We continue to monitor our liquidity needs and in response to our recent periods of declines in revenue and net losses have taken measures to reduce expenses and restructure operations which we feel are necessary to ensure we maintain sufficient working capital and liquidity to operate the business and invest in our future.,0,0,FTEK_10-Q_MD&A_0053
We will continue to review our conclusions about the appropriate amount of the valuation allowance on a quarterly basis.,1,0,VELO_10-Q_MD&A_0088
"Backlog Diversified Industrial Segment backlog as of March 31, 2023 increased from the prior-year quarter primarily due to the addition of Meggitt backlog in the first nine months of fiscal 2023 as well as orders exceeding shipments in the North American businesses.",0,0,PH_10-Q_MD&A_0089
"Revenue Disaggregation of Revenue The Company has a comprehensive offering of products, including technologies, built to customers’ specifications that are sold in niche markets throughout the world.",0,0,IEX_10-Q_MD&A_0057
We routinely discuss our critical accounting policies with the Audit Committee of the Board of Directors.,0,0,FTEK_10-K_MD&A_0038
"Net unrealized after-tax losses related to cash flow hedging activities that were included in accumulated other comprehensive loss were ($ 356 ) and $ 678 for the years ended June 30, 2022 and 2021, respectively.",1,0,TWIN_10-K_MD&A_0687
"Redemption of the outstanding warrants could force them to: (i) exercise their warrants and pay the exercise price therefor at a time when it may be disadvantageous for them to do so; (ii) sell their warrants at the then-current market price when they might otherwise wish to hold their warrants; or (iii) accept the nominal redemption price which, at the time the outstanding warrants are called for redemption, is likely to be substantially less than the market value of their warrants.",0,1,VELO_10-K_Risk Factors_0565
"Patent and Trademark Office and various foreign governmental patent agencies require compliance with a number of procedural requirements to complete the patent application process and to maintain issued patents, and noncompliance or non-payment could result in abandonment or lapse of a patent or patent application, resulting in partial or complete loss of patent rights in a relevant jurisdiction.",1,0,CRCT_10-Q_Risk Factors_0803
"The occurrence of any material defects in our connected machines or certain other products, or the flow-down obligations for brick-and-mortar and online retail partner and distributor returns, could result in an increase in product returns or make us liable for damages and warranty claims and/or returns in excess of our current reserves, which could result in an adverse effect on our business prospects, liquidity, financial condition and cash flows if warranty claims were to materially exceed anticipated levels.",0,0,CRCT_10-K_Risk Factors_0339
"To the extent that users of our free design apps do not purchase images, projects or products à la carte or convert to a subscription, our future revenue and results of operations could be harmed.",0,0,CRCT_10-K_Risk Factors_0106
"In fiscal 2023, the Company expects to contribute $0.6 million to its defined benefit pension plans, the minimum contribution required.",0,0,TWIN_10-K_MD&A_0168
These liabilities are reported on the consolidated balance sheet on a contract-by-contract basis at the end of each reporting period.,0,0,FTEK_10-K_MD&A_0494
"Finance leases are included in finance lease assets, current finance lease liabilities and long-term finance lease liabilities in the Consolidated Balance Sheets and are recognized based on the present value of lease payments over the lease term at commencement date.",1,0,PRLB_10-K_Risk Factors_0684
"Management has not yet determined the form such additional financing may take, but management expects that the most likely forms include one or more of the following: (i) underwritten offerings of shares of our common stock (ii) sales of shares of our common stock under an ""at the market"" offering program, (iii) incurring indebtedness with one or more financial institutions, and (iv) the factoring of trade receivables.",0,0,EKSO_10-Q_MD&A_0111
The imposition of additional tariffs or other trade barriers could increase our costs in certain markets and may cause our customers to find alternative sourcing or could make it more difficult for us to sell our products in some markets.,0,0,LCUT_10-K_Risk Factors_0027
"Most members of our management team have limited experience managing a publicly traded company, interacting with public company investors and complying with the increasingly complex laws pertaining to public companies.",0,0,CRCT_10-Q_Risk Factors_0436
"General and administrative expenses increased $0.3 million, or 2%, for the year ended December 31, 2022, compared to the same period of 2021, primarily due to increased compensation and benefits expense, one time expenses for severance costs related to the departure of our Chief Executive Officer in January 2022, and costs related to the relocation of our corporate headquarters and manufacturing facility.",0,0,EKSO_10-K_MD&A_0051
"These factors, coupled with the prospect of decreased business and consumer confidence and increased unemployment resulting from the ongoing COVID-19 pandemic, may precipitate a prolonged economic slowdown and recession. 10 Table of Contents Given the ongoing and dynamic nature of the COVID-19 virus and the worldwide response related thereto, including the emergence of new variants, the distribution and availability of vaccines and the efficacy thereof, it is difficult to predict the full impact of the ongoing COVID-19 pandemic on the Company’s business.",0,0,LCUT_10-K_Risk Factors_0048
"On a constant currency basis, revenue grew 17.4% for the three months ended March 31, 2023.",0,0,XYL_10-Q_MD&A_0065
"The Company also recorded forfeitures of 29,810 and 6,809 shares of previously issued restricted stock in fiscal 2022 and 2021, respectively.",0,0,TWIN_10-K_MD&A_0504
"Year-over-year Wearables, Home and Accessories net sales decreased during the first six months of 2023 due primarily to lower net sales of AirPods ® .",0,1,AAPL_10-Q_MD&A_0041
"On March 3, 2021 the Company submitted its application for forgiveness of the PPP Loan.",0,0,TWIN_10-K_MD&A_0146
We expect that these customer-specific selling price fluctuations combined with our volume-driven product costs may drive fluctuations in revenue and gross margins on a quarterly basis.,0,0,OUST_10-K_MD&A_0065
"We also outsource to Compuware, also a related party, a portion of our design activities and a significant part of the manufacturing of components, particularly power supplies.",0,0,SMCI_10-Q_MD&A_0059
"We generally provide a one-year limited warranty on our connected machines and customer satisfaction guarantees on certain other products, and we permit returns of certain products for a full refund within 15 days of receipt of order.",0,0,CRCT_10-K_Risk Factors_0337
"Moreover, if disputes over intellectual property that we have licensed prevent or impair our ability to maintain our current licensing arrangements on commercially acceptable terms, we may be unable to successfully develop and commercialize the affected devices, which could have a material adverse effect on our business, financial conditions, results of operations and prospects.",0,0,EKSO_10-K_Risk Factors_0214
"The availability of natural gas in great supply has caused, in part, low prices for natural gas in the United States, which has led to more demand for natural gas relative to energy derived from coal.",0,0,BW_10-K_Risk Factors_0119
"The level of service provided by these providers, or regular or prolonged interruptions in that service, could also affect the use of, and our users’ satisfaction with, our products and services and could harm our business and reputation.",0,0,CRCT_10-Q_Risk Factors_0293
EksoNR includes unique features designed specifically to assist physical therapists and other clinicians to teach patients to walk again after suffering a neurological impairment.,0,0,EKSO_10-Q_Risk Factors_0013
"Self-Insurance Liabilities Starting in 2022, the Company began to self-insure for certain employee medical benefits.",0,1,CRCT_10-K_MD&A_0716
"Gain (Loss) on Fair value of Contingent Earnout Liabilities Gain (loss) on valuation of contingent earnout liabilities relates to the changes in fair value of the contingent earnout liabilities in connection with the earnout shares, which are subject to remeasurement at each balance sheet date.",1,0,VELO_10-Q_MD&A_0084
It is not currently possible to reliably project the direct impact of COVID-19 on our operating revenues and expenses.,0,0,VELO_10-K_Risk Factors_0311
"The following is a roll-forward for the three months ended March 31, 2023 and 2022 of employee position eliminations associated with restructuring activities: 2023 2022 Planned reductions - January 1 102 60 Additional planned reductions 73 — Actual reductions and reversals (82) (25) Planned reductions - March 31 93 35 The following table presents expected restructuring spend in 2023 and thereafter relating to actions commenced in 2023: (in millions) Water Infrastructure Applied Water Measurement & Control Solutions Corporate Total Actions Commenced in 2023: Total expected costs $ 1 $ 1 $ 4 $ — $ 6 Costs incurred during Q1 2023 1 1 3 — 5 Total expected costs remaining $ — $ — $ 1 $ — $ 1 During 2023, we also incurred charges of $1 million within the Water Infrastructure segment, related to actions commenced in prior years.",0,1,XYL_10-Q_MD&A_0129
"We balance our manufacturing resources with externally-sourced machinery, components and/or replacement parts to enable us to better control costs, inventory levels and our supply of components.",0,1,AGCO_10-K_MD&A_0021
"The fair value of the consideration paid for this acquisition has been allocated to the assets purchased and liabilities assumed based on their fair values as of the acquisition date, with any excess recorded as goodwill.",1,0,PRLB_10-K_MD&A_0440
"These laws are not consistent, and compliance in the event of a widespread data breach may be difficult and costly.",0,0,EVLV_10-K_Risk Factors_0426
"The following table presents the changes in accumulated other comprehensive loss balances for the years ending December 31, 2022, 2021 and 2020 , respectively: Year Ended December 31, (in thousands) 2022 2021 2020 Balance at beginning of period $ ( 16,817 ) $ ( 3,420 ) $ ( 7,018 ) Foreign currency translation adjustments Other comprehensive (loss) income before reclassifications ( 16,278 ) ( 13,278 ) 3,598 Amounts reclassified from accumulated other comprehensive income (loss) - - - Net current-period other comprehensive (loss) income ( 16,278 ) ( 13,278 ) 3,598 Net unrealized gains (losses) on investments in securities Other comprehensive (loss) income before reclassifications ( 1,260 ) ( 119 ) - Amounts reclassified from accumulated other comprehensive income (loss) - - - Net current-period other comprehensive (loss) income ( 1,260 ) ( 119 ) - Balance at end of period $ ( 34,355 ) $ ( 16,817 ) $ ( 3,420 ) Note 16 – Income Taxes The Company is subject to income tax in multiple jurisdictions and the use of estimates is required to determine the provision for income taxes.",1,0,PRLB_10-K_Risk Factors_0840
"We will comply with the proxy rules or tender offer rules, as applicable, when conducting redemptions in connection with our initial business combination.",0,0,AIRJ_10-K_Risk Factors_0070
"As of December 31, 2022, we had $3.9 million of unrecognized stock-based compensation costs related to unvested stock options that are expected to be recognized over a weighted average period of 2.6 years.",0,0,PRLB_10-K_Risk Factors_0519
"If adequate capacity is not available to us as our users’ usage increases, our network may be 42 unable to achieve or maintain sufficiently high reliability or performance.",0,1,CRCT_10-Q_Risk Factors_0236
We pay a commitment fee of 0.375% for unused capacity under the ABL Facility.,0,0,NNBR_10-Q_Risk Factors_0053
"Of the 2018 senior term loans, we repaid an aggregate amount of €144.5 million in August 2021 and February 2022.",0,0,AGCO_10-Q_MD&A_0119
The Company believes the reasonably possible range of losses for these unresolved legal actions would not have a material effect on its consolidated financial statements. ​ Item 1A.,0,0,DE_10-Q_Risk Factors_0014
"However, we believe it is reasonably likely that these payments may be made within the next twelve months and have classified that portion of these unrecognized tax benefits, including interest, in Income taxes payable on our Condensed Consolidated Balance Sheets as of March 31, 2023.",1,0,WDC_10-Q_MD&A_0172
"Furthermore, transportation costs have fluctuated as a result of a variety of factors, such as capacity shortages, higher fuel prices and labor shortages, and we may not be able to pass such costs on to our brick-and-mortar and online retail partners or users.",0,0,CRCT_10-K_Risk Factors_0581
The 2022 Private Warrants also contain similar provisions on the treatment in the event of a qualifying cash tender offer that preclude us from classifying the 2022 Public Warrants in stockholders' equity.,1,0,VELO_10-K_MD&A_0315
Fiscal Year 2021 Compared with Fiscal Year 2020 The year-over-year increase in net sales in the United States was primarily due to an increase in net sales of our server and storage systems.,0,0,SMCI_10-K_MD&A_0146
Our competitors may also attempt to design around our patents or copy or otherwise obtain and use our proprietary information and other IP.,0,0,VELO_10-K_Risk Factors_0456
"Many accessories and materials produced by our competitors, including the private label products of some of our retail partners, are compatible with our connected machines and are often available for purchase through our retail partners.",0,1,CRCT_10-Q_Risk Factors_0116
We do not believe there is significant risk of loss in the event of non-performance by the counterparties associated with these instruments because these transactions are executed with a diversified group of major financial institutions.,0,0,XRX_10-Q_MD&A_0222
"If our operations are found to be in violation of any of the laws described above or any other governmental regulations that apply to us now or in the future, we may be subject to penalties, including civil and criminal penalties, damages, fines, disgorgement, exclusion from governmental health care programs, additional integrity oversight and reporting obligations, contractual damages, reputational harm and the curtailment or restructuring of our operations, any of which could adversely affect our ability to operate our business and our financial results.",0,0,EKSO_10-K_Risk Factors_0297
"If we were to generate profits in 2023 and beyond, the U.S. valuation allowance position could be reversed in the foreseeable future.",0,0,VELO_10-Q_MD&A_0136
"In addition, complying with export control and sanctions regulations for a particular sale may be time-consuming and create delays in the introduction of our products and solutions in some international markets, and, in some cases, prevent the export of our software and services to some countries altogether.",0,0,OUST_10-K_Risk Factors_0384
Changes in the Company’s customer purchasing practices could materially adversely affect the Company’s operating results.,0,0,LCUT_10-K_Risk Factors_0166
"Dollar appreciates or depreciates in comparison to other currencies in future periods, this will affect our results of operations in future periods as well.",0,0,LOGI_10-K_MD&A_0096
These delays could be lengthy and costly.,0,0,EVLV_10-K_Risk Factors_0084
"These include but are not limited to: inflation; geopolitical uncertainty; supply chain disruptions; energy policies at local and regional levels; and, the price of oil and natural gas.",0,0,WFRD_10-Q_MD&A_0085
"A performance obligation is a promise in a contract to transfer a distinct good or service to the customer, and is the unit of account in ASC 606.",1,1,PRLB_10-K_Risk Factors_0720
"It is possible that governmental and enforcement authorities will conclude that our business practices do not comply with current or future statutes, regulations or case law interpreting applicable fraud and abuse or other healthcare laws and regulations.",0,0,EKSO_10-K_Risk Factors_0296
Some of our arrangements for additive manufacturing solutions contain customer-specific provisions that may impact the period in which we recognize the related revenues under GAAP.,1,0,VELO_10-K_Risk Factors_0234
Environmental Protection Agency (EPA) create its standards and still works with the agency today.,0,0,XRX_10-K_MD&A_0066
"It is possible for our competitors, or new market place entrants, both foreign and domestic, to develop new products, production methods or technology which could make existing products, services or methods obsolete or at least hasten their obsolescence or materially reduce our competitive advantage in the markets that we serve.",0,0,AZZ_10-K_Risk Factors_0019
"These systems provide hens and chicks the freedom of movement along with automated watering, feeding, egg collection, ventilation and cleaning capabilities.",0,0,AGCO_10-K_Risk Factors_0064
Reports from these surveys help equip John Deere to address needs across the employee lifecycle to improve the overall experience and engagement of our workforce.,0,0,DE_10-K_MD&A_0287
"Regulatory, safety or reliability developments, many of which are outside of our control, could also cause delays or otherwise impair commercial adoption of these new technologies, which will adversely affect our growth.",0,0,OUST_10-K_Risk Factors_0188
The increase in cash used during fiscal 2023 was primarily attributable to the Precoat Acquisition completed in the first quarter of fiscal 2023.,0,0,AZZ_10-K_MD&A_0051
"In these instances, we will still contract directly with the reseller to provide a multi-year security-as-a-service subscription to the end-users.",0,0,EVLV_10-Q_MD&A_0045
"The decrease of $256.5 million in cash from investing activities was primarily due to $238.5 million proceeds received from sales of our investment in Technip Energies during 2022 and an increase in capital expenditures during the three months ended March 31, 2023.",0,0,FTI_10-Q_MD&A_0092
We believe that we must continue to upgrade and expand our current third-party contract manufacturer production capability to meet our projected revenue targets and quality control requirements.,0,0,CRCT_10-K_Risk Factors_0484
"Comparison of the First Nine Months of Fiscal 2023 with the First Nine Months of Fiscal 2022 Net sales for the first nine months increased 15.6%, or $26.1 million, to $193.0 million from $166.9 million in the same period a year ago.",0,0,TWIN_10-Q_Risk Factors_0031
The Company believes the reasonably possible range of losses for these unresolved legal actions would not have a material effect on its consolidated financial statements. ​ Item 1A.,0,1,DE_10-Q_MD&A_0144
"Separately, oil-based commodity costs are a significant driver of raw materials and purchased components used within our Packaging segment.",0,0,TRS_10-K_MD&A_0063
We have invested heavily in maturing our information technology and cybersecurity operations and continue to review and improve our safeguards to minimize our exposure to future 39 Table of Contents Management’s Discussion and Analysis of Financial Condition and Results of Operations (continued) attacks.,0,0,AGCO_10-Q_Risk Factors_0032
"PP&E, Net and Operating Lease Assets by Geographic Area As of December 31, 2022 and 2021 the U.S. accounted for 22 % and 23 %, respectively, of our PP&E, Net and operating lease assets identifiable by geography.",0,0,WFRD_10-K_MD&A_0180
"Accordingly, IDEX’s businesses are affected by levels of industrial activity and economic conditions in the U.S. and in other countries where it does business and by the relationship of the U.S. dollar to other currencies.",0,1,IEX_10-K_MD&A_0008
"We believe the use of our in-house manufacturing, assembly and test facilities provides the controls necessary to provide the demanding capabilities, performance and reliability our customers require.",0,0,WDC_10-K_Risk Factors_0054
"The Company organizes its business into the following three reportable segments: Connected Machines, Subscriptions and Accessories and Materials.",0,0,CRCT_10-K_MD&A_0321
The Company generally determines standalone selling price based on the price charged to customers.,0,0,PRLB_10-K_MD&A_0377
"Further, the customer is solely responsible for the accuracy of the operating condition information; typically all performance guarantees and equipment warranties granted by us are voidable if the operating condition information is inaccurate or is not met.",0,0,FTEK_10-K_MD&A_0062
"As of March 31, 2023 and December 31, 2022, total operating lease liabilities were $214 million and $229 million, respectively.",0,0,XRX_10-Q_MD&A_0192
DRE offerings range from early well planning to reservoir management through innovative tools and expert engineering to optimize reservoir access and productivity.,0,0,WFRD_10-K_MD&A_0167
"Notwithstanding such designation, OFAC has issued General License No. 1B, authorizing certain transactions involving the FSB, including all transactions ordinarily incident and necessary to requesting, receiving, utilizing, paying for, or dealing in licenses, permits, certifications, or notifications issued or registered by the FSB for the importation, distribution, or use of information technology products in the Russian Federation, subject to certain limitations.",1,0,SMCI_10-Q_MD&A_0171
"We attempt to cover the increased costs of anticipated changes in labor, material and service costs of long-term contracts, either through estimates of cost increases, which are reflected in the original contract price, or through price escalation clauses.",0,0,BW_10-K_Risk Factors_0007
The consolidated financial statements have been prepared in accordance with accounting principles generally accepted in the U.S. (GAAP).,0,1,FTEK_10-K_MD&A_0271
"As of December 31, 2022, we had gross U.S. federal and state research and development and other tax credit carryforwards of $2.5 million and $1.6 million, respectively, which may be available to offset future tax liabilities and the majority of which begin to expire in 2033 and 2029, respectively.",0,0,EVLV_10-K_Risk Factors_0478
"As the enforcement landscape further develops, and supervisory authorities issue further guidance on international data transfers, we could suffer additional costs, complaints and/or regulatory investigations or fines; we may have to stop using certain tools and vendors and make other operational changes and/or it could otherwise affect the manner in which we provide our services, and could adversely affect our business, operations, and financial condition.",0,0,EVLV_10-K_Risk Factors_0449
We identified impairment indicators that triggered quantitative goodwill assessments.,0,0,WFRD_10-K_MD&A_0197
"The Company excludes the effect of foreign currency translation from organic sales because foreign currency translation is not under management’s control, is subject to volatility and can obscure underlying business trends.",0,0,IEX_10-Q_MD&A_0254
Revenue Recognition Revenue subject to ASC 606 consists of 3D Printer sales and Support Services (recognition of Recurring Payment consisting of payments from lessees of the Company’s equipment discussed below).,1,0,VELO_10-K_MD&A_0243
Most tariffs on China-sourced products have been recovered through price increases.,0,0,EML_10-Q_MD&A_0026
We are committed to fostering a diverse and inclusive workplace that attracts and retains exceptional talent.,0,0,AGCO_10-K_Risk Factors_0085
"Unbilled amounts are recorded as a contract asset when the revenue associated with the contract is recognized prior to billing and derecognized when billed in accordance with the terms of the contract. 12 T a b l e o f C o n t e n t s IDEX CORPORATION NOTES TO CONDENSED CONSOLIDATED FINANCIAL STATEMENTS (Dollars in millions, except per share amounts) (unaudited) The composition of customer receivables was as follows: March 31, 2023 December 31, 2022 Billed receivables $ 428.5 $ 421.3 Unbilled receivables 10.2 10.0 Total customer receivables $ 438.7 $ 431.3 Advance payments, deposits and billings in excess of revenue recognized are included in deferred revenue which is classified as current or noncurrent based on the timing of when the Company expects to recognize the revenue.",1,1,IEX_10-Q_MD&A_0070
"Subsequent to quarter end, on May 8, 2023, INNOVATE drew an additional $8.0 million under the Revolving Credit Agreement, increasing the outstanding balance to $13.0 million.",0,0,VATE_10-Q_MD&A_0188
"While we believe we are well positioned to satisfy our customers’ needs, the level of improvement in our businesses in the future will continue to depend heavily on pricing, volume of work, our ability to offer cost efficient, innovative and effective technology solutions, and our success in gaining market share in new and existing markets.",0,1,WFRD_10-Q_Risk Factors_0085
"The occurrence of any of these risks could negatively affect our international business and consequently our business, operating results, and financial condition.",0,0,OUST_10-K_Risk Factors_0226
"Gain on Sale of Business In the third quarter of 2022, the Company completed the sale of Knight for proceeds of $49.4 million, net of cash remitted, resulting in a pre-tax gain on the sale of $34.8 million.",0,0,IEX_10-K_MD&A_0039
We also believe ARR provides investors with greater transparency to our financial information and of the performance metric used in our financial and operational decision making and allows investors to see our results “through the eyes of management.” We use ARR as a performance metric.,0,0,HPE_10-Q_MD&A_0042
The terms and conditions of any incremental revolving credit facility commitments must be no more favorable than the existing credit facility.,0,0,TRS_10-Q_MD&A_0117
"The overall decrease was primarily driven by the Program License Agreement, which was fully impaired subsequent to the comparable period.",0,0,VATE_10-Q_MD&A_0093
We recognize interest and penalties related to unrecognized tax benefits in income tax expense for all periods presented.,0,0,FTEK_10-K_MD&A_0525
Our lease terms may include options to extend or terminate the lease when it is reasonably certain that we will exercise that option.,0,0,FTEK_10-K_MD&A_0447
"As of December 31, 2022, we employed 609 people, all in the United States.",0,0,CIX_10-K_MD&A_0064
"Legal Proceedings The Company and its subsidiaries are party to legal proceedings arising in the ordinary course of business as described in Note 18 in Part I, Item 1, “Legal Proceedings,” and such disclosure is incorporated by reference into this Item 1, “Legal Proceedings.” The Company’s threshold for disclosing material environmental legal proceedings involving a government authority where potential monetary sanctions are involved is $1.0 million.",1,0,IEX_10-Q_Risk Factors_0119
"Consequences of this indebtedness may require a substantial portion of cash flow from operations to be dedicated to the payment of principal and interest on our debt, thereby reducing our ability to use our cash flow to fund operations, capital expenditures, and future business opportunities.",0,0,OUST_10-K_Risk Factors_0166
"As compared with the statutory U.S. federal income tax rate of 21 percent, the 2022 effective income tax rate was reduced by 3.2 percent for the impact of the U.S. research and development credit and by 2.8 percent for the impact of non-U.S. rate differences including tax holidays.",0,0,BALL_10-K_MD&A_0022
We generally determine standalone selling price based on the price charged to customers.,0,0,PRLB_10-K_MD&A_0421
"Compensation cost, adjusted for estimated forfeitures, is amortized on a straight-line basis over the requisite service period. 40 Table of Contents During the years ended December 31, 2022 and 2021 , there were 45,003 and 50,002 restricted stock units that vested with a grant date fair value of $ 68 and $ 75 , respectively.",1,1,FTEK_10-K_MD&A_0595
"John Deere encourages employees to provide feedback across the enterprise through our internal voluntary employee experience survey, ad-hoc “pulse” surveys, and new-hire and exit surveys.",0,0,DE_10-K_Risk Factors_0286
"Sales and Distributions DBMG obtains contracts through competitive bidding or negotiation, which generally are fixed-price, cost-plus, unit cost, or time and material arrangements.",0,0,VATE_10-K_Risk Factors_0000
"The decrease for the three months ended March 31, 2023, was primarily due to decreased volumes and the pass through of lower aluminum prices, partially offset by the pass-through of inflationary costs. ​ Comparable operating earnings for the three months ended March 31, 2023, were $9 million higher compared to the same period in 2022.",0,0,BALL_10-Q_MD&A_0045
"Our failure to comply with these complex laws and regulations could have a material adverse effect on our business, results of operations, financial condition and cash flows. 27 Table of Contents In the United States, before we can market a new medical device, or a new use of, new claim for or significant modification to an existing product, we must first receive either clearance under Section 510(k) of the FDCA or approval of a PMA application from the FDA, unless an exemption applies.",1,0,EKSO_10-K_Risk Factors_0224
"These values must also take into account our credit standing, thus including the valuation of the derivative instrument and the value of the net credit differential between the counterparties to the derivative contract.",1,0,FTI_10-Q_MD&A_0102
"In addition, instability, liquidity constraints or other distress in the financial markets, including the effects of bank failures or similar adverse developments could impair the ability of one or more of the banks participating in our current credit facilities from honoring their commitments.",1,0,VATE_10-Q_Risk Factors_0010
"We may be subject to warranty claims and brick-and-mortar and online retail partner return policies that could result in significant direct or indirect costs, or we could experience greater product returns than expected, either of which could adversely affect our business, financial condition and results of operations.",0,0,CRCT_10-Q_Risk Factors_0337
"From time to time, we may seek to partner with or acquire, when appropriate, companies that have products, personnel, and technologies that complement our strategic direction.",0,0,LOGI_10-K_MD&A_0007
We may never complete the development of any of our proposed products or product improvements into marketable products.,0,0,EKSO_10-K_Risk Factors_0071
"Recent oil and gas discoveries have been announced by operators in basins near countries such as Suriname, Namibia and Colombia, and we believe additional countries will become producers of deepwater resources during this decade.",0,0,FTI_10-K_MD&A_0068
"Our historical and current efforts to increase revenue have been directed at gaining new customers and selling to our existing customer base by increasing marketing and selling activities, including: • expanding the breadth and scope of our products by adding more sizes and materials to our offerings; • the introduction of our 3D Printing product line through our acquisition of FineLine in 2014; • expanding 3D printing to Europe through our acquisition of Alphaform in October 2015; • the introduction of our Sheet Metal product line through our acquisition of RAPID in 2017; • continuously improving the usability of our product lines such as our web-centric applications; and • providing customers with on-demand access to a global network of premium manufacturing partners through our acquisition of Hubs in January 2021.",0,0,PRLB_10-K_Risk Factors_0351
"Pursuant to the letter agreement entered into in connection with our IPO, our sponsor has agreed that it will be liable to us if and to the extent any claims by a third party (other than our independent auditors) for services rendered or products sold to us, or a prospective target business with which we have discussed entering into a transaction agreement, reduce the amounts in the trust account to below the lesser of (i) $10.10 per public share, or $10.20 or $10.30 per public share, as applicable, if we extend the period of time we will have to complete an initial business combination, and (ii) the actual amount per share held in the trust account as of the date of the liquidation of the trust account if less than $10.10 per public share, or $10.20 or $10.30 per public share, as applicable, if we extend the period of time we will have to complete an initial business combination, due to reductions in the value of the trust assets, in each case net of the interest that may be withdrawn to pay our taxes, if any, provided that such liability will not apply to any claims by a third party or prospective target business that executed a waiver of any and all rights to seek access to the trust account nor will it apply to any claims under our indemnity of the underwriters of our IPO against certain liabilities, including liabilities under the Securities Act.",1,1,AIRJ_10-K_Risk Factors_0147
"Our continued growth and complexity could strain our existing resources, and we could experience ongoing operating difficulties in managing our business across numerous jurisdictions, including difficulties in hiring, training and managing a diffuse and growing employee base.",0,0,CRCT_10-K_Risk Factors_0175
"In addition, we have based many of these forward-looking statements on assumptions about future events that may prove to be inaccurate.",0,1,CR_10-Q_MD&A_0010
Non-lease components that are not fixed are expensed as incurred as variable lease payments.,1,0,CRCT_10-K_MD&A_0418
"In addition, if we do not continue to differentiate our products through distinctive, technologically advanced features, designs, and services that are appealing to our customers and consumers, as well as continue to build and strengthen our brand recognition and our access to distribution channels, our business could be adversely affected.",0,0,LOGI_10-Q_Risk Factors_0018
"Interest Income Interest income of $1.0 million for the three months ended March 31, 2023 related primarily to interest earned on money market funds. $0.1 million interest income was earned for the three months ended March 31, 2022.",0,0,EVLV_10-Q_MD&A_0121
We expect that our operating cash requirements in the near term will continue to exceed cash provided by operations with the additional headcount and product development activities assumed in the HMC Acquisition.,0,0,EKSO_10-Q_Risk Factors_0098
"Other macroeconomic factors also remain dynamic, and any causes of market size contraction, and overall economic slowdowns could reduce the Company’s sales or erode operating margin, in either case reducing earnings.",0,0,EML_10-K_Risk Factors_0008
"Retail economies are impacted by factors such as consumer demand and the condition of the retail industry, which in turn, are affected by general economic factors.",0,0,LCUT_10-K_Risk Factors_0006
"A summary of the Company’s unvested cash-settled restricted stock activity as of March 31, 2023 and changes during the three months ended March 31, 2023 are presented in the following table: Cash-Settled Restricted Stock Shares Weighted-Average Fair Value Unvested at January 1, 2023 57,356 $ 228.33 Granted 19,755 225.66 Vested ( 14,300 ) 230.78 Forfeited ( 1,265 ) 231.03 Unvested at March 31, 2023 61,546 $ 231.03 24 T a b l e o f C o n t e n t s IDEX CORPORATION NOTES TO CONDENSED CONSOLIDATED FINANCIAL STATEMENTS (Dollars in millions, except per share amounts) (unaudited) Total compensation cost for cash-settled restricted stock is recorded in the Condensed Consolidated Statements of Income as follows: Three Months Ended March 31, 2023 2022 Cost of goods sold $ 0.1 $ ( 0.1 ) Selling, general and administrative expenses 1.0 0.5 Total expense before income taxes 1.1 0.4 Income tax benefit — — Total expense after income taxes $ 1.1 $ 0.4 As of March 31, 2023, there was $ 7.0 million of total unrecognized compensation cost related to cash-settled restricted shares that is expected to be recognized over a weighted-average period of 1.2 years.",1,0,IEX_10-Q_MD&A_0151
